timestamp,tank_id,pH,EC_mS_cm,temp_C,do_mg_L,event,is_train,pH_mean,pH_std,dpH,EC_mS_cm_mean,EC_mS_cm_std,dEC_mS_cm,temp_C_mean,temp_C_std,dtemp_C,do_mg_L_mean,do_mg_L_std,ddo_mg_L,temp_do_risk,anom_score_0_1
2025-12-01 00:00:00,TANK_01,5.837,1.579,22.47,8.37,none,True,5.837,0.0,0.0,1.579,0.0,0.0,22.47,0.0,0.0,8.37,0.0,0.0,2.6528925619834713,0.512
2025-12-01 00:10:00,TANK_01,5.843,1.559,22.2,8.02,none,True,5.84,0.004242640687119446,0.0,1.569,0.014142135623730963,0.0,22.335,0.1909188309203688,0.0,8.195,0.247487373415292,0.0,2.7339901477832513,0.3638
2025-12-01 00:20:00,TANK_01,5.845,1.579,22.31,8.15,none,True,5.841666666666666,0.004163331998932216,0.0,1.5723333333333331,0.011547005383792509,0.0,22.326666666666664,0.1357694123627762,0.0,8.18,0.17691806012954153,0.0,2.704242424242424,0.2515
2025-12-01 00:30:00,TANK_01,5.835,1.568,22.06,8.17,none,True,5.841,0.005291502622129089,-0.0019999999999997797,1.5686666666666669,0.010016652800877818,-0.010999999999999899,22.189999999999998,0.1252996408614217,-0.41000000000000014,8.113333333333335,0.08144527815247248,-0.1999999999999993,2.6674727932285367,0.3048
2025-12-01 00:40:00,TANK_01,5.844,1.564,22.4,8.13,none,True,5.841333333333334,0.0055075705472861945,0.001000000000000334,1.5703333333333334,0.007767453465153963,0.0050000000000001155,22.256666666666664,0.176162803489653,0.1999999999999993,8.15,0.020000000000005267,0.11000000000000121,2.7217496962332923,0.2964
2025-12-01 00:50:00,TANK_01,5.845,1.569,22.22,8.25,none,True,5.841333333333334,0.0055075705472861945,0.0,1.5670000000000002,0.002645751311064539,-0.010000000000000009,22.226666666666663,0.1700980109623107,-0.08999999999999986,8.183333333333334,0.0611010092660794,0.09999999999999964,2.6610778443113774,0.2279
2025-12-01 01:00:00,TANK_01,5.837,1.546,22.12,8.1,none,True,5.842,0.004358898943540941,0.0019999999999997797,1.5596666666666668,0.012096831541082698,-0.02200000000000002,22.246666666666666,0.14189197769195297,0.060000000000002274,8.160000000000002,0.07937253933193927,-0.07000000000000028,2.6975609756097563,0.2349
2025-12-01 01:10:00,TANK_01,5.837,1.562,21.9,8.27,none,True,5.839666666666666,0.0046188021535169144,-0.007000000000000561,1.559,0.011789826122551585,-0.0020000000000000018,22.080000000000002,0.16370705543745637,-0.5,8.206666666666665,0.09291573243177671,0.1399999999999988,2.6164874551971327,0.3262
2025-12-01 01:20:00,TANK_01,5.847,1.566,22.1,8.12,none,True,5.840333333333334,0.00577350269189634,0.002000000000000668,1.5579999999999998,0.0105830052442584,-0.0029999999999998916,22.040000000000003,0.1216552506059767,-0.11999999999999744,8.163333333333332,0.09291573243177723,-0.13000000000000078,2.688564476885645,0.1954
2025-12-01 01:30:00,TANK_01,5.841,1.576,21.99,8.32,none,True,5.841666666666666,0.005033222956847009,0.004000000000000448,1.5680000000000003,0.007211102550927488,0.030000000000000027,21.996666666666666,0.10016652800879429,-0.13000000000000256,8.236666666666666,0.10408329997330786,0.22000000000000064,2.6116389548693584,0.3153
2025-12-01 01:40:00,TANK_01,5.844,1.592,21.8,8.11,none,True,5.844,0.0029999999999992997,0.007000000000000561,1.578,0.013114877048603486,0.030000000000000027,21.963333333333335,0.15176736583777428,-0.09999999999999787,8.183333333333332,0.11846237095944646,-0.16000000000000014,2.6552984165651647,0.3203
2025-12-01 01:50:00,TANK_01,5.824,1.581,21.87,8.06,none,True,5.836333333333333,0.010785793124908844,-0.023000000000000576,1.5830000000000002,0.008185352771871402,0.014999999999999902,21.886666666666667,0.09609023536935275,-0.23000000000000043,8.163333333333334,0.1379613472438325,-0.05999999999999872,2.6801470588235294,0.3131
2025-12-01 02:00:00,TANK_01,5.82,1.602,21.8,8.39,none,True,5.8293333333333335,0.01285820101465692,-0.020999999999999908,1.5916666666666668,0.010503967504391335,0.026000000000000023,21.823333333333334,0.040414518843339596,-0.18999999999999773,8.186666666666667,0.17785762095938848,0.07000000000000028,2.567726737338045,0.4265
2025-12-01 02:10:00,TANK_01,5.81,1.577,21.82,8.08,none,True,5.8180000000000005,0.0072111025509272305,-0.034000000000000696,1.5866666666666667,0.013428824718988371,-0.015000000000000124,21.830000000000002,0.036055512754712644,0.019999999999999574,8.176666666666668,0.18502252115170578,-0.02999999999999936,2.6674816625916873,0.3708
2025-12-01 02:20:00,TANK_01,5.812,1.578,21.45,8.43,none,True,5.814,0.005291502622127864,-0.011999999999999567,1.5856666666666666,0.014153915830374062,-0.0029999999999998916,21.689999999999998,0.20808652046686676,-0.4200000000000017,8.299999999999999,0.19157244060668108,0.3699999999999992,2.5146541617819462,0.5607
2025-12-01 02:30:00,TANK_01,5.828,1.584,21.5,8.29,none,True,5.816666666666667,0.009865765724632011,0.008000000000000007,1.5796666666666666,0.0037859388971982232,-0.018000000000000016,21.59,0.20074859899886924,-0.3000000000000007,8.266666666666666,0.17616280348965133,-0.10000000000000142,2.5625744934445773,0.3973
2025-12-01 02:40:00,TANK_01,5.817,1.581,21.42,8.2,none,True,5.819,0.00818535277187167,0.007000000000000561,1.5810000000000002,0.002999999999997304,0.0040000000000000036,21.456666666666667,0.040414518843397515,-0.3999999999999986,8.306666666666667,0.11590225767142662,0.11999999999999922,2.5807228915662654,0.3445
2025-12-01 02:50:00,TANK_01,5.826,1.566,21.31,8.08,none,True,5.823666666666667,0.005859465277081531,0.013999999999999346,1.577,0.009643650760992193,-0.01200000000000001,21.409999999999997,0.09539392014175108,-0.14000000000000057,8.19,0.10535653752853066,-0.34999999999999964,2.6051344743276283,0.3188
2025-12-01 03:00:00,TANK_01,5.832,1.573,21.38,8.58,none,True,5.825,0.007549834435270202,0.0039999999999995595,1.5733333333333333,0.007505553499464209,-0.01100000000000012,21.37,0.05567764362840085,-0.120000000000001,8.286666666666667,0.26102362600602563,0.2900000000000009,2.4631336405529956,0.5118
2025-12-01 03:10:00,TANK_01,5.842,1.564,21.56,8.17,none,True,5.833333333333333,0.008082903768655446,0.024999999999999467,1.5676666666666668,0.0047258156262513324,-0.016999999999999904,21.416666666666668,0.12897028081439377,0.13999999999999702,8.276666666666666,0.2665207934352094,-0.02999999999999936,2.607013301088271,0.3659
2025-12-01 03:20:00,TANK_01,5.85,1.571,21.07,8.48,none,True,5.841333333333332,0.009018499505647684,0.02400000000000002,1.5693333333333335,0.004725815626251264,0.004999999999999893,21.336666666666662,0.24785748593363888,-0.23999999999999844,8.410000000000002,0.21377558326431798,0.40000000000000036,2.4557109557109555,0.5753
2025-12-01 03:30:00,TANK_01,5.854,1.576,21.03,8.48,none,True,5.8486666666666665,0.0061101009266125396,0.02200000000000024,1.5703333333333334,0.006027713773340627,0.0030000000000001137,21.220000000000002,0.29512709126749354,-0.34999999999999787,8.376666666666667,0.17897858344878279,-0.09999999999999964,2.4510489510489513,0.5527
2025-12-01 03:40:00,TANK_01,5.846,1.558,21.22,8.28,none,True,5.8500000000000005,0.004000000000007293,0.004000000000000448,1.5683333333333334,0.009291573243176933,-0.006000000000000005,21.106666666666666,0.10016652800884161,-0.33999999999999986,8.413333333333332,0.11547005383792275,0.10999999999999943,2.532219570405728,0.3286
2025-12-01 03:50:00,TANK_01,5.847,1.577,21.13,8.4,none,True,5.849,0.00435889894354673,-0.0029999999999992255,1.5703333333333334,0.010692676621562994,0.006000000000000005,21.126666666666665,0.09504384952928789,0.05999999999999872,8.386666666666665,0.10066445913694128,-0.08000000000000007,2.4858823529411764,0.3213
2025-12-01 04:00:00,TANK_01,5.858,1.569,21.02,8.46,none,True,5.850333333333334,0.006658328118483651,0.0039999999999995595,1.5679999999999998,0.009539392014168804,-0.007000000000000117,21.12333333333333,0.10016652800884182,-0.010000000000001563,8.38,0.09165151389911473,-0.019999999999999574,2.455607476635514,0.3024
2025-12-01 04:10:00,TANK_01,5.866,1.567,20.43,8.51,none,True,5.856999999999999,0.009539392014174019,0.019999999999999574,1.571,0.005291502622127825,0.008999999999999897,20.86,0.37643060449439397,-0.7899999999999991,8.456666666666667,0.05507570547285193,0.23000000000000043,2.372822299651568,0.6572
2025-12-01 04:20:00,TANK_01,5.868,1.563,20.91,8.4,none,True,5.864,0.0052915026221414035,0.020999999999999908,1.5663333333333334,0.003055050463302078,-0.014000000000000012,20.786666666666665,0.31374086972109533,-0.21999999999999886,8.456666666666665,0.05507570547285193,0.0,2.46,0.4758
2025-12-01 04:30:00,TANK_01,5.871,1.548,20.59,8.47,none,True,5.868333333333333,0.0025166114784538184,0.013000000000000789,1.5593333333333332,0.010016652800877546,-0.020999999999999908,20.643333333333334,0.2444040370643458,-0.4299999999999997,8.459999999999999,0.055677643628291196,0.009999999999999787,2.4025670945157525,0.5208
2025-12-01 04:40:00,TANK_01,5.872,1.549,20.73,8.44,none,True,5.870333333333334,0.002081665999505369,0.006000000000000227,1.5533333333333335,0.008386497083606198,-0.018000000000000016,20.743333333333336,0.16041612554026433,0.3000000000000007,8.436666666666667,0.0351188458428295,-0.07000000000000028,2.427400468384075,0.4221
2025-12-01 04:50:00,TANK_01,5.873,1.55,20.69,8.5,none,True,5.872,0.001000000000087706,0.004999999999999893,1.5490000000000002,0.0010000000000038461,-0.0129999999999999,20.67,0.07211102550939187,-0.21999999999999886,8.47,0.029999999999983488,0.09999999999999964,2.4058139534883725,0.443
2025-12-01 05:00:00,TANK_01,5.868,1.557,20.69,8.42,none,True,5.8709999999999996,0.0026457513110963574,-0.0030000000000001137,1.5520000000000003,0.004358898943541184,0.008999999999999897,20.703333333333333,0.023094010767938548,0.10000000000000142,8.453333333333333,0.041633319989310864,-0.05000000000000071,2.428403755868545,0.3895
2025-12-01 05:10:00,TANK_01,5.864,1.561,20.67,8.31,none,True,5.868333333333333,0.004509249752839319,-0.008000000000000007,1.5559999999999998,0.005567764362830024,0.01200000000000001,20.683333333333334,0.011547005384495672,-0.05999999999999872,8.410000000000002,0.0953939201416893,-0.129999999999999,2.4577883472057076,0.3581
2025-12-01 05:20:00,TANK_01,5.865,1.561,20.45,8.39,none,True,5.865666666666667,0.0020816659994961953,-0.008000000000000007,1.5596666666666668,0.0023094010767579225,0.010999999999999899,20.603333333333335,0.13316656236964852,-0.240000000000002,8.373333333333335,0.05686240703076474,-0.10999999999999943,2.4087161366313308,0.4091
2025-12-01 05:30:00,TANK_01,5.85,1.55,20.3,8.42,none,True,5.859666666666667,0.008386497083610878,-0.018000000000000682,1.5573333333333332,0.006350852961085797,-0.006999999999999895,20.473333333333333,0.18610033136281065,-0.39000000000000057,8.373333333333333,0.05686240703076474,0.0,2.382629107981221,0.4789
2025-12-01 05:40:00,TANK_01,5.845,1.544,20.49,8.43,none,True,5.853333333333333,0.0104083299973324,-0.019000000000000128,1.5516666666666667,0.008621678104251976,-0.016999999999999904,20.413333333333334,0.10016652800884476,-0.18000000000000327,8.413333333333334,0.020816659994640083,0.11999999999999922,2.4021101992966,0.4516
2025-12-01 05:50:00,TANK_01,5.838,1.536,20.27,8.47,none,True,5.844333333333334,0.006027713773339269,-0.027000000000000135,1.5433333333333332,0.007023769168569484,-0.02499999999999991,20.353333333333335,0.11930353445453899,-0.17999999999999972,8.44,0.026457513110632727,0.08000000000000007,2.365227537922987,0.5052
2025-12-01 06:00:00,TANK_01,5.836,1.552,20.56,8.58,none,True,5.839666666666666,0.004725815626246965,-0.013999999999999346,1.5440000000000003,0.008000000000000862,0.0020000000000000018,20.44,0.15132745950426213,0.259999999999998,8.493333333333334,0.0776745346515387,0.16000000000000014,2.368663594470046,0.4831
2025-12-01 06:10:00,TANK_01,5.858,1.54,20.43,8.53,none,True,5.844,0.012165525060594824,0.0129999999999999,1.5426666666666666,0.008326663997865441,-0.0040000000000000036,20.419999999999998,0.14525839046338632,-0.05999999999999872,8.526666666666666,0.05507570547286134,0.09999999999999964,2.3673232908458868,0.4267
2025-12-01 06:20:00,TANK_01,5.863,1.56,20.62,8.52,none,True,5.852333333333334,0.014364307617610192,0.025000000000000355,1.5506666666666666,0.010066445913694603,0.02400000000000002,20.536666666666665,0.09712534856230912,0.3500000000000014,8.543333333333335,0.032145502536647,0.049999999999998934,2.392111368909513,0.5496
2025-12-01 06:30:00,TANK_01,5.87,1.549,20.16,8.57,none,True,5.863666666666667,0.006027713773345616,0.03399999999999981,1.5496666666666667,0.010016652800878153,-0.0030000000000001137,20.403333333333332,0.23115651263450662,-0.3999999999999986,8.54,0.026457513110650498,-0.009999999999999787,2.3252595155709344,0.5972
2025-12-01 06:40:00,TANK_01,5.87,1.535,20.25,8.52,none,True,5.8676666666666675,0.0040414518843346426,0.012000000000000455,1.548,0.012529964086142105,-0.0050000000000001155,20.343333333333334,0.2437895267097115,-0.17999999999999972,8.536666666666667,0.02886751345948496,-0.009999999999999787,2.349187935034803,0.536
2025-12-01 06:50:00,TANK_01,5.88,1.534,20.22,8.5,none,True,5.873333333333334,0.005773502691903094,0.01699999999999946,1.5393333333333334,0.008386497083607433,-0.026000000000000023,20.209999999999997,0.04582575694963755,-0.40000000000000213,8.530000000000001,0.03605551275464145,-0.019999999999999574,2.3511627906976744,0.5354
2025-12-01 07:00:00,TANK_01,5.882,1.522,20.33,8.69,none,True,5.877333333333333,0.0064291005073358705,0.011999999999999567,1.530333333333333,0.007234178138072939,-0.026999999999999913,20.266666666666666,0.05686240703085139,0.16999999999999815,8.57,0.10440306508910747,0.11999999999999922,2.3128555176336745,0.5316
2025-12-01 07:10:00,TANK_01,5.891,1.507,20.23,8.32,none,True,5.884333333333333,0.005859465277093365,0.020999999999999908,1.521,0.013527749258470837,-0.028000000000000025,20.26,0.060827625303053745,-0.019999999999999574,8.503333333333332,0.18502252115170478,-0.1999999999999993,2.4026128266033253,0.4985
2025-12-01 07:20:00,TANK_01,5.873,1.513,20.21,8.43,none,True,5.882000000000001,0.009000000000006217,-0.006999999999999673,1.514,0.0075498344352753705,-0.02100000000000013,20.256666666666664,0.0642910050733524,-0.00999999999999801,8.479999999999999,0.18999999999999873,-0.07000000000000028,2.3692848769050414,0.438
2025-12-01 07:30:00,TANK_01,5.852,1.5,20.22,8.5,none,True,5.872,0.019519221295944307,-0.02999999999999936,1.5066666666666666,0.006506407098653794,-0.02200000000000002,20.22,0.010000000000377771,-0.10999999999999943,8.416666666666666,0.09073771725876957,-0.1899999999999995,2.3511627906976744,0.5806
2025-12-01 07:40:00,TANK_01,5.86,1.515,20.15,8.55,none,True,5.861666666666667,0.010598742063722431,-0.030999999999999694,1.5093333333333334,0.008144527815251722,0.008000000000000007,20.19333333333333,0.03785938897208975,-0.08000000000000185,8.493333333333334,0.060277137733414886,0.23000000000000043,2.329479768786127,0.5437
2025-12-01 07:50:00,TANK_01,5.859,1.51,20.16,8.6,none,True,5.857,0.004358898943535114,-0.014000000000000234,1.5083333333333335,0.007637626158264772,-0.0029999999999998916,20.176666666666666,0.03785938897208135,-0.05000000000000071,8.549999999999999,0.050000000000002126,0.16999999999999993,2.317241379310345,0.5233
2025-12-01 08:00:00,TANK_01,5.849,1.521,20.37,8.47,none,True,5.856000000000001,0.00608276253029349,-0.0030000000000001137,1.5153333333333334,0.005507570547292279,0.020999999999999908,20.22666666666667,0.12423096769059319,0.15000000000000213,8.540000000000001,0.06557438524302063,-0.02999999999999936,2.3768961493582266,0.4387
2025-12-01 08:10:00,TANK_01,5.852,1.506,20.48,8.54,none,True,5.853333333333334,0.0051316014394388815,-0.008000000000000007,1.5123333333333333,0.007767453465158626,-0.008999999999999897,20.336666666666666,0.1625833119767958,0.33000000000000185,8.536666666666667,0.06506407098647748,-0.010000000000001563,2.3703703703703707,0.4726
2025-12-01 08:20:00,TANK_01,5.854,1.507,20.26,8.42,none,True,5.851666666666667,0.0025166114784047878,-0.004999999999999893,1.5113333333333332,0.008386497083610422,-0.0030000000000001137,20.37,0.11000000000005203,0.10000000000000142,8.476666666666667,0.06027713773341296,-0.17999999999999972,2.37793427230047,0.4426
2025-12-01 08:30:00,TANK_01,5.858,1.497,20.27,8.42,none,True,5.854666666666667,0.00305505046329104,0.008999999999999453,1.5033333333333332,0.0055075705472933485,-0.0239999999999998,20.336666666666666,0.12423096769060485,-0.10000000000000142,8.459999999999999,0.06928203230274993,-0.05000000000000071,2.3791079812206575,0.4271
2025-12-01 08:40:00,TANK_01,5.867,1.495,20.26,8.78,none,True,5.859666666666667,0.006658328118475651,0.01499999999999968,1.499666666666667,0.0064291005073350395,-0.010999999999999899,20.263333333333335,0.00577350269266107,-0.21999999999999886,8.54,0.2078460969082656,0.2400000000000002,2.281531531531532,0.6394
2025-12-01 08:50:00,TANK_01,5.876,1.498,20.25,8.39,none,True,5.867,0.008999999999999744,0.02200000000000024,1.4966666666666668,0.0015275252316799854,-0.008999999999999897,20.26,0.010000000000437277,-0.010000000000001563,8.53,0.21702534414210686,-0.02999999999999936,2.385159010600707,0.5311
2025-12-01 09:00:00,TANK_01,5.887,1.513,20.27,8.65,none,True,5.876666666666666,0.0100166528008795,0.028999999999999915,1.502,0.009643650760996969,0.015999999999999792,20.26,0.010000000000437277,0.0,8.606666666666667,0.19857828011475534,0.23000000000000043,2.3165714285714287,0.6319
2025-12-01 09:10:00,TANK_01,5.887,1.495,20.2,7.47,none,True,5.883333333333333,0.00635085296109116,0.019999999999999574,1.502,0.009643650760996969,0.0,20.24,0.036055512754752085,-0.060000000000002274,8.17,0.6199999999999956,-1.3099999999999996,2.668428005284016,0.6601
2025-12-01 09:20:00,TANK_01,5.893,1.486,20.3,7.66,none,True,5.888999999999999,0.0034641016151530945,0.01699999999999946,1.498,0.013747727084870535,-0.01200000000000001,20.256666666666664,0.0513160143945543,0.05000000000000071,7.926666666666666,0.633587668230154,-0.7300000000000004,2.615979381443299,0.6445
2025-12-01 09:30:00,TANK_01,5.885,1.486,20.44,7.56,none,True,5.888333333333333,0.004163331998944497,-0.0019999999999997797,1.4889999999999999,0.005196152422716106,-0.026999999999999913,20.313333333333333,0.12055427546688177,0.1700000000000017,7.563333333333333,0.0950438495291395,-1.0900000000000007,2.668407310704961,0.564
2025-12-01 09:40:00,TANK_01,5.884,1.489,20.3,7.51,none,True,5.887333333333333,0.004932882862325799,-0.0029999999999992255,1.487,0.0017320508075979926,-0.006000000000000005,20.346666666666668,0.08082903768662687,0.10000000000000142,7.576666666666667,0.07637626158249643,0.040000000000000036,2.667542706964521,0.4244
2025-12-01 09:50:00,TANK_01,5.874,1.487,20.33,7.75,none,True,5.881,0.006082762530303674,-0.019000000000000128,1.4873333333333332,0.001527525231684772,0.001000000000000112,20.356666666666666,0.07371114795841108,0.029999999999997584,7.6066666666666665,0.12662279942142451,0.08999999999999986,2.5898089171974523,0.4334
2025-12-01 10:00:00,TANK_01,5.879,1.49,20.3,7.46,none,True,5.8790000000000004,0.005000000000005834,-0.006000000000000227,1.4886666666666668,0.001527525231684021,0.0040000000000000036,20.31,0.017320508076009784,-0.14000000000000057,7.573333333333333,0.1550268793897299,-0.09999999999999964,2.6851851851851856,0.5056
2025-12-01 10:10:00,TANK_01,5.886,1.484,20.39,7.28,none,True,5.879666666666666,0.006027713773346684,0.0019999999999997797,1.487,0.00300000000001679,-0.0050000000000001155,20.34,0.045825756949695075,0.08999999999999986,7.496666666666667,0.23713568549106398,-0.22999999999999954,2.7628726287262872,0.5632
2025-12-01 10:20:00,TANK_01,5.889,1.488,20.56,7.47,none,True,5.884666666666667,0.005131601439454126,0.015000000000000568,1.4873333333333332,0.003055050463320296,0.0009999999999998899,20.416666666666668,0.1320353488023159,0.23000000000000043,7.403333333333333,0.10692676621555368,-0.28000000000000025,2.715984147952444,0.4995
2025-12-01 10:30:00,TANK_01,5.898,1.486,20.28,7.8,none,True,5.890999999999999,0.006244997998404818,0.019000000000000128,1.486,0.0020000000000255343,-0.0040000000000000036,20.41,0.14106735979671328,-0.019999999999999574,7.516666666666666,0.26312227829151447,0.33999999999999986,2.567088607594937,0.5395
2025-12-01 10:40:00,TANK_01,5.912,1.503,20.69,7.2,none,True,5.899666666666666,0.011590225767146942,0.0259999999999998,1.492333333333333,0.009291573243182593,0.018999999999999906,20.51,0.20952326839761923,0.3000000000000007,7.489999999999999,0.30049958402630667,-0.08000000000000007,2.834246575342466,0.6535
2025-12-01 10:50:00,TANK_01,5.902,1.505,20.68,6.99,none,True,5.904,0.007211102550936235,0.0129999999999999,1.498,0.010440306508914636,0.016999999999999904,20.55,0.23388031127057787,0.120000000000001,7.330000000000001,0.4203569911396515,-0.47999999999999954,2.916784203102962,0.7206
2025-12-01 11:00:00,TANK_01,5.897,1.498,20.73,7.64,none,True,5.903666666666667,0.00763762615826704,-0.0009999999999994458,1.502,0.0036055512754750584,0.01200000000000001,20.7,0.02645751311118721,0.4499999999999993,7.276666666666666,0.33171272711988875,-0.16000000000000014,2.678294573643411,0.6074
2025-12-01 11:10:00,TANK_01,5.891,1.502,20.58,7.53,none,True,5.896666666666667,0.005507570547293818,-0.020999999999999908,1.5016666666666667,0.0035118845842956946,-0.0009999999999998899,20.66333333333333,0.07637626158277876,-0.11000000000000298,7.386666666666667,0.347898452617018,0.33000000000000007,2.697247706422018,0.5944
2025-12-01 11:20:00,TANK_01,5.887,1.5,21.03,7.46,none,True,5.891666666666666,0.005033222956854204,-0.015000000000000568,1.5,0.0020000000000208852,-0.004999999999999893,20.78,0.22912878474786022,0.3500000000000014,7.543333333333333,0.09073771725869083,0.46999999999999975,2.781746031746032,0.5891
2025-12-01 11:30:00,TANK_01,5.886,1.509,20.92,7.24,none,True,5.888000000000001,0.0026457513110755533,-0.01100000000000012,1.5036666666666667,0.004725815626260581,0.010999999999999899,20.843333333333334,0.23459184413224313,0.19000000000000128,7.41,0.15132745950415827,-0.39999999999999947,2.8501362397820165,0.6059
2025-12-01 11:40:00,TANK_01,5.876,1.486,20.92,7.35,none,True,5.883,0.006082762530301386,-0.01499999999999968,1.4983333333333333,0.011590225767146188,-0.016000000000000014,20.956666666666667,0.06350852961114203,0.3400000000000034,7.349999999999999,0.10999999999991684,-0.1800000000000006,2.8080536912751684,0.5247
2025-12-01 11:50:00,TANK_01,5.871,1.483,21.05,8.41,none,True,5.877666666666667,0.007637626158261056,-0.015999999999999126,1.4926666666666666,0.014224392195571263,-0.016999999999999904,20.963333333333335,0.0750555349948929,0.019999999999999574,7.666666666666667,0.6460908088909173,0.9500000000000002,2.473560517038778,0.6709
2025-12-01 12:00:00,TANK_01,5.884,1.461,20.85,8.53,none,True,5.877,0.00655743852430346,-0.0019999999999997797,1.4766666666666666,0.013650396819633575,-0.04799999999999982,20.94,0.10148891565109716,-0.07000000000000028,8.096666666666666,0.6494099886307007,1.2899999999999991,2.415990730011588,0.7092
2025-12-01 12:10:00,TANK_01,5.891,1.469,21.08,8.3,none,True,5.882000000000001,0.010148891565094196,0.01499999999999968,1.471,0.011135528725666484,-0.016999999999999904,20.993333333333336,0.12503332889022192,0.1599999999999966,8.413333333333332,0.11503622617824327,0.9500000000000011,2.509523809523809,0.4337
2025-12-01 12:20:00,TANK_01,5.893,1.459,20.99,8.25,none,True,5.889333333333333,0.004725815626260971,0.021999999999999353,1.463,0.005291502622144731,-0.02400000000000002,20.973333333333333,0.11590225767158122,-0.060000000000002274,8.36,0.1493318452306731,-0.16000000000000014,2.5137724550898204,0.3013
2025-12-01 12:30:00,TANK_01,5.895,1.465,21.44,8.32,none,True,5.893,0.002000000000025767,0.010999999999999233,1.4643333333333333,0.005033222956863183,0.0040000000000000036,21.169999999999998,0.23811761799590547,0.5899999999999999,8.290000000000001,0.0360555127545934,-0.20999999999999908,2.5463182897862233,0.4257
2025-12-01 12:40:00,TANK_01,5.9,1.482,21.21,8.23,none,True,5.896,0.003605551275481148,0.009000000000000341,1.4686666666666668,0.011930353445455174,0.0129999999999999,21.213333333333335,0.2250185177566031,0.13000000000000256,8.266666666666667,0.0472581562624854,-0.07000000000000028,2.5462184873949583,0.2866
2025-12-01 12:50:00,TANK_01,5.896,1.48,21.62,8.22,none,True,5.896999999999999,0.0026457513110889376,0.0030000000000001137,1.4756666666666665,0.009291573243184872,0.020999999999999908,21.423333333333336,0.20550750189077358,0.6300000000000026,8.256666666666668,0.05507570547282427,-0.02999999999999936,2.5985576923076925,0.3619
2025-12-01 13:00:00,TANK_01,5.909,1.475,21.5,8.34,none,True,5.901666666666666,0.00665832811849024,0.014000000000000234,1.479,0.0036055512754820016,0.010000000000000009,21.44333333333334,0.21079215671695906,0.05999999999999872,8.263333333333334,0.06658328118476449,0.019999999999999574,2.54739336492891,0.2269
2025-12-01 13:10:00,TANK_01,5.915,1.482,21.43,8.42,none,True,5.906666666666666,0.009712534856230779,0.01499999999999968,1.479,0.0036055512754820016,0.0,21.516666666666666,0.09609023536962598,0.21999999999999886,8.326666666666666,0.10066445913692976,0.1899999999999995,2.5152582159624415,0.2178
2025-12-01 13:20:00,TANK_01,5.925,1.475,21.65,8.14,none,True,5.916333333333333,0.008082903768666879,0.028999999999999915,1.4773333333333334,0.0040414518843439546,-0.004999999999999893,21.526666666666667,0.11239810200083589,0.029999999999997584,8.299999999999999,0.14422205101854893,-0.08000000000000007,2.6274271844660193,0.171
2025-12-01 13:30:00,TANK_01,5.927,1.463,21.74,8.52,none,True,5.9223333333333334,0.006429100507345297,0.017999999999999794,1.4733333333333334,0.009609023536940537,-0.01200000000000001,21.606666666666666,0.15947831618559818,0.23999999999999844,8.360000000000001,0.19697715603591592,0.17999999999999972,2.5220417633410674,0.3319
2025-12-01 13:40:00,TANK_01,5.942,1.47,21.62,8.29,none,True,5.931333333333334,0.009291573243191511,0.027000000000000135,1.4693333333333332,0.006027713773354592,-0.01200000000000001,21.669999999999998,0.06244997998448883,0.19000000000000128,8.316666666666666,0.1913983629327337,-0.13000000000000078,2.5768772348033377,0.2399
2025-12-01 13:50:00,TANK_01,5.954,1.469,21.82,8.05,none,True,5.941,0.013527749258479334,0.028999999999999915,1.4673333333333334,0.003785938897221335,-0.006000000000000005,21.72666666666667,0.10066445913726627,0.1700000000000017,8.286666666666667,0.23501772982762414,-0.08999999999999986,2.6773006134969326,0.2787
2025-12-01 14:00:00,TANK_01,5.946,1.45,22.1,8.21,none,True,5.947333333333333,0.0061101009266323475,0.019000000000000128,1.463,0.011269427669592347,-0.013000000000000123,21.846666666666668,0.2411085509338116,0.360000000000003,8.183333333333334,0.12220201853213898,-0.3099999999999987,2.6594464500601687,0.3144
2025-12-01 14:10:00,TANK_01,5.954,1.448,21.77,8.24,none,True,5.951333333333333,0.004618802153551546,0.011999999999999567,1.4556666666666667,0.011590225767150984,-0.02200000000000002,21.896666666666665,0.1778576209595873,0.14999999999999858,8.166666666666666,0.10214368964027666,-0.049999999999998934,2.6103117505995206,0.1264
2025-12-01 14:20:00,TANK_01,5.948,1.437,22.02,8.19,none,True,5.949333333333333,0.004163331998969409,-0.005999999999999339,1.445,0.00700000000001648,-0.03200000000000003,21.963333333333335,0.1721433511158823,0.1999999999999993,8.213333333333333,0.025166114784162294,0.1399999999999988,2.6562123039806997,0.2145
2025-12-01 14:30:00,TANK_01,5.947,1.429,21.97,8.19,none,True,5.949666666666666,0.003785938897241155,0.001000000000000334,1.438,0.009539392014182753,-0.020999999999999908,21.919999999999998,0.13228756555349802,-0.13000000000000256,8.206666666666665,0.028867513459416388,-0.02000000000000135,2.650180940892642,0.1199
2025-12-01 14:40:00,TANK_01,5.96,1.413,22.08,8.15,none,True,5.951666666666667,0.007234178138092353,0.006000000000000227,1.4263333333333332,0.012220201853227456,-0.03499999999999992,22.02333333333333,0.05507570547352973,0.3099999999999987,8.176666666666666,0.023094010767496044,-0.08999999999999986,2.6763636363636363,0.2466
2025-12-01 14:50:00,TANK_01,5.959,1.407,22.46,8.14,none,True,5.955333333333333,0.007234178138093309,0.010999999999999233,1.4163333333333332,0.01137248140616874,-0.030000000000000027,22.169999999999998,0.257099202643801,0.4400000000000013,8.16,0.02645751311056463,-0.049999999999998934,2.725728155339806,0.3589
2025-12-01 15:00:00,TANK_01,5.949,1.388,22.28,8.28,none,True,5.9559999999999995,0.006082762530325988,0.0019999999999997797,1.4026666666666667,0.013051181300315112,-0.04100000000000015,22.27333333333333,0.19008769905865508,0.3100000000000023,8.19,0.07810249675903992,0.08999999999999986,2.6587112171837712,0.2717
2025-12-01 15:10:00,TANK_01,5.952,1.364,22.2,8.16,none,True,5.953333333333333,0.005131601439478788,-0.008000000000000007,1.3863333333333332,0.021548395145201335,-0.04899999999999993,22.313333333333333,0.13316656236989163,0.120000000000001,8.193333333333333,0.0757187779439765,0.009999999999999787,2.6876513317191284,0.2916
2025-12-01 15:20:00,TANK_01,5.963,1.365,22.45,8.21,none,True,5.954666666666665,0.007371114795854816,0.004000000000000448,1.3723333333333334,0.013576941236293848,-0.04200000000000004,22.310000000000002,0.1276714533483527,-0.010000000000001563,8.216666666666667,0.060277137733384306,0.07000000000000028,2.701564380264741,0.1794
2025-12-01 15:30:00,TANK_01,5.976,1.358,22.56,7.99,none,True,5.963666666666668,0.0120138808606424,0.027000000000000135,1.3623333333333332,0.003785938897262592,-0.029999999999999805,22.403333333333332,0.18448125469384663,0.2799999999999976,8.12,0.11532562594668969,-0.28999999999999915,2.788627935723115,0.3066
2025-12-01 15:40:00,TANK_01,5.966,1.364,22.4,8.13,none,True,5.968333333333334,0.006806859285583473,0.014000000000000234,1.3623333333333332,0.003785938897262592,0.0,22.47,0.08185352771923815,0.1999999999999993,8.110000000000001,0.11135528725658142,-0.02999999999999936,2.7217496962332923,0.0901
2025-12-01 15:50:00,TANK_01,5.969,1.372,22.5,8.13,none,True,5.9703333333333335,0.005131601439486723,0.006000000000000227,1.3646666666666667,0.00702376916860164,0.007000000000000117,22.486666666666665,0.08082903768706982,0.05000000000000071,8.083333333333334,0.0808290376865208,-0.08000000000000007,2.7339003645200486,0.0672
2025-12-01 16:00:00,TANK_01,5.969,1.386,22.61,7.97,none,True,5.968000000000001,0.0017320508076857414,-0.006999999999999673,1.3739999999999999,0.011135528725679564,0.027999999999999803,22.50333333333333,0.10503967504432857,0.05000000000000071,8.076666666666666,0.0923760430703172,-0.020000000000000462,2.8017348203221806,0.1445
2025-12-01 16:10:00,TANK_01,5.974,1.377,22.6,8.17,none,True,5.970666666666666,0.00288675134601889,0.008000000000000007,1.3783333333333332,0.007094598884627448,0.0129999999999999,22.570000000000004,0.060827625303687106,0.20000000000000284,8.090000000000002,0.10583005244256337,0.03999999999999915,2.7327690447400244,0.1273
2025-12-01 16:20:00,TANK_01,5.979,1.346,22.71,7.95,none,True,5.974,0.005000000000041634,0.009999999999999787,1.3696666666666666,0.02098412098072674,-0.026000000000000023,22.64,0.06082762530369222,0.21000000000000085,8.03,0.12165525060594687,-0.1800000000000006,2.8211180124223603,0.2481
2025-12-01 16:30:00,TANK_01,5.986,1.36,23.13,8.05,none,True,5.979666666666667,0.006027713773377363,0.01699999999999946,1.361,0.015524174696275046,-0.0259999999999998,22.813333333333333,0.2797022226107998,0.5199999999999996,8.056666666666667,0.1101514109457021,0.08000000000000096,2.8380368098159505,0.3584
2025-12-01 16:40:00,TANK_01,5.975,1.349,22.82,8.09,none,True,5.9799999999999995,0.00556776436286888,0.0009999999999994458,1.3516666666666668,0.007371114795865285,-0.028000000000000025,22.886666666666667,0.2177919496524669,0.21999999999999886,8.03,0.07211102550925011,-0.08000000000000007,2.7863247863247866,0.1957
2025-12-01 16:50:00,TANK_01,5.989,1.329,23.06,8.09,none,True,5.983333333333333,0.007371114795862427,0.009999999999999787,1.346,0.015716233645517774,-0.017000000000000126,23.003333333333334,0.1625833119770416,0.34999999999999787,8.076666666666666,0.02309401076748435,0.13999999999999968,2.815628815628816,0.2204
2025-12-01 17:00:00,TANK_01,5.992,1.361,23.11,7.99,none,True,5.985333333333333,0.009073771725902844,0.006000000000000227,1.3463333333333332,0.016165807537325067,0.0009999999999998899,22.996666666666666,0.15502687939007173,-0.019999999999999574,8.056666666666667,0.05773502691892317,-0.0600000000000005,2.8566131025957975,0.0925
2025-12-01 17:10:00,TANK_01,5.999,1.355,22.96,8.06,none,True,5.993333333333333,0.00513160143949547,0.02400000000000002,1.3483333333333334,0.017009801096245412,0.006000000000000005,23.043333333333333,0.0763762615831898,0.14000000000000057,8.046666666666667,0.05131601439442514,-0.02999999999999936,2.8137254901960786,0.1152
2025-12-01 17:20:00,TANK_01,6.011,1.454,23.25,7.93,none,True,6.000666666666667,0.009609023536961199,0.02200000000000024,1.39,0.05550675634551541,0.125,23.106666666666666,0.14502873278569306,0.19000000000000128,7.993333333333333,0.06506407098644484,-0.16000000000000014,2.895392278953923,0.3979
2025-12-01 17:30:00,TANK_01,6.028,1.354,23.25,8.04,none,True,6.012666666666667,0.014571661996283668,0.03599999999999959,1.3876666666666668,0.057448527686388536,-0.006999999999999895,23.153333333333332,0.16743157806526274,0.14000000000000057,8.01,0.06999999999996917,0.049999999999998934,2.856265356265357,0.3217
2025-12-01 17:40:00,TANK_01,6.015,1.352,23.45,7.93,none,True,6.018000000000001,0.008888194417351244,0.016000000000000014,1.3866666666666667,0.05832095106677997,-0.0029999999999998916,23.316666666666666,0.11547005383831956,0.48999999999999844,7.966666666666666,0.06350852961082609,-0.13000000000000078,2.920298879202989,0.3601
2025-12-01 17:50:00,TANK_01,6.029,1.361,23.05,8.07,none,True,6.024,0.007810249675949519,0.017999999999999794,1.3556666666666668,0.004725815626300981,-0.09299999999999997,23.25,0.20000000000022752,-0.1999999999999993,8.013333333333334,0.07371114795829112,0.14000000000000057,2.821297429620563,0.213
2025-12-01 18:00:00,TANK_01,6.019,1.363,23.26,7.96,none,True,6.021000000000001,0.0072111025509734635,-0.008999999999999453,1.358666666666667,0.005859465277121112,0.008999999999999897,23.253333333333334,0.2000833159796797,0.010000000000001563,7.986666666666667,0.07371114795829133,-0.07999999999999918,2.8858560794044665,0.0589
2025-12-01 18:10:00,TANK_01,6.019,1.365,23.29,7.82,none,True,6.022333333333333,0.005773502691953411,0.004000000000000448,1.3629999999999998,0.002000000000113113,0.0129999999999999,23.2,0.13076696830656925,-0.16000000000000014,7.95,0.12529964086139977,-0.10999999999999943,2.9406565656565657,0.0468
2025-12-01 18:20:00,TANK_01,6.009,1.374,23.58,7.93,none,True,6.015666666666667,0.005773502691949438,-0.019999999999999574,1.3673333333333335,0.005859465277120777,0.013000000000000123,23.376666666666665,0.1767295485577465,0.5299999999999976,7.903333333333333,0.07371114795829115,-0.14000000000000057,2.936488169364882,0.2306
2025-12-01 18:30:00,TANK_01,6.018,1.383,23.24,7.78,none,True,6.015333333333333,0.005507570547341614,-0.001000000000000334,1.3739999999999999,0.009000000000024743,0.020000000000000018,23.37,0.18357559750710845,-0.020000000000003126,7.843333333333334,0.07767453465151297,-0.17999999999999972,2.9492385786802027,0.0959
2025-12-01 18:40:00,TANK_01,6.018,1.364,23.4,7.79,none,True,6.015000000000001,0.005196152422765179,-0.001000000000000334,1.3736666666666668,0.00950438495294556,-0.0009999999999998899,23.406666666666666,0.1700980109625783,0.10999999999999943,7.833333333333333,0.08386497083603567,-0.03000000000000025,2.9657794676806084,0.0758
2025-12-01 18:50:00,TANK_01,6.012,1.356,23.52,7.85,none,True,6.015999999999999,0.003464101615227333,0.0029999999999992255,1.3676666666666668,0.013868429375159329,-0.018000000000000016,23.386666666666667,0.14047538337169754,-0.05999999999999872,7.806666666666666,0.03785938897194684,-0.08000000000000007,2.958490566037736,0.13
2025-12-01 19:00:00,TANK_01,6.001,1.356,23.84,7.91,none,True,6.010333333333333,0.00862167810428427,-0.01699999999999946,1.358666666666667,0.004618802153566626,-0.026999999999999913,23.58666666666667,0.2274496281233001,0.6000000000000014,7.8500000000000005,0.0599999999999647,0.1299999999999999,2.976279650436954,0.3923
2025-12-01 19:10:00,TANK_01,5.982,1.357,23.81,7.88,none,True,5.998333333333334,0.015176736583791112,-0.03599999999999959,1.3563333333333334,0.0005773502695889294,-0.007000000000000117,23.72333333333333,0.1767295485577579,0.41000000000000014,7.88,0.02999999999992865,0.08999999999999986,2.9837092731829573,0.386
2025-12-01 19:20:00,TANK_01,5.996,1.368,23.66,7.99,none,True,5.992999999999999,0.009848857801817035,-0.015999999999999126,1.3603333333333334,0.006658328118513656,0.01200000000000001,23.77,0.09643650761042705,0.14000000000000057,7.926666666666667,0.056862407030734544,0.14000000000000057,2.9245982694684796,0.1413
2025-12-01 19:30:00,TANK_01,5.999,1.365,23.49,7.93,none,True,5.992333333333334,0.009073771725899564,-0.002000000000000668,1.3633333333333333,0.005686240703117115,0.008999999999999897,23.653333333333332,0.16010413278059993,-0.3500000000000014,7.933333333333333,0.05507570547282091,0.019999999999999574,2.925280199252802,0.1733
2025-12-01 19:40:00,TANK_01,6.004,1.352,23.5,7.92,none,True,5.999666666666667,0.004041451884382849,0.021999999999999353,1.3616666666666666,0.00850490054814212,-0.004999999999999893,23.55,0.0953939201421863,-0.3099999999999987,7.946666666666666,0.03785938897194289,0.040000000000000036,2.930174563591023,0.1601
2025-12-01 19:50:00,TANK_01,6.005,1.349,23.64,7.89,none,True,6.002666666666666,0.00321455025373745,0.008999999999999453,1.3553333333333333,0.008504900548142614,-0.019000000000000128,23.543333333333333,0.0838649708366191,-0.019999999999999574,7.913333333333333,0.020816659994557844,-0.10000000000000053,2.958698372966208,0.1366
2025-12-01 20:00:00,TANK_01,6.002,1.336,23.45,7.95,none,True,6.003666666666667,0.0015275252318073921,0.0030000000000001137,1.3456666666666666,0.008504900548143372,-0.028999999999999915,23.53,0.0984885780184367,-0.03999999999999915,7.919999999999999,0.02999999999992776,0.020000000000000462,2.913043478260869,0.1289
2025-12-01 20:10:00,TANK_01,6.004,1.315,23.66,7.82,none,True,6.003666666666667,0.0015275252318073921,0.0,1.3333333333333333,0.017156145643291393,-0.037000000000000144,23.583333333333332,0.1159022576718279,0.16000000000000014,7.886666666666667,0.065064070986445,-0.09999999999999964,2.9873737373737375,0.263
2025-12-01 20:20:00,TANK_01,5.995,1.326,23.68,7.82,none,True,6.000333333333334,0.0047258156263003505,-0.009999999999999787,1.3256666666666665,0.010503967504416383,-0.02299999999999991,23.596666666666664,0.12741009902447575,0.03999999999999915,7.863333333333333,0.07505553499462453,-0.0699999999999994,2.98989898989899,0.1427
2025-12-01 20:30:00,TANK_01,5.992,1.314,23.63,7.98,none,True,5.997,0.006244997998432899,-0.009999999999999787,1.3183333333333334,0.006658328118517491,-0.02200000000000002,23.656666666666666,0.025166114786085145,0.17999999999999972,7.873333333333334,0.0923760430703182,0.03000000000000025,2.9245049504950495,0.1834
2025-12-01 20:40:00,TANK_01,5.988,1.327,23.64,7.88,none,True,5.991666666666667,0.0035118845843419553,-0.015999999999999126,1.3223333333333334,0.0072341781381050855,0.01200000000000001,23.650000000000002,0.026457513112405236,-0.019999999999999574,7.8933333333333335,0.08082903768652178,0.05999999999999961,2.9624060150375944,0.1696
2025-12-01 20:50:00,TANK_01,5.996,1.31,23.48,7.95,none,True,5.992,0.00400000000005088,0.001000000000000334,1.317,0.008888194417344201,-0.016000000000000014,23.583333333333332,0.08962886439884729,-0.1999999999999993,7.936666666666667,0.0513160143944249,0.1299999999999999,2.9167701863354036,0.1225
2025-12-01 21:00:00,TANK_01,5.997,1.33,23.54,7.95,none,True,5.993666666666667,0.00493288286235777,0.004999999999999893,1.3223333333333334,0.010785793124932243,0.016000000000000014,23.55333333333333,0.08082903768712821,-0.08999999999999986,7.926666666666667,0.040414518843218665,-0.03000000000000025,2.9242236024844717,0.1051
2025-12-01 21:10:00,TANK_01,5.984,1.328,23.39,8.17,none,True,5.992333333333334,0.00723417813809868,-0.004000000000000448,1.3226666666666667,0.011015141094595022,0.001000000000000112,23.47,0.07549834435333065,-0.25,8.023333333333333,0.12701705922169634,0.29000000000000004,2.8282950423216446,0.2221
2025-12-01 21:20:00,TANK_01,5.98,1.329,23.61,7.96,none,True,5.986999999999999,0.008888194417337823,-0.016000000000000014,1.329,0.0010000000002477292,0.018999999999999906,23.513333333333332,0.11239810200099944,0.129999999999999,8.026666666666666,0.1242309676905397,0.009999999999999787,2.9292803970223322,0.1963
2025-12-01 21:30:00,TANK_01,5.967,1.335,23.52,7.9,none,True,5.976999999999999,0.008888194417337198,-0.03000000000000025,1.3306666666666667,0.0037859388972654243,0.004999999999999893,23.506666666666664,0.11060440015400451,-0.019999999999999574,8.01,0.1417744687875601,-0.04999999999999982,2.94,0.1745
2025-12-01 21:40:00,TANK_01,5.972,1.336,23.25,7.91,none,True,5.973,0.006557438524330896,-0.011999999999999567,1.3333333333333333,0.0037859388972652872,0.008000000000000007,23.459999999999997,0.1873499399522028,-0.14000000000000057,7.923333333333333,0.03214550253658393,-0.2599999999999998,2.902621722846442,0.2327
2025-12-01 21:50:00,TANK_01,5.972,1.33,23.45,8.03,none,True,5.9703333333333335,0.0028867513460131273,-0.008000000000000007,1.3336666666666668,0.0032145502537408764,0.001000000000000112,23.406666666666666,0.14011899704689437,-0.16000000000000014,7.946666666666666,0.07234178138067315,0.0699999999999994,2.884378843788438,0.121
2025-12-01 22:00:00,TANK_01,5.976,1.325,23.51,7.93,none,True,5.973333333333334,0.0023094010768389323,0.009000000000000341,1.3303333333333334,0.005507570547330897,-0.010000000000000009,23.403333333333336,0.1361371857114272,-0.00999999999999801,7.956666666666667,0.06429100507325254,0.02999999999999936,2.927770859277709,0.1053
2025-12-01 22:10:00,TANK_01,5.98,1.318,23.29,8.05,none,True,5.976,0.004000000000046697,0.008000000000000007,1.3243333333333334,0.006027713773382638,-0.018000000000000016,23.416666666666668,0.11372481406196058,0.03999999999999915,8.003333333333334,0.0642910050732473,0.14000000000000057,2.8576687116564417,0.1104
2025-12-01 22:20:00,TANK_01,5.988,1.315,23.28,7.98,none,True,5.9813333333333345,0.006110100926638821,0.016000000000000014,1.3193333333333332,0.005131601439494875,-0.015000000000000124,23.36,0.13000000000036316,-0.16999999999999815,7.986666666666667,0.060277137733378026,-0.049999999999998934,2.881188118811881,0.0783
2025-12-01 22:30:00,TANK_01,5.979,1.313,23.18,7.84,none,True,5.982333333333334,0.004932882862354453,0.0030000000000001137,1.3153333333333332,0.002516611478521434,-0.01200000000000001,23.25,0.06082762530376375,-0.33000000000000185,7.956666666666667,0.10692676621561709,-0.08999999999999986,2.9193954659949624,0.1541
2025-12-01 22:40:00,TANK_01,5.981,1.311,23.02,7.93,none,True,5.982666666666667,0.0047258156262926215,0.0009999999999994458,1.313,0.0020000000001229494,-0.007000000000000117,23.16,0.1311487704864062,-0.2699999999999996,7.916666666666667,0.07094598884595173,-0.120000000000001,2.8667496886674972,0.1017
2025-12-01 22:50:00,TANK_01,5.98,1.282,23.18,8.0,none,True,5.98,0.0010000000001843367,-0.008000000000000007,1.3019999999999998,0.0173493515729115,-0.03299999999999992,23.126666666666665,0.09237604307086122,-0.10000000000000142,7.923333333333333,0.08020806277008409,0.019999999999999574,2.8617283950617285,0.204
2025-12-01 23:00:00,TANK_01,5.987,1.276,22.94,8.08,none,True,5.982666666666667,0.003785938897249589,0.008000000000000007,1.2896666666666667,0.018717193521834794,-0.03699999999999992,23.046666666666667,0.12220201853254989,-0.23999999999999844,8.003333333333332,0.07505553499461812,0.2400000000000002,2.8044009779951105,0.2888
2025-12-01 23:10:00,TANK_01,5.974,1.281,22.98,7.91,none,True,5.980333333333333,0.0065064070986762595,-0.006999999999999673,1.2796666666666665,0.0032145502537388806,-0.030000000000000027,23.03333333333333,0.12858201014694753,-0.03999999999999915,7.996666666666667,0.08504900548112526,-0.019999999999999574,2.868913857677903,0.1007
2025-12-01 23:20:00,TANK_01,5.978,1.292,22.99,7.99,none,True,5.979666666666667,0.006658328118507223,-0.002000000000000668,1.283,0.00818535277190182,0.010000000000000009,22.97,0.026457513112472453,-0.19000000000000128,7.993333333333333,0.08504900548112565,-0.009999999999999787,2.841779975278121,0.0896
2025-12-01 23:30:00,TANK_01,5.961,1.3,22.96,7.99,none,True,5.971,0.008888194417335123,-0.0259999999999998,1.2910000000000001,0.009539392014194846,0.02400000000000002,22.97666666666667,0.015275252319685049,0.019999999999999574,7.963333333333334,0.04618802153512484,-0.08999999999999986,2.8380716934487022,0.2009
2025-12-01 23:40:00,TANK_01,5.975,1.284,22.84,8.04,none,True,5.971333333333334,0.009073771725896598,0.0009999999999994458,1.292,0.008000000000030169,0.0030000000000001137,22.929999999999996,0.07937253933254731,-0.14000000000000057,8.006666666666666,0.02886751345939359,0.129999999999999,2.8058968058968063,0.0941
2025-12-01 23:50:00,TANK_01,5.972,1.259,22.89,8.02,none,True,5.969333333333334,0.007371114795855239,-0.005999999999999339,1.281,0.02066397831978349,-0.03300000000000014,22.896666666666665,0.06027713773422016,-0.09999999999999787,8.016666666666667,0.025166114784131523,0.02999999999999936,2.8189655172413794,0.2595
2025-12-02 00:00:00,TANK_01,5.983,1.279,22.76,8.09,none,True,5.976666666666667,0.005686240703110268,0.021999999999999353,1.274,0.013228756555341059,-0.02100000000000013,22.83,0.06557438524375267,-0.1999999999999993,8.049999999999999,0.03605551275455906,0.09999999999999964,2.7789987789987793,0.1774
2025-12-02 00:10:00,TANK_01,5.986,1.28,22.71,8.1,none,True,5.980333333333333,0.007371114795858584,0.01100000000000012,1.2726666666666666,0.01184623709596477,-0.0040000000000000036,22.786666666666665,0.09291573243229084,-0.129999999999999,8.07,0.04358898943533479,0.0600000000000005,2.7695121951219517,0.0832
2025-12-02 00:20:00,TANK_01,5.998,1.271,22.89,8.08,none,True,5.989,0.007937253933222038,0.0259999999999998,1.2766666666666666,0.004932882862364952,0.01200000000000001,22.786666666666665,0.09291573243229084,0.0,8.09,0.009999999999662475,0.0600000000000005,2.7982885085574574,0.1529
2025-12-02 00:30:00,TANK_01,6.001,1.249,22.6,7.98,none,True,5.995,0.00793725393322405,0.018000000000000682,1.2666666666666666,0.015947831618555664,-0.029999999999999805,22.733333333333334,0.14640127504031,-0.16000000000000014,8.053333333333333,0.06429100507323937,-0.10999999999999943,2.7970297029702973,0.1601
2025-12-02 00:40:00,TANK_01,6.008,1.258,22.68,8.05,none,True,6.0023333333333335,0.005131601439496929,0.02200000000000024,1.2593333333333332,0.011060440015378998,-0.02200000000000002,22.723333333333333,0.14977761292472427,-0.030000000000001137,8.036666666666667,0.05131601439441342,-0.049999999999998934,2.7828220858895705,0.103
2025-12-02 00:50:00,TANK_01,6.007,1.262,22.22,8.1,none,True,6.005333333333333,0.0037859388972699957,0.008999999999999453,1.2563333333333333,0.006658328118514094,-0.008999999999999897,22.5,0.2457641145490845,-0.6700000000000017,8.043333333333335,0.060277137733368666,0.019999999999999574,2.709756097560976,0.2406
2025-12-02 01:00:00,TANK_01,6.002,1.267,22.35,8.19,none,True,6.0056666666666665,0.003214550253747012,0.0009999999999994458,1.2623333333333333,0.004509249752875093,0.017999999999999794,22.416666666666668,0.23713568549129962,-0.25,8.113333333333333,0.07094598884592461,0.20999999999999908,2.696019300361882,0.2105
2025-12-02 01:10:00,TANK_01,6.001,1.275,22.61,8.23,none,True,6.003333333333334,0.0032145502537445137,-0.006999999999999673,1.268,0.0065574385243384326,0.016999999999999904,22.393333333333334,0.19857828011499307,-0.07000000000000028,8.173333333333334,0.06658328118473042,0.17999999999999972,2.7142857142857144,0.1483
2025-12-02 01:20:00,TANK_01,6.011,1.286,22.23,8.07,none,True,6.004666666666666,0.005507570547334008,0.004000000000000448,1.2759999999999998,0.009539392014195017,0.02400000000000002,22.396666666666665,0.19425069712469079,0.010000000000001563,8.163333333333334,0.08326663997859558,-0.02999999999999936,2.7209302325581395,0.0721
2025-12-02 01:30:00,TANK_01,6.003,1.288,22.38,8.04,none,True,6.005,0.005291502622179217,0.001000000000000334,1.2830000000000001,0.007000000000035291,0.02100000000000013,22.406666666666666,0.19139836293298954,0.029999999999997584,8.113333333333333,0.10214368964026328,-0.15000000000000036,2.7493857493857496,0.0682
2025-12-02 01:40:00,TANK_01,6.008,1.275,21.99,8.27,none,True,6.0073333333333325,0.004041451884394767,0.006999999999999673,1.283,0.007000000000035291,0.0,22.2,0.19672315572930243,-0.620000000000001,8.126666666666667,0.12503332889004393,0.03999999999999915,2.6272401433691757,0.2048
2025-12-02 01:50:00,TANK_01,6.002,1.267,22.31,8.14,none,True,6.004333333333332,0.003214550253746828,-0.009000000000000341,1.2766666666666666,0.01059874206374608,-0.019000000000000128,22.226666666666663,0.20792626898357164,0.0799999999999983,8.15,0.115325625946673,0.07000000000000028,2.70752427184466,0.1267
2025-12-02 02:00:00,TANK_01,6.002,1.265,22.05,8.1,none,True,6.0040000000000004,0.003464101615214075,-0.001000000000000334,1.269,0.005291502622174116,-0.02300000000000013,22.116666666666664,0.17009801096258761,-0.3299999999999983,8.17,0.08888194417310676,0.0600000000000005,2.689024390243903,0.1136
2025-12-02 02:10:00,TANK_01,6.003,1.275,21.9,7.97,none,True,6.0023333333333335,0.0005773502696383633,-0.004999999999999893,1.269,0.005291502622174116,0.0,22.086666666666662,0.20744477176691756,-0.08999999999999986,8.07,0.08888194417312237,-0.2999999999999998,2.7137546468401483,0.1675
2025-12-02 02:20:00,TANK_01,5.997,1.282,22.0,8.22,none,True,6.000666666666667,0.0032145502537436615,-0.004999999999999893,1.274,0.008544003745345892,0.015000000000000124,21.98333333333333,0.07637626158322293,-0.3099999999999987,8.096666666666666,0.12503332889004684,0.08000000000000007,2.644230769230769,0.0939
2025-12-02 02:30:00,TANK_01,6.012,1.272,21.95,8.21,none,True,6.0040000000000004,0.007549834435305616,0.009999999999999787,1.2763333333333333,0.005131601439494404,0.007000000000000117,21.95,0.050000000000956446,-0.10000000000000142,8.133333333333333,0.1415391583037203,0.11000000000000121,2.641395908543923,0.0369
2025-12-02 02:40:00,TANK_01,6.019,1.243,21.84,8.23,none,True,6.009333333333333,0.011239810200083232,0.016000000000000014,1.265666666666667,0.020256686138996123,-0.031999999999999806,21.929999999999996,0.08185352771930961,-0.05999999999999872,8.22,0.009999999999475618,0.2600000000000007,2.6218487394957983,0.3319
2025-12-02 02:50:00,TANK_01,6.039,1.244,21.55,8.18,none,True,6.023333333333333,0.0140118997046781,0.041999999999999815,1.2530000000000001,0.016462077633167625,-0.038000000000000034,21.78,0.20663978319795154,-0.4499999999999993,8.206666666666667,0.025166114784036422,-0.040000000000000924,2.602657004830918,0.4179
2025-12-02 03:00:00,TANK_01,6.043,1.247,21.52,8.16,none,True,6.033666666666666,0.01285820101468311,0.031000000000000583,1.2446666666666666,0.0020816659995663554,-0.02499999999999991,21.636666666666667,0.17672954855776143,-0.4299999999999997,8.19,0.03605551275450785,-0.05000000000000071,2.6053268765133173,0.259
2025-12-02 03:10:00,TANK_01,6.059,1.244,21.52,8.21,none,True,6.047,0.0105830052442927,0.040000000000000036,1.2449999999999999,0.0017320508076895964,0.0009999999999998899,21.53,0.01732050807848582,-0.3200000000000003,8.183333333333334,0.025166114784050626,-0.019999999999999574,2.589651022864019,0.213
2025-12-02 03:20:00,TANK_01,6.073,1.255,21.34,8.29,none,True,6.058333333333334,0.015011106998955708,0.034000000000000696,1.2486666666666666,0.0056862407031147266,0.010999999999999899,21.459999999999997,0.10392304845460033,-0.21000000000000085,8.22,0.06557438524293902,0.10999999999999943,2.5435041716328968,0.1371
2025-12-02 03:30:00,TANK_01,6.065,1.273,21.46,8.25,none,True,6.065666666666668,0.0070237691686241,0.02200000000000024,1.2573333333333332,0.014640127504013641,0.0259999999999998,21.439999999999998,0.09165151389964749,-0.05999999999999872,8.25,0.03999999999985433,0.08999999999999986,2.5700598802395214,0.093
2025-12-02 03:40:00,TANK_01,6.062,1.278,21.31,8.45,none,True,6.066666666666667,0.005686240703146253,0.0030000000000001137,1.2686666666666666,0.012096831541102093,0.03400000000000003,21.37,0.07937253933255307,-0.21000000000000085,8.33,0.10583005244251538,0.23999999999999844,2.4923976608187135,0.204
2025-12-02 03:50:00,TANK_01,6.053,1.266,21.45,8.24,none,True,6.06,0.0062449979984604,-0.020000000000000462,1.2723333333333333,0.00602771377338112,0.01100000000000012,21.406666666666666,0.08386497083664256,0.10999999999999943,8.313333333333333,0.11846237095938655,-0.049999999999998934,2.5719424460431655,0.0268
2025-12-02 04:00:00,TANK_01,6.068,1.274,21.06,8.29,none,True,6.061,0.007549834435321935,0.0029999999999992255,1.2726666666666668,0.006110100926646736,0.001000000000000112,21.27333333333333,0.19756855350341324,-0.40000000000000213,8.326666666666666,0.10969655114596338,0.03999999999999915,2.5101311084624554,0.1315
2025-12-02 04:10:00,TANK_01,6.069,1.272,21.2,8.26,none,True,6.063333333333333,0.00896288643987592,0.006999999999999673,1.2706666666666666,0.004163331998988891,-0.006000000000000005,21.236666666666665,0.19756855350341382,-0.10999999999999943,8.263333333333334,0.025166114783990296,-0.1899999999999995,2.535885167464115,0.1112
2025-12-02 04:20:00,TANK_01,6.068,1.281,21.26,8.23,none,True,6.0683333333333325,0.0005773502698746953,0.01499999999999968,1.2756666666666667,0.004725815626303697,0.014999999999999902,21.173333333333332,0.10263202878941786,-0.18999999999999773,8.26,0.029999999999795145,-0.009999999999999787,2.5522208883553423,0.0725
2025-12-02 04:30:00,TANK_01,6.067,1.28,20.89,8.47,none,True,6.0680000000000005,0.0010000000003947114,-0.0009999999999994458,1.2776666666666667,0.004932882862365732,0.006000000000000005,21.116666666666664,0.1985782801150022,-0.16999999999999815,8.32,0.13076696830616752,0.1800000000000015,2.4375729288214703,0.1803
2025-12-02 04:40:00,TANK_01,6.073,1.284,20.98,8.45,none,True,6.069333333333333,0.0032145502537882496,0.004000000000000448,1.2816666666666665,0.0020816659995859473,0.01200000000000001,21.043333333333333,0.1929594085123428,-0.21999999999999886,8.383333333333333,0.13316656236952942,0.1899999999999995,2.4538011695906436,0.1971
2025-12-02 04:50:00,TANK_01,6.083,1.296,20.92,8.41,none,True,6.074333333333333,0.008082903768704937,0.015000000000000568,1.2866666666666668,0.008326663997895316,0.015000000000000124,20.930000000000003,0.04582575695065188,-0.33999999999999986,8.443333333333333,0.030550504632761186,0.17999999999999972,2.4582843713278497,0.2309
2025-12-02 05:00:00,TANK_01,6.08,1.292,21.01,8.36,none,True,6.078666666666667,0.005131601439526742,0.0129999999999999,1.2906666666666666,0.006110100926650644,0.01200000000000001,20.970000000000002,0.045825756950649936,0.120000000000001,8.406666666666666,0.04509249752804931,-0.11000000000000121,2.4834515366430265,0.0985
2025-12-02 05:10:00,TANK_01,6.079,1.298,20.93,8.3,none,True,6.080666666666667,0.00208166599966501,0.005999999999999339,1.2953333333333334,0.0030550504633916706,0.014000000000000012,20.953333333333333,0.04932882862417788,-0.05000000000000071,8.356666666666667,0.05507570547272357,-0.14999999999999858,2.4916666666666667,0.0915
2025-12-02 05:20:00,TANK_01,6.073,1.305,20.87,8.36,none,True,6.077333333333333,0.0037859388973081184,-0.009999999999999787,1.2983333333333333,0.006506407098689466,0.008999999999999897,20.936666666666667,0.07023769168639962,-0.05000000000000071,8.340000000000002,0.03464101615116429,-0.05000000000000071,2.466903073286052,0.073
2025-12-02 05:30:00,TANK_01,6.085,1.303,20.53,8.36,none,True,6.079000000000001,0.006000000000068584,0.004999999999999893,1.3019999999999998,0.0036055512755407983,0.010999999999999899,20.776666666666667,0.21571586249841515,-0.4800000000000004,8.340000000000002,0.03464101615116429,0.0,2.426713947990544,0.2609
2025-12-02 05:40:00,TANK_01,6.071,1.314,20.78,8.41,none,True,6.076333333333333,0.007571877794454401,-0.008000000000000007,1.3073333333333332,0.0058594652771310155,0.016000000000000014,20.72666666666667,0.17616280348994207,-0.14999999999999858,8.376666666666665,0.02886751345920894,0.10999999999999943,2.4418331374853115,0.1332
2025-12-02 05:50:00,TANK_01,6.048,1.299,20.66,8.24,none,True,6.0680000000000005,0.018681541692290537,-0.025000000000000355,1.3053333333333332,0.007767453465190427,-0.006000000000000005,20.656666666666666,0.12503332889048607,-0.21000000000000085,8.336666666666666,0.08736894948045754,-0.11999999999999922,2.4772182254196644,0.2272
2025-12-02 06:00:00,TANK_01,6.058,1.298,20.63,8.42,none,True,6.059,0.011532562594703578,-0.027000000000000135,1.3036666666666668,0.008962886439863725,-0.004999999999999893,20.69,0.07937253933258716,0.09999999999999787,8.356666666666667,0.10115993936988182,0.0600000000000005,2.421361502347418,0.1721
2025-12-02 06:10:00,TANK_01,6.049,1.287,20.39,8.47,none,True,6.051666666666667,0.005507570547351559,-0.021999999999999353,1.2946666666666666,0.006658328118519275,-0.027000000000000135,20.56,0.14798648586984145,-0.39000000000000057,8.376666666666667,0.12096831541076238,0.0600000000000005,2.379229871645274,0.3048
2025-12-02 06:20:00,TANK_01,6.054,1.284,20.55,8.34,none,True,6.053666666666667,0.004509249752903891,0.006000000000000227,1.2896666666666665,0.007371114795866805,-0.014999999999999902,20.52333333333333,0.12220201853258698,-0.10999999999999943,8.41,0.06557438524289388,0.09999999999999964,2.434834123222749,0.1215
2025-12-02 06:30:00,TANK_01,6.057,1.259,20.43,8.39,none,True,6.053333333333334,0.004041451884417816,-0.0009999999999994458,1.2766666666666666,0.01537313674348203,-0.039000000000000146,20.456666666666667,0.08326663997928865,-0.1999999999999993,8.4,0.06557438524289591,-0.02999999999999936,2.4063604240282683,0.2774
2025-12-02 06:40:00,TANK_01,6.052,1.261,20.51,8.46,none,True,6.054333333333333,0.002516611478569708,0.0029999999999992255,1.268,0.013892443989465226,-0.026000000000000023,20.496666666666666,0.061101009266948635,0.120000000000001,8.396666666666667,0.06027713773328311,-0.009999999999999787,2.3960280373831777,0.2553
2025-12-02 06:50:00,TANK_01,6.065,1.275,20.59,8.55,none,True,6.058,0.006557438524359293,0.01100000000000012,1.265,0.008717797887105057,-0.009000000000000119,20.51,0.08000000000066361,0.03999999999999915,8.466666666666667,0.0802080627699946,0.21000000000000085,2.3803468208092484,0.2149
2025-12-02 07:00:00,TANK_01,6.083,1.278,20.33,8.57,none,True,6.066666666666667,0.0155670592384726,0.0259999999999998,1.2713333333333332,0.009073771725901935,0.019000000000000128,20.47666666666667,0.13316656236998886,-0.10000000000000142,8.526666666666667,0.05859465277065685,0.17999999999999972,2.344867358708189,0.3943
2025-12-02 07:10:00,TANK_01,6.073,1.296,20.69,8.36,none,True,6.073666666666668,0.009018499505690105,0.021000000000000796,1.2830000000000001,0.011357816691622615,0.03500000000000014,20.536666666666665,0.18583146486383806,0.17999999999999972,8.493333333333334,0.11590225767134457,-0.10000000000000142,2.4456264775413716,0.3337
2025-12-02 07:20:00,TANK_01,6.063,1.289,20.46,8.58,none,True,6.073,0.010000000000040228,-0.002000000000000668,1.2876666666666667,0.009073771725906246,0.014000000000000012,20.493333333333332,0.18230011885196407,-0.129999999999999,8.503333333333332,0.12423096769048568,0.02999999999999936,2.357142857142857,0.2639
2025-12-02 07:30:00,TANK_01,6.051,1.298,20.21,8.61,none,True,6.062333333333334,0.011015141094606584,-0.03200000000000003,1.2943333333333333,0.004725815626311087,0.020000000000000018,20.453333333333337,0.2400694344006334,-0.11999999999999744,8.516666666666666,0.13650396819621796,0.03999999999999915,2.3203214695752012,0.4379
2025-12-02 07:40:00,TANK_01,6.051,1.299,20.44,8.55,none,True,6.055,0.006928203230328108,-0.02200000000000024,1.2953333333333332,0.005507570547336697,0.0029999999999998916,20.37,0.13892443989488373,-0.25,8.58,0.029999999999650882,0.19000000000000128,2.3630057803468207,0.3343
2025-12-02 07:50:00,TANK_01,6.055,1.316,20.23,8.4,none,True,6.052333333333333,0.0023094010769146175,-0.008000000000000007,1.3043333333333333,0.010115993937025386,0.027000000000000135,20.293333333333333,0.12741009902453304,-0.23000000000000043,8.520000000000001,0.10816653826382959,-0.17999999999999972,2.38,0.3225
2025-12-02 08:00:00,TANK_01,6.042,1.323,20.24,8.73,none,True,6.049333333333333,0.0066583281185331284,-0.009000000000000341,1.3126666666666666,0.01234233905440833,0.02499999999999991,20.30333333333333,0.11846237095990161,0.029999999999997584,8.56,0.1652271164185219,0.120000000000001,2.292185730464326,0.4686
2025-12-02 08:10:00,TANK_01,6.044,1.334,20.33,8.49,none,True,6.047,0.007000000000050733,-0.007000000000000561,1.3243333333333334,0.009073771725915699,0.03500000000000014,20.266666666666666,0.05507570547383971,-0.11000000000000298,8.540000000000001,0.17058722109226196,-0.0600000000000005,2.366705471478463,0.3721
2025-12-02 08:20:00,TANK_01,6.05,1.327,20.43,8.61,none,True,6.045333333333333,0.004163331999017211,-0.004999999999999893,1.328,0.005567764362893871,0.010999999999999899,20.333333333333332,0.09504384952979052,0.1999999999999993,8.61,0.11999999999991105,0.20999999999999908,2.3455797933409874,0.3291
2025-12-02 08:30:00,TANK_01,6.064,1.332,20.7,8.22,none,True,6.052666666666666,0.010263202878929706,0.02200000000000024,1.331,0.003605551275564391,0.009000000000000119,20.486666666666668,0.19139836293302423,0.46000000000000085,8.44,0.19974984355433792,-0.5099999999999998,2.487980769230769,0.4734
2025-12-02 08:40:00,TANK_01,6.067,1.328,20.64,8.53,none,True,6.060333333333333,0.009073771725919267,0.023000000000000576,1.329,0.0026457513111997765,-0.006000000000000005,20.59,0.14177446878796096,0.3100000000000023,8.453333333333333,0.20599352740636143,0.03999999999999915,2.3916570104287374,0.3245
2025-12-02 08:50:00,TANK_01,6.079,1.322,20.55,8.54,none,True,6.07,0.007937253933243299,0.028999999999999915,1.3273333333333335,0.005033222956917463,-0.004999999999999893,20.63,0.07549834435342598,0.120000000000001,8.43,0.1819340539865549,-0.07000000000000028,2.3784722222222228,0.2665
2025-12-02 09:00:00,TANK_01,6.093,1.312,20.42,8.48,none,True,6.079666666666665,0.0130128141973272,0.028999999999999915,1.3206666666666667,0.008082903768696784,-0.020000000000000018,20.536666666666665,0.11060440015407537,-0.2799999999999976,8.516666666666666,0.032145502536341436,0.2599999999999998,2.3799533799533803,0.3662
2025-12-02 09:10:00,TANK_01,6.107,1.318,20.69,8.22,none,True,6.093,0.014000000000031225,0.040000000000000036,1.3173333333333335,0.00503322295691325,-0.010000000000000009,20.553333333333335,0.13503086067059936,0.05000000000000071,8.413333333333332,0.17009801096225746,-0.3099999999999987,2.4867788461538463,0.3228
2025-12-02 09:20:00,TANK_01,6.105,1.323,20.58,8.25,none,True,6.101666666666667,0.007571877794459422,0.02600000000000069,1.3176666666666665,0.005507570547346579,0.0009999999999998899,20.563333333333333,0.135769412363178,0.029999999999997584,8.316666666666668,0.1422439219556278,-0.28999999999999915,2.4646706586826346,0.1852
2025-12-02 09:30:00,TANK_01,6.117,1.326,20.52,8.56,none,True,6.109666666666667,0.006429100507400262,0.02400000000000002,1.3223333333333334,0.004041451884412447,0.014000000000000012,20.596666666666664,0.08621678104315195,0.09999999999999787,8.343333333333334,0.1882374387132325,0.08000000000000007,2.3695150115473442,0.259
2025-12-02 09:40:00,TANK_01,6.1,1.32,20.71,8.45,none,True,6.107333333333334,0.008736894948106632,-0.007000000000000561,1.3230000000000002,0.0030000000001151692,0.0020000000000000018,20.603333333333335,0.09712534856278714,0.019999999999999574,8.42,0.15716233645496178,0.22999999999999865,2.4222222222222225,0.1726
2025-12-02 09:50:00,TANK_01,6.098,1.319,20.61,8.51,none,True,6.105,0.010440306508954113,-0.007000000000000561,1.3216666666666665,0.003785938897290721,-0.0040000000000000036,20.613333333333333,0.09504384952979754,0.030000000000001137,8.506666666666666,0.05507570547268236,0.2599999999999998,2.3937282229965158,0.2125
2025-12-02 10:00:00,TANK_01,6.096,1.325,20.42,8.58,none,True,6.098,0.0020000000002211946,-0.020999999999999908,1.3213333333333332,0.003214550253770624,-0.001000000000000112,20.580000000000002,0.14730919862693334,-0.09999999999999787,8.513333333333334,0.06506407098632477,0.019999999999999574,2.3525345622119818,0.2479
2025-12-02 10:10:00,TANK_01,6.12,1.33,20.7,8.36,none,True,6.104666666666667,0.013316656236992774,0.020000000000000462,1.3246666666666667,0.0055075705473494685,0.010000000000000009,20.576666666666664,0.14294521094965879,-0.010000000000001563,8.483333333333333,0.11239810200049778,-0.08999999999999986,2.446808510638298,0.1698
2025-12-02 10:20:00,TANK_01,6.128,1.323,20.65,8.21,none,True,6.114666666666667,0.01665332799575709,0.03000000000000025,1.326,0.003605551275561472,0.0040000000000000036,20.59,0.1493318452310459,0.03999999999999915,8.383333333333333,0.18610033136272672,-0.29999999999999893,2.484957882069795,0.336
2025-12-02 10:30:00,TANK_01,6.131,1.32,20.76,8.4,none,True,6.126333333333334,0.00568624070316261,0.03500000000000014,1.3243333333333334,0.005131601439514606,-0.004999999999999893,20.703333333333333,0.0550757054738584,0.33999999999999986,8.323333333333334,0.10016652800870281,-0.17999999999999972,2.4423529411764706,0.2264
2025-12-02 10:40:00,TANK_01,6.124,1.321,20.7,8.4,none,True,6.127666666666666,0.0035118845844232124,0.0039999999999995595,1.3213333333333332,0.0015275252318747569,-0.009000000000000119,20.703333333333333,0.0550757054738584,0.0,8.336666666666666,0.10969655114595885,0.040000000000000924,2.4352941176470586,0.116
2025-12-02 10:50:00,TANK_01,6.122,1.304,20.73,8.35,none,True,6.125666666666667,0.004725815626354877,-0.006000000000000227,1.3150000000000002,0.009539392014203495,-0.018999999999999906,20.73,0.030000000001829407,0.08000000000000185,8.383333333333333,0.028867513459197452,0.1399999999999988,2.453254437869823,0.1502
2025-12-02 11:00:00,TANK_01,6.117,1.306,20.88,8.37,none,True,6.1209999999999996,0.003605551275594665,-0.014000000000000234,1.3103333333333333,0.009291573243211273,-0.014000000000000012,20.77,0.0964365076104979,0.11999999999999744,8.373333333333333,0.025166114783915155,-0.030000000000001137,2.46517119244392,0.1251
2025-12-02 11:10:00,TANK_01,6.113,1.28,20.96,8.28,none,True,6.117333333333334,0.004509249752926185,-0.010999999999999233,1.2966666666666666,0.014468356276159928,-0.040999999999999925,20.856666666666666,0.11676186592138348,0.26000000000000156,8.333333333333334,0.04725815626236725,-0.120000000000001,2.501193317422435,0.1976
2025-12-02 11:20:00,TANK_01,6.112,1.272,21.11,8.33,none,True,6.114000000000001,0.002645751311239928,-0.009999999999999787,1.2860000000000003,0.01777638883464548,-0.03200000000000003,20.983333333333334,0.11676186592138589,0.379999999999999,8.326666666666666,0.04509249752806464,-0.019999999999999574,2.5041518386714117,0.2248
2025-12-02 11:30:00,TANK_01,6.12,1.279,21.02,8.43,none,True,6.114999999999999,0.004358898943647076,0.0030000000000001137,1.2770000000000001,0.004358898943593419,-0.027000000000000135,21.03,0.07549834435343984,0.14000000000000057,8.346666666666666,0.07637626158249639,0.0600000000000005,2.4642438452520516,0.0863
2025-12-02 11:40:00,TANK_01,6.123,1.268,21.13,8.34,none,True,6.118333333333333,0.00568624070315922,0.009999999999999787,1.273,0.005567764362869283,-0.01200000000000001,21.086666666666666,0.05859465277176931,0.16999999999999815,8.366666666666667,0.05507570547271513,0.0600000000000005,2.5035545023696684,0.0504
2025-12-02 11:50:00,TANK_01,6.136,1.264,21.39,8.36,none,True,6.126333333333332,0.008504900548170713,0.02400000000000002,1.2703333333333333,0.007767453465181226,-0.008000000000000007,21.18,0.1900000000002925,0.28000000000000114,8.376666666666667,0.04725815626235322,0.02999999999999936,2.5283687943262416,0.1475
2025-12-02 12:00:00,TANK_01,6.115,1.254,21.33,8.16,none,True,6.124666666666667,0.010598742063767626,-0.004999999999999893,1.2619999999999998,0.00721110255095426,-0.02499999999999991,21.28333333333333,0.13613718571148958,0.3099999999999987,8.286666666666667,0.11015141094565918,-0.2699999999999996,2.582324455205811,0.1243
2025-12-02 12:10:00,TANK_01,6.12,1.267,21.29,8.44,none,True,6.123666666666666,0.01096965511464593,-0.0030000000000001137,1.2616666666666667,0.006806859285581755,-0.001000000000000112,21.336666666666662,0.05033222956957786,0.16000000000000014,8.319999999999999,0.14422205101850816,0.09999999999999964,2.4929742388758784,0.0757
2025-12-02 12:20:00,TANK_01,6.134,1.266,21.38,8.31,none,True,6.123,0.009848857801844154,-0.0019999999999997797,1.2623333333333333,0.007234178138096593,0.0020000000000000018,21.333333333333332,0.04509249752946274,-0.010000000000001563,8.303333333333335,0.14011899704650688,-0.049999999999998934,2.5422116527942924,0.0049
2025-12-02 12:30:00,TANK_01,6.139,1.25,21.43,8.12,none,True,6.131,0.009848857801843974,0.02400000000000002,1.2610000000000001,0.009539392014189093,-0.0040000000000000036,21.366666666666664,0.07094598884675951,0.10000000000000142,8.29,0.16093476939426798,-0.040000000000000924,2.60705596107056,0.0505
2025-12-02 12:40:00,TANK_01,6.136,1.248,21.3,8.18,none,True,6.136333333333333,0.0025166114786109753,0.016000000000000014,1.2546666666666666,0.009865765724649771,-0.018999999999999906,21.37,0.0655743852438669,0.010000000000001563,8.203333333333333,0.0971253485621654,-0.2599999999999998,2.5724637681159424,0.0761
2025-12-02 12:50:00,TANK_01,6.133,1.269,21.42,8.3,none,True,6.136,0.003000000000157137,-0.001000000000000334,1.2556666666666667,0.011590225767157389,0.0029999999999998916,21.383333333333336,0.07234178138146993,0.0400000000000027,8.2,0.09165151389905647,-0.009999999999999787,2.5500000000000003,0.0
2025-12-02 13:00:00,TANK_01,6.124,1.265,21.77,8.25,none,True,6.131,0.006244997998473302,-0.015000000000000568,1.2606666666666666,0.011150485789135299,0.014999999999999902,21.496666666666666,0.24419937209878942,0.33999999999999986,8.243333333333334,0.06027713773331576,0.13000000000000078,2.6071856287425152,0.1509
2025-12-02 13:10:00,TANK_01,6.129,1.269,21.79,8.01,none,True,6.128666666666667,0.004509249752926003,-0.007000000000000561,1.2676666666666667,0.002309401076849205,0.020999999999999908,21.66,0.20808652046710743,0.48999999999999844,8.186666666666667,0.155026879389745,-0.16999999999999993,2.686806411837238,0.1905
2025-12-02 13:20:00,TANK_01,6.133,1.268,21.84,8.29,none,True,6.128666666666667,0.004509249752926003,0.0,1.2673333333333332,0.002081665999566277,-0.0009999999999998899,21.8,0.036055512756123446,0.41999999999999815,8.183333333333332,0.15143755588797134,-0.010000000000001563,2.6030989272943983,0.0839
2025-12-02 13:30:00,TANK_01,6.138,1.275,21.72,8.28,none,True,6.133333333333333,0.004509249752927382,0.014000000000000234,1.2706666666666666,0.0037859388972579047,0.010000000000000009,21.78333333333333,0.060277137734305625,-0.05000000000000071,8.193333333333333,0.15885003409921625,0.02999999999999936,2.5918854415274466,0.0189
2025-12-02 13:40:00,TANK_01,6.138,1.274,22.08,8.12,none,True,6.136333333333333,0.002886751346112647,0.009000000000000341,1.2723333333333333,0.003785938897259224,0.0050000000000001155,21.879999999999995,0.18330302779852478,0.28999999999999915,8.229999999999999,0.09539392014163238,0.10999999999999943,2.686131386861314,0.0235
2025-12-02 13:50:00,TANK_01,6.131,1.26,21.96,8.29,none,True,6.135666666666666,0.004041451884444456,-0.0019999999999997797,1.2696666666666667,0.008386497083631822,-0.008000000000000007,21.919999999999998,0.18330302779852525,0.120000000000001,8.229999999999999,0.09539392014163238,0.0,2.617401668653159,0.0
2025-12-02 14:00:00,TANK_01,6.115,1.262,21.76,8.16,none,True,6.128,0.01178982612259063,-0.022999999999999687,1.2653333333333334,0.00757187779442729,-0.0129999999999999,21.933333333333334,0.16165807537342367,0.0400000000000027,8.19,0.0888819441730948,-0.11999999999999922,2.634382566585957,0.0099
2025-12-02 14:10:00,TANK_01,6.12,1.256,21.99,8.15,none,True,6.122,0.008185352771928122,-0.017999999999999794,1.2593333333333334,0.003055050463364834,-0.018000000000000016,21.903333333333336,0.12503332889049812,-0.08999999999999986,8.200000000000001,0.07810249675899482,0.030000000000001137,2.665454545454545,0.0
2025-12-02 14:20:00,TANK_01,6.131,1.271,22.39,8.18,none,True,6.122,0.008185352771928122,0.0,1.263,0.0075498344352967015,0.010999999999999899,22.046666666666667,0.3187998327061063,0.4299999999999997,8.163333333333334,0.015275252316184729,-0.10999999999999943,2.704106280193237,0.2532
2025-12-02 14:30:00,TANK_01,6.135,1.281,22.14,8.06,none,True,6.128666666666667,0.007767453465212852,0.019999999999999574,1.2693333333333332,0.012583057392134868,0.018999999999999906,22.173333333333332,0.20207259421664092,0.379999999999999,8.13,0.06244997998390801,-0.09999999999999964,2.713235294117647,0.0889
2025-12-02 14:40:00,TANK_01,6.148,1.289,22.45,8.12,none,True,6.137999999999999,0.008888194417366864,0.02799999999999958,1.2803333333333333,0.009018499505672928,0.03299999999999992,22.326666666666668,0.16441816606885312,0.46000000000000085,8.12,0.05999999999992281,-0.030000000000001137,2.731143552311436,0.1719
2025-12-02 14:50:00,TANK_01,6.14,1.278,22.53,8.2,none,True,6.140999999999999,0.0065574385243717835,0.008999999999999453,1.2826666666666666,0.005686240703121478,0.007000000000000117,22.373333333333335,0.20599352740667834,0.14000000000000057,8.126666666666667,0.0702376916856178,0.019999999999999574,2.714457831325302,0.0
2025-12-02 15:00:00,TANK_01,6.13,1.27,22.47,8.18,none,True,6.139333333333333,0.009018499505696422,-0.004999999999999893,1.2790000000000001,0.00953939201419457,-0.010999999999999899,22.483333333333334,0.04163331999069971,0.3299999999999983,8.166666666666666,0.041633319989199453,0.11999999999999922,2.7137681159420293,0.0665
2025-12-02 15:10:00,TANK_01,6.127,1.261,22.67,8.12,none,True,6.1323333333333325,0.006806859285621283,-0.020999999999999908,1.2696666666666667,0.00850490054814023,-0.028000000000000025,22.55666666666667,0.10263202878950284,0.22000000000000242,8.166666666666666,0.041633319989199453,0.0,2.757907542579076,0.0628
2025-12-02 15:20:00,TANK_01,6.12,1.254,22.75,7.93,none,True,6.125666666666667,0.00513160143953715,-0.019999999999999574,1.2616666666666667,0.008020806277033724,-0.02400000000000002,22.63,0.1442220510189654,0.21999999999999886,8.076666666666666,0.13051181300298023,-0.2699999999999996,2.833125778331258,0.0885
2025-12-02 15:30:00,TANK_01,6.118,1.258,22.7,8.15,none,True,6.121666666666667,0.0047258156263519,-0.011999999999999567,1.2576666666666665,0.0035118845843332166,-0.01200000000000001,22.706666666666667,0.04041451884473177,0.23000000000000043,8.066666666666666,0.11930353445445419,-0.02999999999999936,2.7515151515151515,0.0256
2025-12-02 15:40:00,TANK_01,6.101,1.258,22.78,8.08,none,True,6.1129999999999995,0.010440306508957033,-0.0259999999999998,1.2566666666666666,0.0023094010768316634,-0.0029999999999998916,22.74333333333333,0.040414518844738616,0.10999999999999943,8.053333333333333,0.11239810200054744,-0.03999999999999915,2.7848410757946214,0.0301
2025-12-02 15:50:00,TANK_01,6.108,1.246,22.98,8.05,none,True,6.108999999999999,0.008544003745375341,-0.012000000000000455,1.2540000000000002,0.006928203230298491,-0.008000000000000007,22.819999999999997,0.14422205101897298,0.23000000000000043,8.093333333333334,0.05131601439438372,0.120000000000001,2.8196319018404905,0.0
2025-12-02 16:00:00,TANK_01,6.114,1.24,22.89,8.16,none,True,6.107666666666667,0.0065064070987237415,-0.004000000000000448,1.248,0.009165151389926622,-0.018000000000000016,22.883333333333336,0.10016652800937588,0.19000000000000128,8.096666666666666,0.05686240703069561,0.009999999999999787,2.7711864406779663,0.0
2025-12-02 16:10:00,TANK_01,6.114,1.241,22.97,7.85,none,True,6.111999999999999,0.003464101615277183,0.0129999999999999,1.2423333333333333,0.003214550253700405,-0.016999999999999904,22.94666666666667,0.04932882862438451,0.18999999999999773,8.020000000000001,0.15716233645499397,-0.23000000000000043,2.889308176100629,0.0781
2025-12-02 16:20:00,TANK_01,6.113,1.248,22.93,8.02,none,True,6.113666666666667,0.0005773502700167562,0.005000000000000782,1.243,0.004358898943567785,0.0020000000000000018,22.929999999999996,0.040000000001503784,-0.05000000000000071,8.01,0.15524174696257736,-0.030000000000001137,2.823891625615764,0.0152
2025-12-02 16:30:00,TANK_01,6.113,1.232,23.14,7.85,none,True,6.113333333333333,0.0005773502700187433,-0.0009999999999994458,1.2403333333333333,0.008020806277024143,-0.008000000000000007,23.013333333333332,0.1115048578917276,0.25,7.906666666666666,0.09814954576221098,-0.3100000000000005,2.9106918238993713,0.082
2025-12-02 16:40:00,TANK_01,6.118,1.23,23.06,8.0,none,True,6.114666666666667,0.002886751346112442,0.004000000000000448,1.2366666666666666,0.009865765724642065,-0.01100000000000012,23.043333333333333,0.10598742063780246,0.08999999999999986,7.956666666666666,0.09291573243174328,0.15000000000000036,2.8469135802469134,0.0
2025-12-02 16:50:00,TANK_01,6.126,1.238,23.1,7.97,none,True,6.119,0.006557438524372263,0.0129999999999999,1.2333333333333332,0.004163331998951889,-0.010000000000000009,23.100000000000005,0.04000000000152191,0.1700000000000017,7.94,0.07937253933190196,-0.04999999999999982,2.862453531598513,0.0
2025-12-02 17:00:00,TANK_01,6.118,1.223,23.32,7.84,none,True,6.120666666666668,0.00461880215361577,0.004999999999999893,1.2303333333333333,0.007505553499474578,-0.008999999999999897,23.16,0.140000000000435,0.17999999999999972,7.9366666666666665,0.08504900548112088,-0.009999999999999787,2.9370277078085643,0.0
2025-12-02 17:10:00,TANK_01,6.111,1.226,23.09,8.04,none,True,6.118333333333333,0.007505553499527223,-0.007000000000000561,1.229,0.007937253933202121,-0.0040000000000000036,23.17,0.1300000000004682,0.030000000000001137,7.949999999999999,0.10148891565089296,0.03999999999999915,2.836609336609337,0.0
2025-12-02 17:20:00,TANK_01,6.103,1.215,23.23,7.88,none,True,6.110666666666667,0.007505553499530512,-0.023000000000000576,1.2213333333333334,0.005686240703084096,-0.02299999999999991,23.213333333333335,0.11590225767194967,0.129999999999999,7.919999999999999,0.10583005244255853,-0.08999999999999986,2.911027568922306,0.0263
2025-12-02 17:30:00,TANK_01,6.106,1.229,23.42,7.98,none,True,6.1066666666666665,0.004041451884451332,-0.012000000000000455,1.2233333333333334,0.007371114795838227,0.006000000000000005,23.24666666666667,0.1656301099844317,0.10000000000000142,7.966666666666666,0.08082903768650858,0.14000000000000057,2.8985148514851486,0.0034
2025-12-02 17:40:00,TANK_01,6.1,1.226,23.39,7.93,none,True,6.102999999999999,0.0030000000001703594,-0.01100000000000012,1.2233333333333334,0.007371114795838227,0.0,23.346666666666664,0.1021436896408891,0.3000000000000007,7.93,0.049999999999945796,-0.10999999999999943,2.912826899128269,0.0071
2025-12-02 17:50:00,TANK_01,6.102,1.213,23.63,7.76,none,True,6.102666666666667,0.003055050463471437,-0.0009999999999994458,1.2226666666666668,0.008504900548120531,-0.0020000000000000018,23.48,0.1307669683066811,0.3999999999999986,7.890000000000001,0.11532562594668858,-0.1200000000000001,3.0063613231552164,0.0974
2025-12-02 18:00:00,TANK_01,6.101,1.221,23.36,8.04,none,True,6.100999999999999,0.0010000000005168435,-0.004999999999999893,1.22,0.006557438524307203,-0.008000000000000007,23.459999999999997,0.1479864858698945,-0.060000000000002274,7.91,0.14106735979664087,0.05999999999999872,2.86977886977887,0.0368
2025-12-02 18:10:00,TANK_01,6.087,1.213,23.2,8.07,none,True,6.096666666666667,0.008386497083669403,-0.0129999999999999,1.2156666666666667,0.004618802153521178,-0.0129999999999999,23.396666666666665,0.21733231083631752,-0.19000000000000128,7.956666666666667,0.1709775813764111,0.14000000000000057,2.839657282741738,0.1693
2025-12-02 18:20:00,TANK_01,6.075,1.205,23.61,7.93,none,True,6.087666666666667,0.013012814197338199,-0.027000000000000135,1.213,0.008000000000001192,-0.008000000000000007,23.39,0.2066397831980102,-0.019999999999999574,8.013333333333334,0.07371114795827038,0.16999999999999993,2.940224159402242,0.1622
2025-12-02 18:30:00,TANK_01,6.085,1.21,23.65,7.84,none,True,6.082333333333334,0.006429100507418007,-0.016000000000000014,1.2093333333333334,0.004041451884326448,-0.01100000000000012,23.486666666666668,0.24906491790987953,0.28999999999999915,7.946666666666666,0.11590225767139946,-0.1999999999999993,2.9785894206549117,0.2308
2025-12-02 18:40:00,TANK_01,6.084,1.217,23.66,7.98,none,True,6.081333333333333,0.0055075705473909544,-0.0030000000000001137,1.2106666666666668,0.006027713773341868,0.0040000000000000036,23.64,0.026457513112989252,0.46000000000000085,7.916666666666667,0.07094598884593865,-0.08999999999999986,2.9282178217821784,0.1472
2025-12-02 18:50:00,TANK_01,6.076,1.205,23.44,7.88,none,True,6.081666666666667,0.0049328828624332615,0.0009999999999994458,1.2106666666666668,0.006027713773341868,0.0,23.583333333333332,0.12423096769105592,-0.16999999999999815,7.8999999999999995,0.07211102550924577,-0.04999999999999982,2.9373433583959905,0.0
2025-12-02 19:00:00,TANK_01,6.075,1.192,23.59,7.96,none,True,6.078333333333333,0.004932882862435588,-0.009999999999999787,1.2046666666666666,0.012503332889005802,-0.018000000000000016,23.563333333333333,0.11239810200112818,-0.05999999999999872,7.94,0.052915026221236845,0.1200000000000001,2.9267990074441683,0.0675
2025-12-02 19:10:00,TANK_01,6.085,1.185,23.69,7.75,none,True,6.078666666666667,0.005507570547393192,0.001000000000000334,1.194,0.010148891565086577,-0.03200000000000003,23.573333333333334,0.1258305739216673,0.030000000000001137,7.863333333333333,0.10598742063721114,-0.23000000000000043,3.017834394904459,0.1372
2025-12-02 19:20:00,TANK_01,6.078,1.185,23.56,7.83,none,True,6.0793333333333335,0.0051316014395613,0.002000000000000668,1.1873333333333334,0.004041451884307437,-0.020000000000000018,23.613333333333333,0.06806859285644788,0.11999999999999744,7.846666666666667,0.10598742063721286,-0.04999999999999982,2.970996216897856,0.0702
2025-12-02 19:30:00,TANK_01,6.081,1.174,23.66,7.87,none,True,6.081333333333333,0.0035118845844492896,0.006000000000000227,1.1813333333333331,0.006350852961070154,-0.018000000000000016,23.636666666666667,0.06806859285645002,0.07000000000000028,7.816666666666666,0.06110100926605188,-0.08999999999999986,2.9686323713927227,0.0629
2025-12-02 19:40:00,TANK_01,6.086,1.181,23.67,7.83,none,True,6.081666666666667,0.004041451884470533,0.001000000000000334,1.18,0.005567764362811272,-0.0040000000000000036,23.63,0.06082762530399958,-0.019999999999999574,7.843333333333334,0.023094010767504287,0.08000000000000007,2.984867591424969,0.0786
2025-12-02 19:50:00,TANK_01,6.096,1.182,23.56,7.92,none,True,6.087666666666667,0.007637626158332062,0.017999999999999794,1.179,0.004358898943515855,-0.0030000000000001137,23.63,0.06082762530399958,0.0,7.873333333333334,0.045092497528180744,0.08999999999999986,2.937655860349127,0.042
2025-12-02 20:00:00,TANK_01,6.09,1.155,23.55,7.87,none,True,6.090666666666667,0.005033222956954452,0.008999999999999453,1.1726666666666667,0.015307950004264928,-0.018999999999999906,23.593333333333334,0.06658328118572009,-0.10999999999999943,7.873333333333332,0.045092497528180744,0.0,2.954830614805521,0.1117
2025-12-02 20:10:00,TANK_01,6.085,1.139,23.62,7.93,none,True,6.090333333333334,0.005507570547384813,-0.001000000000000334,1.1586666666666667,0.021733231083596,-0.04200000000000004,23.576666666666668,0.03785938897362765,-0.05000000000000071,7.906666666666666,0.0321455025365649,0.09999999999999964,2.941469489414695,0.2715
2025-12-02 20:20:00,TANK_01,6.073,1.141,23.41,7.98,none,True,6.0826666666666656,0.008736894948121193,-0.022999999999999687,1.1450000000000002,0.008717797887056232,-0.040999999999999925,23.526666666666667,0.10692676621620938,-0.14999999999999858,7.926666666666667,0.055075705472811765,0.0600000000000005,2.897277227722772,0.1414
2025-12-02 20:30:00,TANK_01,6.067,1.126,23.78,7.91,none,True,6.075,0.00916515138998059,-0.022999999999999687,1.1353333333333333,0.008144527815216239,-0.029000000000000137,23.603333333333335,0.18556220879655766,0.23000000000000043,7.94,0.0360555127545608,0.040000000000000036,2.968789013732834,0.2319
2025-12-02 20:40:00,TANK_01,6.077,1.128,23.68,7.84,none,True,6.072333333333333,0.005033222956975532,-0.008000000000000007,1.1316666666666666,0.00814452781521474,-0.01100000000000012,23.623333333333335,0.19139836293306575,0.05999999999999872,7.91,0.06999999999996398,-0.08999999999999986,2.982367758186398,0.0981
2025-12-02 20:50:00,TANK_01,6.081,1.126,23.55,7.89,none,True,6.075,0.007211102551015301,0.008000000000000007,1.1266666666666665,0.0011547005381365113,-0.015000000000000124,23.67,0.11532562594725008,0.14000000000000057,7.88,0.03605551275457838,-0.09000000000000075,2.947434292866083,0.098
2025-12-02 21:00:00,TANK_01,6.068,1.125,23.66,7.9,none,True,6.075333333333333,0.006658328118573814,0.0009999999999994458,1.1263333333333332,0.001527525231467714,-0.0009999999999998899,23.63,0.07000000000088714,-0.120000000000001,7.876666666666666,0.03214550253657528,-0.009999999999999787,2.9575,0.0698
2025-12-02 21:10:00,TANK_01,6.073,1.121,23.59,7.9,none,True,6.074000000000001,0.006557438524399071,-0.0039999999999995595,1.1239999999999999,0.0026457513109554697,-0.006999999999999895,23.599999999999998,0.05567764362941204,-0.08999999999999986,7.896666666666667,0.005773502691479232,0.0600000000000005,2.94875,0.1161
2025-12-02 21:20:00,TANK_01,6.092,1.107,23.81,7.79,none,True,6.0776666666666666,0.01266227994219641,0.010999999999999233,1.1176666666666666,0.009451631252472607,-0.018999999999999906,23.686666666666667,0.11239810200113881,0.259999999999998,7.863333333333333,0.06350852961082713,-0.09999999999999964,3.017743979721166,0.1604
2025-12-02 21:30:00,TANK_01,6.089,1.109,23.61,7.89,none,True,6.084666666666666,0.010214368964084524,0.021000000000000796,1.1123333333333332,0.007571877794357416,-0.016000000000000014,23.669999999999998,0.12165525060647671,-0.05000000000000071,7.86,0.0608276253029496,-0.010000000000000675,2.9549436795994994,0.0718
2025-12-02 21:40:00,TANK_01,6.091,1.121,23.82,7.9,none,True,6.0906666666666665,0.0015275252319911232,0.017999999999999794,1.1123333333333332,0.007571877794357416,0.0,23.746666666666666,0.11846237095998027,0.23000000000000043,7.859999999999999,0.0608276253029496,0.0,2.9775,0.1335
2025-12-02 21:50:00,TANK_01,6.098,1.119,23.68,7.87,none,True,6.092666666666666,0.004725815626359018,0.006000000000000227,1.1163333333333332,0.006429100507280089,0.01200000000000001,23.703333333333333,0.10692676621622449,-0.129999999999999,7.886666666666667,0.015275252316370157,0.08000000000000007,2.971141781681305,0.0822
2025-12-02 22:00:00,TANK_01,6.102,1.108,23.13,8.2,none,True,6.097,0.0055677643629150645,0.0129999999999999,1.116,0.006999999999955196,-0.0009999999999998899,23.543333333333333,0.3647373484213758,-0.4800000000000004,7.989999999999999,0.18248287590892792,0.3099999999999996,2.7867469879518074,0.4658
2025-12-02 22:10:00,TANK_01,6.113,1.116,23.3,7.79,none,True,6.104333333333333,0.007767453465208722,0.02200000000000024,1.1143333333333334,0.005686240703021265,-0.004999999999999893,23.37,0.2816025568067844,-0.5199999999999996,7.953333333333333,0.2173323108360264,-0.11000000000000032,2.953105196451204,0.3455
2025-12-02 22:20:00,TANK_01,6.11,1.703,23.46,7.92,none,True,6.108333333333334,0.005686240703146969,0.012000000000000455,1.3090000000000002,0.34123745398182864,0.5840000000000001,23.296666666666667,0.16502525059350726,-0.21999999999999886,7.97,0.20952326839755428,0.04999999999999982,2.925187032418953,0.5345
2025-12-02 22:30:00,TANK_01,6.123,1.119,23.37,8.05,none,True,6.115333333333333,0.006806859285605836,0.020999999999999908,1.3126666666666666,0.3380419106166187,0.010999999999999899,23.37666666666667,0.08020806277084698,0.240000000000002,7.920000000000001,0.12999999999997994,-0.14999999999999858,2.867484662576687,0.3571
2025-12-02 22:40:00,TANK_01,6.116,1.122,23.22,7.9,none,True,6.116333333333333,0.00650640709870108,0.0029999999999992255,1.3146666666666667,0.3363098769488253,0.006000000000000005,23.349999999999998,0.12124355653030904,-0.08000000000000185,7.956666666666668,0.08144527815243459,0.11000000000000032,2.9025,0.303
2025-12-02 22:50:00,TANK_01,6.131,1.131,23.3,8.07,none,True,6.123333333333334,0.007505553499506302,0.020999999999999908,1.1239999999999999,0.00624499799835859,-0.5720000000000001,23.296666666666667,0.07505553499542889,-0.16000000000000014,8.006666666666668,0.0929157324317387,0.15000000000000036,2.8518971848225214,0.2348
2025-12-02 23:00:00,TANK_01,6.135,1.144,23.09,7.97,none,True,6.127333333333333,0.010016652800906207,0.011999999999999567,1.1323333333333334,0.011060440015337852,0.02499999999999991,23.203333333333333,0.10598742063777253,-0.28000000000000114,7.98,0.08544003745313779,-0.08000000000000096,2.8612143742255265,0.0639
2025-12-02 23:10:00,TANK_01,6.138,1.133,23.06,7.87,none,True,6.134666666666667,0.0035118845843520995,0.02200000000000024,1.1360000000000001,0.0069999999999698975,0.010999999999999899,23.149999999999995,0.1307669683066551,-0.16000000000000014,7.969999999999999,0.09999999999996897,-0.03000000000000025,2.8933500627352573,0.0
2025-12-02 23:20:00,TANK_01,6.145,1.127,23.12,8.03,none,True,6.139333333333333,0.005131601439488383,0.013999999999999346,1.1346666666666667,0.008621678104226706,-0.0040000000000000036,23.09,0.03000000000186948,-0.17999999999999972,7.956666666666666,0.08082903768651022,-0.040000000000000924,2.8437884378843794,0.0179
2025-12-02 23:30:00,TANK_01,6.144,1.127,23.05,8.03,none,True,6.142333333333333,0.0037859388972523228,0.009000000000000341,1.1289999999999998,0.0034641016150697406,-0.016999999999999904,23.076666666666664,0.03785938897347947,-0.03999999999999915,7.976666666666667,0.09237604307030549,0.05999999999999961,2.8351783517835183,0.0169
2025-12-02 23:40:00,TANK_01,6.157,1.115,22.99,7.89,none,True,6.148666666666666,0.007234178138093102,0.019000000000000128,1.123,0.006928203230238286,-0.018000000000000016,23.05333333333333,0.06506407098733497,-0.07000000000000028,7.983333333333333,0.08082903768650775,0.019999999999999574,2.877346683354193,0.0062
2025-12-02 23:50:00,TANK_01,6.171,1.096,22.94,7.97,none,True,6.157333333333334,0.013503086067028791,0.02600000000000069,1.1126666666666667,0.015631165450238873,-0.030999999999999917,22.99333333333333,0.05507570547386125,-0.17999999999999972,7.963333333333334,0.0702376916856416,-0.05999999999999961,2.842627013630731,0.1885
2025-12-03 00:00:00,TANK_01,6.165,1.102,22.92,7.92,none,True,6.164333333333334,0.007023769168581865,0.020999999999999908,1.1043333333333336,0.009712534856188717,-0.02499999999999991,22.95,0.03605551275615246,-0.129999999999999,7.926666666666667,0.04041451884320606,-0.10999999999999943,2.8578553615960103,0.1213
2025-12-03 00:10:00,TANK_01,6.17,1.104,22.71,7.91,none,True,6.168666666666667,0.0032145502536861698,0.0129999999999999,1.100666666666667,0.00416333199885082,-0.010999999999999899,22.85666666666667,0.12741009902452854,-0.2799999999999976,7.933333333333333,0.03214550253655606,0.020000000000000462,2.8352059925093633,0.0688
2025-12-03 00:20:00,TANK_01,6.178,1.11,22.79,7.99,none,True,6.170999999999999,0.006557438524310544,0.006999999999999673,1.1053333333333335,0.004163331998855145,0.014000000000000012,22.80666666666667,0.10598742063772844,-0.15000000000000213,7.94,0.04358898943534145,0.020000000000000462,2.8170580964153276,0.0095
2025-12-03 00:30:00,TANK_01,6.19,1.143,22.69,8.11,none,True,6.179333333333333,0.010066445913695274,0.025000000000000355,1.119,0.02099999999998716,0.040999999999999925,22.73,0.052915026222265,-0.23000000000000043,8.003333333333332,0.10066445913690936,0.1899999999999995,2.7637028014616325,0.2825
2025-12-03 00:40:00,TANK_01,6.181,1.134,22.81,8.25,none,True,6.183,0.006244997998396109,0.01100000000000012,1.1290000000000002,0.017058722109218372,0.029999999999999805,22.763333333333332,0.06429100507409553,0.09999999999999787,8.116666666666667,0.1301281419729208,0.33999999999999986,2.731736526946108,0.2597
2025-12-03 00:50:00,TANK_01,6.179,1.127,22.42,8.04,none,True,6.183333333333334,0.005859465277079465,0.001000000000000334,1.1346666666666667,0.008020806276984462,0.016999999999999904,22.64,0.19974984355463085,-0.36999999999999744,8.133333333333333,0.10692676621559455,0.049999999999998934,2.7542997542997547,0.1347
2025-12-03 01:00:00,TANK_01,6.179,1.113,22.38,8.2,none,True,6.179666666666667,0.0011547005383852396,-0.01100000000000012,1.1246666666666667,0.01069267662154067,-0.030000000000000027,22.536666666666665,0.23755701070149354,-0.3100000000000023,8.163333333333332,0.10969655114598618,0.08999999999999986,2.696385542168675,0.2608
2025-12-03 01:10:00,TANK_01,6.177,1.105,22.26,8.23,none,True,6.178333333333334,0.001154700538393829,-0.004000000000000448,1.115,0.011135528725635061,-0.028999999999999915,22.353333333333335,0.08326663997918875,-0.5499999999999972,8.156666666666666,0.10214368964025161,-0.019999999999999574,2.6722689075630255,0.2294
2025-12-03 01:20:00,TANK_01,6.167,1.102,22.44,8.15,none,True,6.174333333333333,0.006429100507335601,-0.012000000000000455,1.1066666666666667,0.00568624070302346,-0.02499999999999991,22.36,0.09165151389961108,0.019999999999999574,8.193333333333333,0.04041451884315075,0.11000000000000121,2.72,0.0751
2025-12-03 01:30:00,TANK_01,6.169,1.104,22.14,8.08,none,True,6.170999999999999,0.00529150262214143,-0.010000000000000675,1.1036666666666666,0.0015275252314450928,-0.008999999999999897,22.28,0.15099668870570768,-0.23999999999999844,8.153333333333334,0.07505553499458976,-0.11999999999999922,2.706601466992665,0.0704
2025-12-03 01:40:00,TANK_01,6.164,1.074,22.14,8.14,none,True,6.166666666666667,0.0025166114784605518,-0.0129999999999999,1.0933333333333335,0.016772994167191364,-0.030999999999999917,22.24,0.17320508075713958,-0.120000000000001,8.123333333333333,0.037859388971886544,-0.08999999999999986,2.686893203883495,0.1998
2025-12-03 01:50:00,TANK_01,6.163,1.072,22.14,8.18,none,True,6.165333333333333,0.003214550253695702,-0.0039999999999995595,1.0833333333333333,0.017925772879643746,-0.030000000000000027,22.14,0.0,-0.3000000000000007,8.133333333333333,0.05033222956838272,0.02999999999999936,2.673913043478261,0.2458
2025-12-03 02:00:00,TANK_01,6.179,1.072,22.15,8.09,none,True,6.168666666666667,0.008962886439841564,0.010000000000000675,1.0726666666666667,0.001154700538019273,-0.03200000000000003,22.143333333333334,0.005773502699200813,0.00999999999999801,8.136666666666668,0.045092497528129244,0.009999999999999787,2.7045177045177047,0.1571
2025-12-03 02:10:00,TANK_01,6.182,1.074,21.95,8.02,none,True,6.174666666666667,0.010214368964033792,0.018000000000000682,1.0726666666666667,0.001154700538019273,0.0,22.080000000000002,0.11269427669621337,-0.19000000000000128,8.096666666666666,0.08020806277005557,-0.120000000000001,2.70320197044335,0.0759
2025-12-03 02:20:00,TANK_01,6.168,1.077,21.9,8.17,none,True,6.176333333333335,0.0073711147958362665,0.004999999999999893,1.0743333333333334,0.0025166114782605113,0.004999999999999893,22.0,0.13228756555353402,-0.240000000000002,8.093333333333334,0.0750555349945971,-0.009999999999999787,2.6481257557436515,0.0234
2025-12-03 02:30:00,TANK_01,6.161,1.077,21.9,8.37,none,True,6.170333333333333,0.01069267662157098,-0.018000000000000682,1.0759999999999998,0.0017320508073350941,0.004999999999999893,21.916666666666668,0.028867513460833532,-0.25,8.186666666666666,0.17559422921418247,0.27999999999999936,2.5855962219598587,0.264
2025-12-03 02:40:00,TANK_01,6.161,1.074,21.8,8.33,none,True,6.163333333333334,0.004041451884358993,-0.021000000000000796,1.076,0.0017320508073350941,0.0,21.866666666666664,0.05773502691962137,-0.14999999999999858,8.290000000000001,0.10583005244252208,0.3100000000000005,2.586002372479241,0.1827
2025-12-03 02:50:00,TANK_01,6.184,1.079,21.53,8.26,none,True,6.168666666666667,0.013279056191367909,0.016000000000000014,1.0766666666666664,0.002516611478263548,0.0020000000000000018,21.743333333333336,0.1913983629329271,-0.36999999999999744,8.32,0.05567764362817653,0.08999999999999986,2.5753588516746415,0.2051
2025-12-03 03:00:00,TANK_01,6.173,1.069,21.85,8.17,none,True,6.172666666666667,0.011503622617829423,0.012000000000000455,1.0739999999999998,0.004999999999917735,-0.008000000000000007,21.72666666666667,0.17214335111587772,-0.04999999999999716,8.253333333333334,0.08020806277003076,-0.1999999999999993,2.6420798065296256,0.0849
2025-12-03 03:10:00,TANK_01,6.166,1.081,21.57,8.14,none,True,6.174333333333333,0.009073771725881115,0.005000000000000782,1.0763333333333334,0.006429100507265829,0.006999999999999895,21.650000000000002,0.17435595774182294,-0.23000000000000043,8.19,0.06244997998389728,-0.1899999999999995,2.6177184466019416,0.0626
2025-12-03 03:20:00,TANK_01,6.166,1.067,21.39,8.3,none,True,6.168333333333333,0.0040414518843487,-0.017999999999999794,1.0723333333333334,0.007571877794345309,-0.01200000000000001,21.603333333333335,0.23180451534299298,-0.14000000000000057,8.203333333333335,0.08504900548108908,0.040000000000000924,2.5464285714285713,0.165
2025-12-03 03:30:00,TANK_01,6.141,1.073,21.46,8.36,none,True,6.1576666666666675,0.014433756729753399,-0.03200000000000003,1.0736666666666665,0.007023769168509752,0.0040000000000000036,21.473333333333333,0.09073771725911327,-0.39000000000000057,8.266666666666667,0.1137248140614925,0.1899999999999995,2.5366430260047284,0.2567
2025-12-03 03:40:00,TANK_01,6.138,1.077,21.25,8.22,none,True,6.148333333333333,0.015373136743484433,-0.02800000000000047,1.0723333333333331,0.005033222956764379,-0.0040000000000000036,21.36666666666667,0.10692676621590695,-0.3200000000000003,8.293333333333335,0.07023769168559445,0.08000000000000007,2.5540865384615383,0.1494
2025-12-03 03:50:00,TANK_01,6.139,1.077,21.3,8.43,none,True,6.139333333333333,0.0015275252318791867,-0.027000000000000135,1.0756666666666665,0.002309401076582824,0.010000000000000009,21.33666666666667,0.10969655114628793,-0.08999999999999986,8.336666666666666,0.10692676621557272,0.129999999999999,2.497069167643611,0.1508
2025-12-03 04:00:00,TANK_01,6.136,1.081,21.28,8.32,none,True,6.137666666666667,0.001527525231889362,-0.004999999999999893,1.0783333333333334,0.002309401076586894,0.008000000000000007,21.276666666666667,0.025166114785323462,-0.17999999999999972,8.323333333333332,0.1050396750438615,-0.03999999999999915,2.527315914489311,0.1033
2025-12-03 04:10:00,TANK_01,6.141,1.063,21.12,8.44,none,True,6.1386666666666665,0.0025166114785636464,0.0030000000000001137,1.0736666666666668,0.009451631252461571,-0.014000000000000012,21.233333333333334,0.0986576572465952,-0.129999999999999,8.396666666666667,0.06658328118468464,0.21999999999999886,2.473067915690867,0.1503
2025-12-03 04:20:00,TANK_01,6.138,1.069,21.18,8.03,none,True,6.138333333333333,0.0025166114785649847,-0.001000000000000334,1.071,0.009165151389865674,-0.008000000000000007,21.19333333333333,0.08082903768686989,-0.120000000000001,8.263333333333334,0.2107921567168028,-0.40000000000000036,2.605166051660517,0.2314
2025-12-03 04:30:00,TANK_01,6.126,1.062,20.98,8.32,none,True,6.135000000000001,0.007937253933242645,-0.009999999999999787,1.0646666666666667,0.0037859388970832757,-0.018999999999999906,21.093333333333334,0.10263202878917592,-0.3000000000000007,8.263333333333334,0.2107921567168028,0.0,2.491686460807601,0.1891
2025-12-03 04:40:00,TANK_01,6.122,1.053,20.93,8.18,none,True,6.128666666666667,0.008326663997919105,-0.019000000000000128,1.0613333333333335,0.008020806276954054,-0.010000000000000009,21.029999999999998,0.1322875655534071,-0.19000000000000128,8.176666666666668,0.14502873278534384,-0.2599999999999998,2.527777777777778,0.121
2025-12-03 04:50:00,TANK_01,6.141,1.067,21.06,8.34,none,True,6.129666666666668,0.01001665280092201,0.0030000000000001137,1.0606666666666669,0.007094598884533266,-0.0020000000000000018,20.99,0.06557438524336963,-0.120000000000001,8.28,0.0871779788707433,0.3100000000000005,2.495260663507109,0.1296
2025-12-03 05:00:00,TANK_01,6.132,1.09,20.79,8.53,none,True,6.131666666666667,0.009504384952966434,0.005999999999999339,1.07,0.018681541692246798,0.028000000000000025,20.926666666666666,0.13503086067035636,-0.19000000000000128,8.35,0.17521415467931406,0.20999999999999908,2.409038238702202,0.3642
2025-12-03 05:10:00,TANK_01,6.136,1.081,20.76,8.36,none,True,6.136333333333333,0.004509249752904955,0.014000000000000234,1.0793333333333333,0.011590225767108832,0.028000000000000025,20.87,0.1652271164187097,-0.16999999999999815,8.409999999999998,0.10440306508903693,0.17999999999999972,2.453900709219859,0.2054
2025-12-03 05:20:00,TANK_01,6.13,1.066,20.86,8.29,none,True,6.132666666666666,0.0030550504634371863,-0.01100000000000012,1.079,0.012124355652949831,-0.0009999999999998899,20.80333333333333,0.05131601439485954,-0.1999999999999993,8.393333333333333,0.1234233905437673,-0.05000000000000071,2.486293206197855,0.1334
2025-12-03 05:30:00,TANK_01,6.138,1.063,20.78,8.4,none,True,6.134666666666667,0.004163331999025295,0.006000000000000227,1.07,0.009643650760949085,-0.027000000000000135,20.8,0.05291502622166991,-0.00999999999999801,8.35,0.055677643628180534,-0.129999999999999,2.4447058823529413,0.1556
2025-12-03 05:40:00,TANK_01,6.134,1.062,20.74,8.63,none,True,6.134,0.004000000000098382,-0.0019999999999997797,1.0636666666666665,0.002081665999252177,-0.018999999999999906,20.793333333333333,0.061101009266405375,-0.020000000000003126,8.44,0.17349351572893298,0.27000000000000135,2.3757159221076742,0.3466
2025-12-03 05:50:00,TANK_01,6.121,1.054,20.63,8.3,none,True,6.131,0.008888194417362806,-0.008999999999999453,1.0596666666666668,0.0049328828622230364,-0.01200000000000001,20.716666666666665,0.07767453465178985,-0.23000000000000043,8.443333333333333,0.1692138686199171,0.010000000000001563,2.4559523809523807,0.1336
2025-12-03 06:00:00,TANK_01,6.108,1.038,20.63,8.36,none,True,6.1209999999999996,0.01300000000004024,-0.03000000000000025,1.0513333333333332,0.01222020185317555,-0.02499999999999991,20.666666666666668,0.06350852961115719,-0.15000000000000213,8.43,0.17578395831242818,-0.040000000000000924,2.438534278959811,0.2816
2025-12-03 06:10:00,TANK_01,6.11,1.023,20.5,8.53,none,True,6.1129999999999995,0.007000000000085816,-0.02400000000000002,1.0383333333333333,0.015502687938943485,-0.039000000000000146,20.58666666666667,0.07505553499489645,-0.23999999999999844,8.396666666666667,0.11930353445442846,-0.10000000000000142,2.375434530706837,0.3223
2025-12-03 06:20:00,TANK_01,6.117,1.006,20.67,8.36,none,True,6.111666666666667,0.004725815626381972,-0.004000000000000448,1.0223333333333333,0.016010413277993376,-0.04800000000000004,20.599999999999998,0.0888819441733643,0.0400000000000027,8.416666666666666,0.09814954576216237,0.05999999999999872,2.443262411347518,0.2204
2025-12-03 06:30:00,TANK_01,6.106,1.013,20.65,8.17,none,True,6.111,0.005567764362941034,-0.0019999999999997797,1.014,0.0085440037452445,-0.025000000000000133,20.60666666666667,0.09291573243197487,0.019999999999999574,8.353333333333333,0.18009256878983043,-0.1899999999999995,2.4969770253929866,0.1791
2025-12-03 06:40:00,TANK_01,6.115,1.006,20.45,8.41,none,True,6.112666666666667,0.00585946527718494,0.004999999999999893,1.0083333333333333,0.0040414518841681455,-0.016999999999999904,20.59,0.12165525060611555,-0.05000000000000071,8.313333333333334,0.12662279942143384,-0.11999999999999922,2.403055229142186,0.1318
2025-12-03 06:50:00,TANK_01,6.125,1.018,20.53,8.51,none,True,6.115333333333333,0.00950438495298255,0.008000000000000007,1.0123333333333333,0.006027713773237232,0.01200000000000001,20.543333333333333,0.10066445913712231,-0.14000000000000057,8.363333333333332,0.1747378989610443,0.15000000000000036,2.3844367015098724,0.2044
2025-12-03 07:00:00,TANK_01,6.146,1.016,20.35,8.51,none,True,6.128666666666668,0.015821925715102342,0.040000000000000036,1.0133333333333334,0.0064291005072311955,0.0030000000000001137,20.443333333333335,0.09018499505665255,-0.29999999999999716,8.476666666666667,0.057735026918838486,0.33999999999999986,2.363530778164925,0.4559
2025-12-03 07:10:00,TANK_01,6.152,1.013,20.43,8.66,none,True,6.140999999999999,0.014177446878781062,0.03699999999999992,1.0156666666666665,0.002516611478177685,0.006999999999999895,20.436666666666667,0.0901849950566524,-0.019999999999999574,8.56,0.08660254037835609,0.25,2.3321917808219177,0.4699
2025-12-03 07:20:00,TANK_01,6.149,1.003,20.11,8.58,none,True,6.149,0.0030000000000842946,0.02400000000000002,1.0106666666666666,0.006806859285460898,-0.015000000000000124,20.296666666666667,0.1665332799573912,-0.4200000000000017,8.583333333333334,0.07505553499454808,0.07000000000000028,2.3168202764976957,0.4582
2025-12-03 07:30:00,TANK_01,6.161,0.99,20.49,8.4,none,True,6.154,0.006244997998430932,0.01499999999999968,1.002,0.011532562594613516,-0.026000000000000023,20.343333333333334,0.2042873792806762,0.13999999999999702,8.546666666666667,0.1331665623695309,-0.10999999999999943,2.4105882352941173,0.3351
2025-12-03 07:40:00,TANK_01,6.161,0.983,20.41,8.54,none,True,6.156999999999999,0.006928203230300718,0.008999999999999453,0.992,0.010148891565024278,-0.029999999999999916,20.336666666666666,0.20033305601763957,-0.019999999999999574,8.506666666666666,0.0945163125249741,-0.120000000000001,2.362268518518519,0.3127
2025-12-03 07:50:00,TANK_01,6.156,0.975,20.29,8.58,none,True,6.159333333333333,0.0028867513460013993,0.006999999999999673,0.9826666666666667,0.007505553499369683,-0.027999999999999914,20.396666666666665,0.10066445913710888,0.17999999999999972,8.506666666666666,0.0945163125249741,0.0,2.337557603686636,0.2841
2025-12-03 08:00:00,TANK_01,6.147,0.98,20.26,8.27,none,True,6.1546666666666665,0.007094598884625784,-0.013999999999999346,0.9793333333333333,0.004041451884147658,-0.010000000000000009,20.320000000000004,0.07937253933214627,-0.22999999999999687,8.463333333333333,0.1686218649325144,-0.13000000000000078,2.420549581839905,0.2727
2025-12-03 08:10:00,TANK_01,6.141,0.981,20.54,8.51,none,True,6.148,0.0075498344353071975,-0.019999999999999574,0.9786666666666667,0.0032145502534377396,-0.0020000000000000018,20.363333333333333,0.1537313674347767,0.129999999999999,8.453333333333333,0.16258331197671944,-0.02999999999999936,2.3855981416957026,0.2532
2025-12-03 08:20:00,TANK_01,6.144,0.955,20.47,8.3,none,True,6.144000000000001,0.003000000000107697,-0.011999999999999567,0.972,0.01473091986260537,-0.020000000000000018,20.423333333333332,0.14571661996274246,0.17999999999999972,8.360000000000001,0.13076696830616943,-0.27999999999999936,2.4369047619047617,0.3202
2025-12-03 08:30:00,TANK_01,6.137,0.971,20.54,8.33,none,True,6.140666666666665,0.0035118845843882594,-0.010000000000000675,0.969,0.013114877048546147,-0.009000000000000008,20.516666666666666,0.04041451884369371,0.2799999999999976,8.38,0.11357816691594591,0.0600000000000005,2.4365361803084222,0.2196
2025-12-03 08:40:00,TANK_01,6.133,0.978,20.41,8.43,none,True,6.138000000000001,0.00556776436290182,-0.008000000000000007,0.968,0.011789826122486965,-0.0030000000000000027,20.473333333333333,0.0650640709867344,-0.129999999999999,8.353333333333333,0.06806859285544234,-0.08000000000000007,2.392731535756155,0.1567
2025-12-03 08:50:00,TANK_01,6.122,0.982,20.52,8.36,none,True,6.1306666666666665,0.007767453465217885,-0.02200000000000024,0.977,0.005567764362698263,0.027000000000000024,20.49,0.07000000000024056,0.05000000000000071,8.373333333333333,0.05131601439433693,0.05999999999999872,2.425531914893617,0.167
2025-12-03 09:00:00,TANK_01,6.101,0.999,20.37,8.5,none,True,6.118666666666667,0.016258331197716948,-0.03599999999999959,0.9863333333333332,0.011150485789055298,0.028000000000000025,20.433333333333334,0.07767453465175203,-0.16999999999999815,8.43,0.06999999999989935,0.16999999999999993,2.3686046511627907,0.3912
2025-12-03 09:10:00,TANK_01,6.092,0.991,20.59,8.39,none,True,6.105,0.015394804318396021,-0.04100000000000037,0.9906666666666667,0.008504900548034088,0.013000000000000012,20.493333333333336,0.11239810200073226,0.17999999999999972,8.416666666666666,0.07371114795822509,-0.03999999999999915,2.425206124852768,0.2937
2025-12-03 09:20:00,TANK_01,6.1,0.998,20.44,8.48,none,True,6.097666666666666,0.004932882862509999,-0.02200000000000024,0.996,0.004358898943385853,0.016000000000000014,20.46666666666667,0.11239810200073047,-0.0799999999999983,8.456666666666669,0.058594652770700896,0.120000000000001,2.382284382284382,0.1923
2025-12-03 09:30:00,TANK_01,6.108,1.009,20.49,8.44,none,True,6.099999999999999,0.008000000000115083,0.006999999999999673,0.9993333333333334,0.009073771725804201,0.009999999999999898,20.506666666666664,0.07637626158281989,0.11999999999999744,8.436666666666667,0.0450924975280713,-0.0600000000000005,2.399297423887588,0.1416
2025-12-03 09:40:00,TANK_01,6.098,1.016,20.56,8.3,none,True,6.102,0.005291502622297458,0.006000000000000227,1.0076666666666665,0.009073771725807197,0.025000000000000022,20.496666666666666,0.06027713773369732,-0.030000000000001137,8.406666666666668,0.09451631252497722,-0.08999999999999986,2.4476190476190474,0.1464
2025-12-03 09:50:00,TANK_01,6.095,1.014,20.51,8.37,none,True,6.1003333333333325,0.006806859285688239,-0.004999999999999893,1.0130000000000001,0.0036055512752920745,0.016000000000000014,20.52,0.036055512755117,0.07000000000000028,8.37,0.06999999999989932,-0.11000000000000121,2.4214876033057857,0.1454
2025-12-03 10:00:00,TANK_01,6.078,1.014,20.56,8.52,none,True,6.090333333333334,0.010785793125005983,-0.02999999999999936,1.0146666666666668,0.0011547005378472136,0.0050000000000001155,20.543333333333333,0.02886751346008452,0.07000000000000028,8.396666666666667,0.11239810200051985,0.08000000000000007,2.3851508120649654,0.2731
2025-12-03 10:10:00,TANK_01,6.077,1.021,20.5,8.48,none,True,6.083333333333333,0.010115993937108443,-0.020999999999999908,1.0163333333333335,0.004041451884176673,0.004999999999999893,20.523333333333333,0.03214550253717869,-0.05999999999999872,8.456666666666665,0.07767453465145029,0.17999999999999972,2.3892773892773893,0.2398
2025-12-03 10:20:00,TANK_01,6.084,1.028,20.65,8.33,none,True,6.079666666666667,0.003785938897514251,-0.01100000000000012,1.021,0.006999999999915315,0.014000000000000012,20.57,0.07549834435294336,0.13999999999999702,8.443333333333333,0.10016652800870776,-0.03999999999999915,2.449584816132859,0.1262
2025-12-03 10:30:00,TANK_01,6.101,1.025,20.58,8.41,none,True,6.0873333333333335,0.012342339054470502,0.022999999999999687,1.0246666666666666,0.003511884584119027,0.010999999999999899,20.576666666666664,0.07505553499488979,0.019999999999999574,8.406666666666668,0.07505553499455798,-0.10999999999999943,2.4183313748531137,0.1805
2025-12-03 10:40:00,TANK_01,6.105,1.018,20.82,8.47,none,True,6.096666666666667,0.011150485789204856,0.02800000000000047,1.0236666666666667,0.0051316014393331475,-0.0029999999999998916,20.683333333333334,0.12342339054397962,0.3200000000000003,8.403333333333334,0.07023769168558551,-0.009999999999999787,2.429404900816803,0.2048
2025-12-03 10:50:00,TANK_01,6.104,1.027,20.8,8.34,none,True,6.103333333333333,0.0020816659998836354,0.020000000000000462,1.0233333333333334,0.004725815626128809,-0.001000000000000112,20.733333333333334,0.13316656236973592,0.15000000000000213,8.406666666666666,0.06506407098637007,0.009999999999999787,2.4644549763033177,0.119
2025-12-03 11:00:00,TANK_01,6.12,1.033,20.87,8.2,none,True,6.109666666666667,0.008962886439919516,0.019000000000000128,1.026,0.007549834435194366,0.008000000000000007,20.830000000000002,0.03605551275520615,0.2900000000000027,8.336666666666666,0.13503086067014355,-0.21000000000000085,2.5144578313253017,0.1638
2025-12-03 11:10:00,TANK_01,6.107,1.015,20.9,8.37,none,True,6.110333333333333,0.008504900548206039,0.0019999999999997797,1.0250000000000001,0.009165151389848428,-0.0030000000000001137,20.856666666666666,0.051316014394869464,0.0799999999999983,8.303333333333333,0.09073771725869922,-0.10000000000000142,2.4675324675324677,0.0591
2025-12-03 11:20:00,TANK_01,6.111,1.025,20.78,8.26,none,True,6.112666666666667,0.006658328118590257,0.006999999999999673,1.0243333333333333,0.009018499505581262,-0.0020000000000000018,20.849999999999998,0.06244997998431149,-0.019999999999999574,8.276666666666666,0.0862167810424383,-0.08000000000000007,2.4856459330143545,0.0453
2025-12-03 11:30:00,TANK_01,6.102,1.029,21.05,8.25,none,True,6.1066666666666665,0.0045092497530054175,-0.017999999999999794,1.023,0.0072111025508465815,-0.0040000000000000036,20.91,0.13527749258484317,0.17999999999999972,8.293333333333331,0.06658328118469131,0.05000000000000071,2.5209580838323356,0.0594
2025-12-03 11:40:00,TANK_01,6.096,1.032,21.08,8.44,none,True,6.103000000000001,0.007549834435386748,-0.01100000000000012,1.0286666666666668,0.0035118845841225275,0.017000000000000126,20.97,0.16522711641871307,0.17999999999999972,8.316666666666666,0.1069267662155718,0.07000000000000028,2.468384074941452,0.1111
2025-12-03 11:50:00,TANK_01,6.088,1.03,21.01,8.47,none,True,6.0953333333333335,0.007023769168709117,-0.022999999999999687,1.0303333333333333,0.0015275252312836997,0.0050000000000001155,21.046666666666667,0.035118845843474016,0.23000000000000043,8.386666666666665,0.11930353445442951,0.21000000000000085,2.4515752625437575,0.2304
2025-12-03 12:00:00,TANK_01,6.098,1.035,21.3,8.44,none,True,6.094,0.005291502622319223,-0.004000000000000448,1.0323333333333333,0.00251661147820267,0.006000000000000005,21.13,0.1513274595043694,0.25,8.45,0.01732050807527385,0.1899999999999995,2.494145199063232,0.19
2025-12-03 12:10:00,TANK_01,6.113,1.051,21.16,8.25,none,True,6.099666666666667,0.012583057392191387,0.017000000000000348,1.0386666666666668,0.01096965511455411,0.018999999999999906,21.15666666666667,0.1450287327855431,0.08000000000000185,8.386666666666667,0.11930353445442951,-0.1899999999999995,2.5341317365269465,0.1497
2025-12-03 12:20:00,TANK_01,6.126,1.046,21.09,8.3,none,True,6.112333333333333,0.014011899704708284,0.038000000000000256,1.044,0.008185352771809307,0.016000000000000014,21.183333333333334,0.10692676621586095,0.0799999999999983,8.33,0.09848857801789056,-0.16999999999999993,2.5107142857142857,0.1502
2025-12-03 12:30:00,TANK_01,6.137,1.041,21.46,8.31,none,True,6.125333333333334,0.0120138808606709,0.0389999999999997,1.046,0.0049999999998979125,0.006000000000000005,21.236666666666668,0.19655363983753246,0.16000000000000014,8.286666666666667,0.032145502536431725,-0.129999999999999,2.5517241379310347,0.1668
2025-12-03 12:40:00,TANK_01,6.124,1.045,21.43,8.23,none,True,6.1290000000000004,0.007000000000068498,0.010999999999999233,1.044,0.0026457513108692657,-0.006000000000000005,21.326666666666668,0.20550750189076783,0.2699999999999996,8.280000000000001,0.0435889894352513,-0.019999999999999574,2.5726290516206483,0.1078
2025-12-03 12:50:00,TANK_01,6.11,1.061,21.39,8.09,none,True,6.123666666666666,0.013503086067061082,-0.016000000000000014,1.0490000000000002,0.01058300524421111,0.014999999999999902,21.426666666666666,0.035118845843584656,0.3000000000000007,8.21,0.11135528725654185,-0.21000000000000085,2.6117216117216118,0.1348
2025-12-03 13:00:00,TANK_01,6.119,1.056,21.7,8.22,none,True,6.117666666666666,0.0070945988846913485,-0.017999999999999794,1.054,0.008185352771813391,0.015000000000000124,21.50666666666667,0.16862186493271442,0.23999999999999844,8.18,0.07810249675898416,-0.08999999999999986,2.6081730769230766,0.044
2025-12-03 13:10:00,TANK_01,6.119,1.062,21.64,8.26,none,True,6.116,0.005196152422840422,-0.004999999999999893,1.0596666666666668,0.003214550253519439,0.017000000000000126,21.576666666666664,0.16441816606867946,0.21000000000000085,8.19,0.08888194417308277,0.02999999999999936,2.5885167464114835,0.0
2025-12-03 13:20:00,TANK_01,6.131,1.052,21.76,8.25,none,True,6.123,0.006928203230359429,0.020999999999999908,1.0566666666666666,0.005033222956752761,-0.008999999999999897,21.7,0.060000000000473945,0.370000000000001,8.243333333333332,0.02081665999433559,0.16000000000000014,2.6059880239520963,0.1209
2025-12-03 13:30:00,TANK_01,6.115,1.063,21.85,8.36,none,True,6.121666666666667,0.008326663997936813,-0.0039999999999995595,1.059,0.006082762530221282,0.006999999999999895,21.75,0.10535653752880042,0.15000000000000213,8.29,0.060827625302865576,0.1399999999999988,2.5827423167848704,0.0171
2025-12-03 13:40:00,TANK_01,6.111,1.052,22.2,8.05,none,True,6.119,0.010583005244319628,-0.008000000000000007,1.0556666666666668,0.006350852961010595,-0.010000000000000009,21.936666666666667,0.2324507116216116,0.5599999999999987,8.22,0.15716233645497438,-0.20999999999999908,2.723926380368098,0.2517
2025-12-03 13:50:00,TANK_01,6.104,1.057,21.85,8.25,none,True,6.11,0.00556776436297404,-0.027000000000000135,1.0573333333333335,0.00550757054720019,0.004999999999999893,21.96666666666667,0.20207259421652016,0.08999999999999986,8.22,0.15716233645497438,0.0,2.6167664670658684,0.1002
2025-12-03 14:00:00,TANK_01,6.091,1.039,21.9,8.27,none,True,6.101999999999999,0.010148891565185019,-0.02400000000000002,1.0493333333333332,0.009291573243124022,-0.02400000000000002,21.983333333333334,0.18929694486017196,0.04999999999999716,8.19,0.12165525060591116,-0.08999999999999986,2.6164874551971327,0.1143
2025-12-03 14:10:00,TANK_01,6.091,1.051,22.0,8.2,none,True,6.0953333333333335,0.007505553499606543,-0.019999999999999574,1.0490000000000002,0.009165151389857261,-0.001000000000000112,21.916666666666668,0.07637626158299493,-0.1999999999999993,8.24,0.036055512754456086,0.14999999999999858,2.6506024096385548,0.0609
2025-12-03 14:20:00,TANK_01,6.083,1.036,21.96,8.11,none,True,6.088333333333334,0.004618802153772546,-0.020999999999999908,1.042,0.007937253933128155,-0.020999999999999908,21.953333333333333,0.05033222956908369,0.10999999999999943,8.193333333333333,0.08020806277002765,-0.14000000000000057,2.674786845310597,0.0551
2025-12-03 14:30:00,TANK_01,6.103,1.023,22.06,8.3,none,True,6.092333333333333,0.010066445913804943,0.011999999999999567,1.0366666666666668,0.014011899704617409,-0.016000000000000014,22.006666666666664,0.05033222956909263,0.16000000000000014,8.203333333333333,0.09504384952915541,0.030000000000001137,2.6261904761904757,0.0765
2025-12-03 14:40:00,TANK_01,6.097,1.028,21.96,8.09,none,True,6.094333333333334,0.010263202878999244,0.006000000000000227,1.029,0.006557438524216035,-0.02299999999999991,21.993333333333336,0.05773502691950183,-0.03999999999999915,8.166666666666666,0.115902257671372,-0.10999999999999943,2.6813186813186816,0.0309
2025-12-03 14:50:00,TANK_01,6.102,1.011,22.32,8.13,none,True,6.100666666666666,0.003214550253970712,0.019000000000000128,1.0206666666666668,0.008736894947986344,-0.025000000000000133,22.113333333333333,0.18583146486372545,0.35999999999999943,8.173333333333334,0.11150485789112934,0.02000000000000135,2.7120291616038883,0.113
2025-12-03 15:00:00,TANK_01,6.097,1.008,22.45,8.1,none,True,6.0986666666666665,0.0028867513462998515,-0.005999999999999339,1.0156666666666667,0.01078579312485256,-0.014999999999999902,22.24333333333333,0.2538372181800782,0.39000000000000057,8.106666666666667,0.020816659994371337,-0.20000000000000107,2.7378048780487805,0.2661
2025-12-03 15:10:00,TANK_01,6.108,1.015,22.62,8.03,none,True,6.102333333333334,0.00550757054746042,0.010999999999999233,1.0113333333333332,0.003511884584106882,-0.013000000000000123,22.463333333333335,0.15044378795220067,0.6600000000000001,8.086666666666668,0.051316014394353245,-0.0600000000000005,2.7822878228782293,0.1586
2025-12-03 15:20:00,TANK_01,6.11,1.004,22.57,8.01,none,True,6.105,0.007000000000131926,0.008000000000000007,1.0090000000000001,0.005567764362716799,-0.006999999999999895,22.546666666666667,0.08736894948097486,0.25,8.046666666666667,0.04725815626240435,-0.120000000000001,2.7829839704069053,0.0
2025-12-03 15:30:00,TANK_01,6.116,1.001,22.54,8.11,none,True,6.1113333333333335,0.004163331999133032,0.01899999999999924,1.0066666666666666,0.0073711147957455534,-0.007000000000000117,22.576666666666668,0.040414518844222966,0.08999999999999986,8.049999999999999,0.052915026221182306,0.009999999999999787,2.7454323995127896,0.0048
2025-12-03 15:40:00,TANK_01,6.109,0.994,22.55,8.03,none,True,6.111666666666667,0.00378593889741968,0.001000000000000334,0.9996666666666667,0.00513160143931855,-0.020999999999999908,22.55333333333333,0.01527525231900708,-0.07000000000000028,8.049999999999999,0.052915026221182306,0.0,2.773677736777368,0.0501
2025-12-03 15:50:00,TANK_01,6.116,0.99,22.62,8.15,none,True,6.113666666666667,0.004041451884526024,0.005999999999999339,0.9950000000000001,0.005567764362709184,-0.014000000000000012,22.570000000000004,0.04358898943628311,0.05000000000000071,8.096666666666666,0.06110100926597781,0.14000000000000057,2.741818181818182,0.0041
2025-12-03 16:00:00,TANK_01,6.123,0.988,23.04,7.9,none,True,6.116,0.007000000000110176,0.007000000000000561,0.9906666666666668,0.0030550504630796386,-0.0129999999999999,22.736666666666665,0.265015722804162,0.5,8.026666666666667,0.1250333288900283,-0.20999999999999908,2.88,0.2458
2025-12-03 16:10:00,TANK_01,6.14,0.99,22.92,7.99,none,True,6.126333333333332,0.012342339054432562,0.030999999999999694,0.9893333333333333,0.00115470053778251,-0.0040000000000000036,22.86,0.21633307652802763,0.370000000000001,8.013333333333334,0.12662279942143964,-0.03999999999999915,2.833127317676144,0.2043
2025-12-03 16:20:00,TANK_01,6.152,0.98,22.95,8.04,none,True,6.138333333333333,0.014571661996293034,0.036000000000000476,0.9860000000000001,0.005291502621997075,-0.010000000000000009,22.97,0.06244997998465,0.3299999999999983,7.976666666666667,0.07094598884589916,-0.11000000000000121,2.81941031941032,0.152
2025-12-03 16:30:00,TANK_01,6.161,0.974,22.96,7.94,none,True,6.151,0.010535653752876404,0.03799999999999937,0.9813333333333333,0.008082903768566537,-0.014000000000000012,22.94333333333334,0.020816659996653136,-0.0799999999999983,7.990000000000001,0.04999999999988977,0.040000000000000036,2.8557213930348255,0.1079
2025-12-03 16:40:00,TANK_01,6.158,0.971,22.89,7.98,none,True,6.157,0.0045825756949909,0.018000000000000682,0.9750000000000001,0.004582575694796052,-0.019000000000000017,22.933333333333337,0.037859388973097534,-0.030000000000001137,7.986666666666667,0.05033222956836237,-0.009999999999999787,2.832920792079208,0.0592
2025-12-03 16:50:00,TANK_01,6.146,0.969,23.19,8.25,none,True,6.155,0.007937253933217921,-0.006000000000000227,0.9713333333333334,0.002516611478128313,-0.01100000000000001,23.013333333333335,0.15695009822684491,0.240000000000002,8.056666666666667,0.1686218649325219,0.21000000000000085,2.7772455089820363,0.2037
2025-12-03 17:00:00,TANK_01,6.138,0.961,23.1,8.04,none,True,6.147333333333333,0.010066445913725248,-0.022999999999999687,0.9670000000000001,0.005291502621986408,-0.013000000000000012,23.060000000000002,0.1539480431836754,0.14000000000000057,8.09,0.1417744687875362,0.09999999999999876,2.8378378378378386,0.0852
2025-12-03 17:10:00,TANK_01,6.126,0.938,23.14,8.11,none,True,6.136666666666667,0.010066445913741366,-0.03200000000000003,0.956,0.016093476939382234,-0.03300000000000003,23.143333333333334,0.045092497529142114,0.25,8.133333333333333,0.1069267662155788,0.129999999999999,2.818514007308161,0.2371
2025-12-03 17:20:00,TANK_01,6.14,0.937,23.32,7.93,none,True,6.134666666666667,0.0075718777944671885,-0.006000000000000227,0.9453333333333335,0.013576941236217378,-0.03199999999999992,23.186666666666667,0.11718930554199722,0.129999999999999,8.026666666666666,0.0907377172587123,-0.3200000000000003,2.904109589041096,0.1794
2025-12-03 17:30:00,TANK_01,6.127,0.936,23.32,7.96,none,True,6.131,0.007810249675978607,-0.01100000000000012,0.9370000000000002,0.0009999999991603848,-0.02499999999999991,23.26,0.10392304845452846,0.21999999999999886,8.0,0.09643650760987178,-0.07999999999999918,2.893300248138958,0.0915
2025-12-03 17:40:00,TANK_01,6.121,0.936,23.28,7.97,none,True,6.129333333333332,0.009712534856282517,-0.004999999999999893,0.9363333333333334,0.0005773502677322115,-0.0019999999999998908,23.30666666666667,0.023094010769364712,0.14000000000000057,7.953333333333333,0.020816659994401826,-0.13999999999999968,2.8847583643122676,0.1342
2025-12-03 17:50:00,TANK_01,6.125,0.939,23.4,7.95,none,True,6.124333333333333,0.0030550504635200246,-0.01499999999999968,0.9370000000000002,0.0017320508070841369,0.0019999999999998908,23.333333333333332,0.06110100926674776,0.0799999999999983,7.96,0.009999999999457705,0.020000000000000462,2.9068322981366457,0.1294
2025-12-03 18:00:00,TANK_01,6.124,0.942,23.38,7.77,none,True,6.123333333333334,0.0020816659997905957,-0.0030000000000001137,0.9390000000000001,0.0029999999997220475,0.005999999999999894,23.353333333333335,0.06429100507392178,0.05999999999999872,7.896666666666666,0.11015141094567456,-0.1900000000000004,2.9707750952986025,0.1196
2025-12-03 18:10:00,TANK_01,6.136,0.959,23.34,8.01,none,True,6.128333333333333,0.006658328118569434,0.01499999999999968,0.9466666666666668,0.010785793124833758,0.02299999999999991,23.37333333333333,0.030550504634376602,0.05999999999999872,7.91,0.1248999599679257,0.040000000000000036,2.8779284833538843,0.1166
2025-12-03 18:20:00,TANK_01,6.129,0.965,23.27,7.98,none,True,6.129666666666666,0.006027713773437827,0.0039999999999995595,0.9553333333333334,0.011930353445382996,0.026000000000000023,23.330000000000002,0.05567764362903709,-0.129999999999999,7.920000000000001,0.13076696830617976,0.03000000000000025,2.879950495049505,0.0946
2025-12-03 18:30:00,TANK_01,6.135,0.957,23.26,7.93,none,True,6.133333333333333,0.0037859388973380207,0.01100000000000012,0.9603333333333334,0.0041633319987469854,0.015000000000000013,23.290000000000003,0.043588989436351006,-0.11999999999999744,7.973333333333334,0.04041451884313876,0.16000000000000014,2.8966376089663766,0.0871
2025-12-03 18:40:00,TANK_01,6.13,0.953,23.29,8.06,none,True,6.131333333333333,0.003214550253836281,-0.006000000000000227,0.9583333333333334,0.006110100926480597,-0.006000000000000005,23.27333333333333,0.01527525231921778,-0.05000000000000071,7.989999999999999,0.065574385242936,0.05000000000000071,2.8541666666666665,0.0691
2025-12-03 18:50:00,TANK_01,6.128,0.957,23.24,7.91,none,True,6.131,0.00360555127561869,-0.0009999999999994458,0.9556666666666667,0.0023094010764186552,-0.008000000000000007,23.263333333333332,0.02516611478587619,-0.030000000000001137,7.966666666666666,0.08144527815240436,-0.07000000000000028,2.9013732833957553,0.0628
2025-12-03 19:00:00,TANK_01,6.144,0.948,23.49,8.12,none,True,6.134,0.008717797887139795,0.009000000000000341,0.9526666666666667,0.004509249752646869,-0.009000000000000008,23.34,0.13228756555354038,0.22999999999999687,8.03,0.10816653826386655,0.1899999999999995,2.8576642335766427,0.1003
2025-12-03 19:10:00,TANK_01,6.144,0.963,23.36,7.9,none,True,6.1386666666666665,0.009237604307080647,0.014000000000000234,0.9560000000000001,0.007549834435166932,0.010000000000000009,23.363333333333333,0.1250333288904022,0.07000000000000028,7.976666666666667,0.12423096769051677,-0.16000000000000014,2.92,0.0509
2025-12-03 19:20:00,TANK_01,6.144,0.957,23.52,7.74,none,True,6.144,0.0,0.016000000000000014,0.9560000000000001,0.007549834435166932,0.0,23.456666666666667,0.08504900548163472,0.28000000000000114,7.919999999999999,0.190787840283361,-0.16999999999999993,3.0,0.2587
2025-12-03 19:30:00,TANK_01,6.134,0.969,23.5,7.97,none,True,6.140666666666667,0.005773502691965405,-0.009999999999999787,0.9630000000000001,0.00599999999987286,0.02100000000000002,23.459999999999997,0.08717797887128287,0.010000000000001563,7.87,0.11789826122547269,-0.14999999999999947,2.9120198265179678,0.0711
2025-12-03 19:40:00,TANK_01,6.151,0.952,23.14,8.15,none,True,6.143000000000001,0.00854400374535912,0.006999999999999673,0.9593333333333334,0.008736894947965528,-0.01100000000000001,23.386666666666667,0.21385353243146346,-0.21999999999999886,7.953333333333333,0.2055075018906185,0.25,2.8048484848484847,0.281
2025-12-03 19:50:00,TANK_01,6.138,0.952,23.3,7.7,none,True,6.141000000000001,0.008888194417359564,-0.006000000000000227,0.9576666666666668,0.009814954576144265,-0.0050000000000000044,23.313333333333333,0.18036999011314236,-0.21999999999999886,7.94,0.22649503305809918,-0.040000000000000036,2.9871794871794872,0.2473
2025-12-03 20:00:00,TANK_01,6.138,0.956,23.4,7.69,none,True,6.142333333333333,0.007505553499514388,0.0039999999999995595,0.9533333333333335,0.002309401076415282,-0.013000000000000012,23.28,0.1311487704863511,-0.10000000000000142,7.846666666666667,0.26274195198582867,-0.27999999999999936,3.00385109114249,0.2988
2025-12-03 20:10:00,TANK_01,6.141,0.974,23.28,8.03,none,True,6.139,0.0017320508078162522,-0.009999999999999787,0.9606666666666667,0.011718930554098946,0.02200000000000002,23.326666666666668,0.06429100507392466,0.14000000000000057,7.8066666666666675,0.19347695814572727,-0.120000000000001,2.863468634686347,0.2289
2025-12-03 20:20:00,TANK_01,6.144,0.955,23.61,7.92,none,True,6.141000000000001,0.0030000000001311664,0.006000000000000227,0.9616666666666668,0.010692676621491927,0.0030000000000000027,23.430000000000003,0.16703293088514887,0.3099999999999987,7.88,0.1734935157289448,0.21999999999999975,2.9438902743142146,0.2311
2025-12-03 20:30:00,TANK_01,6.143,0.967,23.48,8.05,none,True,6.142666666666667,0.0015275252318901911,0.004999999999999893,0.9653333333333333,0.009609023536854465,0.01100000000000001,23.456666666666667,0.166232768530806,0.08000000000000185,8.0,0.069999999999921,0.3600000000000003,2.8809815950920243,0.1954
2025-12-03 20:40:00,TANK_01,6.169,0.969,23.52,7.86,none,True,6.152,0.014730919862669618,0.02799999999999958,0.9636666666666667,0.007571877794299933,-0.0050000000000000044,23.536666666666665,0.06658328118542665,0.23999999999999844,7.943333333333334,0.09712534856216778,-0.16999999999999904,2.9547738693467336,0.1802
2025-12-03 20:50:00,TANK_01,6.185,0.956,23.39,7.93,none,True,6.165666666666667,0.021197484127444086,0.04099999999999948,0.964,0.0069999999998915045,0.0010000000000000009,23.463333333333335,0.06658328118541833,-0.21999999999999886,7.946666666666668,0.09609023536927447,0.009999999999999787,2.912826899128269,0.2851
2025-12-03 21:00:00,TANK_01,6.184,0.949,23.54,7.88,none,True,6.179333333333332,0.00896288643980087,0.04100000000000037,0.9580000000000001,0.010148891565015406,-0.018000000000000016,23.483333333333334,0.08144527815298307,0.05999999999999872,7.890000000000001,0.036055512754492,-0.17000000000000082,2.949874686716792,0.2213
2025-12-03 21:10:00,TANK_01,6.163,0.96,23.62,7.84,none,True,6.177333333333333,0.01242309676903582,-0.005999999999999339,0.9550000000000001,0.005567764362688186,-0.009000000000000008,23.51666666666667,0.11676186592127476,0.10000000000000142,7.883333333333334,0.045092497528111,-0.020000000000000462,2.974811083123426,0.1053
2025-12-03 21:20:00,TANK_01,6.177,0.954,23.27,7.87,none,True,6.174666666666667,0.010692676621544451,-0.008000000000000007,0.9543333333333335,0.005507570547142309,-0.0020000000000000018,23.47666666666667,0.18339392937994728,-0.120000000000001,7.863333333333334,0.020816659994407093,-0.05999999999999961,2.9196988707653704,0.144
2025-12-03 21:30:00,TANK_01,6.194,0.968,23.44,7.83,none,True,6.178,0.015524174696243056,0.009999999999999787,0.9606666666666667,0.007023769168458835,0.019000000000000017,23.44333333333333,0.1750238079045718,-0.09999999999999787,7.846666666666668,0.020816659994408158,-0.04999999999999982,2.955863808322825,0.2334
2025-12-03 21:40:00,TANK_01,6.202,0.956,23.4,7.88,none,True,6.191,0.012767145334765797,0.0389999999999997,0.9593333333333334,0.007571877794298045,-0.0040000000000000036,23.37,0.08888194417361456,-0.22000000000000242,7.86,0.026457513110445856,0.040000000000000036,2.9323308270676693,0.2326
2025-12-03 21:50:00,TANK_01,6.197,0.951,23.05,7.83,none,True,6.197666666666667,0.00404145188417844,0.020000000000000462,0.9583333333333334,0.008736894947965047,-0.0030000000000000027,23.296666666666667,0.2145538005569072,-0.21999999999999886,7.846666666666667,0.028867513459298944,-0.040000000000000036,2.9066834804539723,0.2329
2025-12-03 22:00:00,TANK_01,6.196,0.94,23.36,8.06,none,True,6.198333333333333,0.0032145502534735404,0.0019999999999997797,0.949,0.008185352771773544,-0.028000000000000025,23.27,0.19157244060688614,-0.08000000000000185,7.923333333333335,0.12096831541078253,0.23000000000000043,2.8627450980392157,0.248
2025-12-03 22:10:00,TANK_01,6.181,0.924,23.2,8.16,none,True,6.191333333333333,0.008962886439777632,-0.020999999999999908,0.9383333333333335,0.013576941236215273,-0.03199999999999992,23.203333333333333,0.15502687939003074,-0.1999999999999993,8.016666666666667,0.16921386861992802,0.28000000000000025,2.8087167070217918,0.367
2025-12-03 22:20:00,TANK_01,6.173,0.929,22.98,7.92,none,True,6.183333333333334,0.01167618659206112,-0.02400000000000002,0.931,0.008185352771766269,-0.02199999999999991,23.180000000000003,0.1907878402835916,-0.07000000000000028,8.046666666666669,0.12055427546678779,0.08999999999999986,2.865336658354115,0.1843
2025-12-03 22:30:00,TANK_01,6.179,0.926,23.19,7.98,none,True,6.177666666666667,0.004163331998871934,-0.01699999999999946,0.9263333333333335,0.002516611478072332,-0.013999999999999901,23.123333333333335,0.12423096769086804,-0.16999999999999815,8.020000000000001,0.12489995996792295,-0.08000000000000007,2.870049504950495,0.1307
2025-12-03 22:40:00,TANK_01,6.179,0.925,23.25,7.95,none,True,6.177,0.003464101615068748,-0.0019999999999997797,0.9266666666666667,0.002081665999042023,0.0010000000000000009,23.14,0.14177446878784722,0.05000000000000071,7.95,0.02999999999981062,-0.20999999999999996,2.8881987577639747,0.1189
2025-12-03 22:50:00,TANK_01,6.188,0.922,23.05,7.89,none,True,6.1819999999999995,0.005196152422643131,0.01499999999999968,0.9243333333333336,0.002081665999038476,-0.007000000000000006,23.16333333333333,0.10263202878931023,0.07000000000000028,7.94,0.04582575694943447,-0.03000000000000025,2.88485607008761,0.079
2025-12-03 23:00:00,TANK_01,6.167,0.917,23.0,7.96,none,True,6.178,0.010535653752828614,-0.012000000000000455,0.9213333333333334,0.004041451884104736,-0.009000000000000008,23.099999999999998,0.13228756555351637,-0.19000000000000128,7.933333333333334,0.03785938897185141,-0.020000000000000462,2.853598014888337,0.084
2025-12-03 23:10:00,TANK_01,6.173,0.908,22.77,7.9,none,True,6.175999999999999,0.010816653826371755,-0.006000000000000227,0.9156666666666667,0.007094598884468243,-0.017000000000000015,22.939999999999998,0.14933184523093265,-0.4800000000000004,7.916666666666668,0.03785938897185083,-0.04999999999999982,2.84625,0.2098
2025-12-03 23:20:00,TANK_01,6.179,0.899,22.88,7.89,none,True,6.172999999999999,0.00599999999997293,-0.008999999999999453,0.908,0.008999999999895446,-0.02300000000000002,22.883333333333336,0.11503622617857456,-0.1700000000000017,7.916666666666667,0.03785938897185083,0.0,2.8635794743429286,0.0871
2025-12-03 23:30:00,TANK_01,6.17,0.898,22.95,7.91,none,True,6.1739999999999995,0.004582575694916542,0.0030000000000001137,0.9016666666666667,0.005507570547111834,-0.019000000000000017,22.866666666666664,0.09073771725918613,-0.05000000000000071,7.900000000000001,0.009999999999427401,-0.04999999999999982,2.865168539325843,0.1078
2025-12-03 23:40:00,TANK_01,6.156,0.897,22.78,8.0,none,True,6.168333333333333,0.011590225767135951,-0.017000000000000348,0.8980000000000001,0.000999999999029379,-0.01100000000000001,22.87,0.08544003745361145,0.010000000000001563,7.9333333333333345,0.05859465277072611,0.09999999999999964,2.812345679012346,0.0946
2025-12-03 23:50:00,TANK_01,6.168,0.879,22.6,8.07,none,True,6.164666666666666,0.00757187779439895,-0.01100000000000012,0.8913333333333334,0.010692676621471043,-0.020000000000000018,22.77666666666667,0.1750238079045472,-0.2799999999999976,7.993333333333335,0.08020806277003609,0.1800000000000006,2.766217870257038,0.1581
2025-12-04 00:00:00,TANK_01,6.159,0.881,22.64,8.04,none,True,6.1610000000000005,0.0062449979984075185,-0.01100000000000012,0.8856666666666667,0.009865765724530485,-0.017000000000000015,22.673333333333336,0.0945163125254484,-0.3099999999999987,8.036666666666667,0.03511884584268201,0.129999999999999,2.781326781326782,0.1072
2025-12-04 00:10:00,TANK_01,6.183,0.87,22.54,8.13,none,True,6.170000000000001,0.0121243556529729,0.027000000000000135,0.8766666666666668,0.005859465276905986,-0.027000000000000024,22.593333333333334,0.050332229569221724,-0.240000000000002,8.08,0.045825756949435956,0.13000000000000078,2.738760631834751,0.245
2025-12-04 00:20:00,TANK_01,6.175,0.87,22.61,8.09,none,True,6.1723333333333334,0.012220201853202804,0.006999999999999673,0.8736666666666668,0.006350852960921809,-0.009000000000000008,22.596666666666664,0.05131601439520431,0.00999999999999801,8.086666666666668,0.04509249752810444,0.019999999999999574,2.7606837606837606,0.0842
2025-12-04 00:30:00,TANK_01,6.182,0.865,22.41,8.29,none,True,6.18,0.004358898943471337,0.023000000000000576,0.8683333333333335,0.0028867513455816353,-0.016000000000000014,22.52,0.10148891565129631,-0.23000000000000043,8.17,0.10583005244252765,0.25,2.6710369487485104,0.2416
2025-12-04 00:40:00,TANK_01,6.186,0.874,22.3,8.1,none,True,6.181,0.00556776436277247,0.0030000000000001137,0.8696666666666667,0.00450924975258919,0.0040000000000000036,22.439999999999998,0.15716233645526145,-0.23999999999999844,8.160000000000002,0.11269427669579404,-0.030000000000001137,2.7195121951219514,0.1158
2025-12-04 00:50:00,TANK_01,6.198,0.873,22.16,8.06,none,True,6.188666666666667,0.008326663997808759,0.023000000000000576,0.8706666666666667,0.0049328828621032494,0.0030000000000000027,22.290000000000003,0.12529964086173292,-0.4499999999999993,8.15,0.12288205727439681,-0.02999999999999936,2.715686274509804,0.2006
2025-12-04 01:00:00,TANK_01,6.197,0.888,22.3,8.05,none,True,6.193666666666666,0.0066583281183952205,0.01499999999999968,0.8783333333333334,0.008386497083483702,0.02300000000000002,22.253333333333334,0.08082903768704232,-0.10999999999999943,8.070000000000002,0.02645751311042831,-0.23999999999999844,2.7361963190184047,0.1882
2025-12-04 01:10:00,TANK_01,6.196,0.887,21.97,8.18,none,True,6.197,0.0009999999993749347,0.009999999999999787,0.8826666666666667,0.008386497083485387,0.013000000000000012,22.143333333333334,0.16563010998431432,-0.33000000000000185,8.096666666666668,0.07234178138062122,0.08000000000000007,2.6533816425120773,0.1739
2025-12-04 01:20:00,TANK_01,6.193,0.885,21.99,8.21,none,True,6.195333333333333,0.0020816659991806535,-0.005000000000000782,0.8866666666666667,0.0015275252309978336,0.01200000000000001,22.08666666666667,0.18502252115193304,-0.1700000000000017,8.146666666666668,0.08504900548108286,0.15000000000000036,2.6462093862815883,0.171
2025-12-04 01:30:00,TANK_01,6.188,0.876,22.25,8.1,none,True,6.192333333333333,0.0040414518841940745,-0.009000000000000341,0.8826666666666667,0.00585946527690958,-0.01200000000000001,22.069999999999997,0.1562049935184026,-0.05000000000000071,8.163333333333334,0.05686240703066643,0.049999999999998934,2.713414634146342,0.0931
2025-12-04 01:40:00,TANK_01,6.175,0.887,22.12,8.06,none,True,6.1853333333333325,0.009291573243133127,-0.020999999999999908,0.8826666666666667,0.00585946527690958,0.0,22.12,0.13000000000031892,0.15000000000000213,8.123333333333333,0.07767453465146427,-0.11999999999999922,2.7107843137254903,0.094
2025-12-04 01:50:00,TANK_01,6.17,0.885,21.83,8.07,none,True,6.177666666666667,0.009291573243147876,-0.022999999999999687,0.8826666666666667,0.00585946527690958,0.0,22.066666666666666,0.21501937897179785,-0.16000000000000014,8.076666666666668,0.02081665999438697,-0.14000000000000057,2.671970624235006,0.2136
2025-12-04 02:00:00,TANK_01,6.159,0.905,21.74,8.17,none,True,6.167999999999999,0.008185352771860258,-0.028999999999999915,0.8923333333333335,0.011015141094483158,0.029000000000000026,21.896666666666665,0.1985782801149736,-0.5100000000000016,8.100000000000001,0.060827625302886476,0.07000000000000028,2.6287787182587667,0.2718
2025-12-04 02:10:00,TANK_01,6.167,0.899,21.66,8.13,none,True,6.165333333333333,0.005686240703068199,-0.008000000000000007,0.8963333333333335,0.010263202878799452,0.01200000000000001,21.74333333333333,0.08504900548168089,-0.46000000000000085,8.123333333333333,0.050332229568354134,0.07000000000000028,2.6318347509113,0.1238
2025-12-04 02:20:00,TANK_01,6.172,0.9,21.8,8.17,none,True,6.166,0.006557438524292145,0.0019999999999997797,0.9013333333333334,0.0032145502533681754,0.015000000000000013,21.733333333333334,0.07023769168632552,-0.029999999999997584,8.156666666666668,0.023094010767321618,0.09999999999999964,2.636033857315599,0.0689
2025-12-04 02:30:00,TANK_01,6.184,0.9,21.53,8.3,none,True,6.174333333333333,0.008736894948029459,0.025000000000000355,0.8996666666666667,0.0005773502675315252,-0.0050000000000000044,21.663333333333338,0.1350308606705324,-0.2099999999999973,8.200000000000001,0.08888194417308479,0.13000000000000078,2.5630952380952383,0.1517
2025-12-04 02:40:00,TANK_01,6.188,0.902,21.43,8.26,none,True,6.181333333333334,0.008326663997822942,0.020999999999999908,0.9006666666666668,0.0011547005375528942,0.0030000000000000027,21.58666666666667,0.19139836293298584,-0.23000000000000043,8.243333333333334,0.06658328118469516,0.129999999999999,2.563397129186603,0.1868
2025-12-04 02:50:00,TANK_01,6.185,0.908,21.61,8.33,none,True,6.185666666666666,0.002081665999261862,0.0129999999999999,0.9033333333333334,0.004163331998705054,0.008000000000000007,21.523333333333337,0.09018499505698577,-0.19000000000000128,8.296666666666667,0.03511884584264554,0.16000000000000014,2.5634638196915778,0.167
2025-12-04 03:00:00,TANK_01,6.193,0.918,21.53,8.22,none,True,6.188666666666666,0.004041451884208441,0.008999999999999453,0.9093333333333335,0.00808290376854002,0.018000000000000016,21.523333333333337,0.09018499505698577,0.0,8.270000000000001,0.05567764362817802,-0.08000000000000007,2.5877403846153846,0.108
2025-12-04 03:10:00,TANK_01,6.181,0.919,21.49,8.14,none,True,6.186333333333334,0.006110100926535873,-0.006999999999999673,0.915,0.006082762530148635,0.017000000000000015,21.543333333333333,0.06110100926685244,0.05999999999999872,8.230000000000002,0.09539392014162537,-0.11999999999999922,2.608009708737864,0.0861
2025-12-04 03:20:00,TANK_01,6.171,0.918,21.18,8.42,none,True,6.1816666666666675,0.011015141094539913,-0.013999999999999346,0.9183333333333334,0.0005773502676318588,0.010000000000000009,21.399999999999995,0.19157244060693876,-0.4299999999999997,8.26,0.14422205101851193,0.08999999999999986,2.4859154929577465,0.3113
2025-12-04 03:30:00,TANK_01,6.171,0.925,21.21,8.35,none,True,6.174333333333333,0.005773502691858776,-0.021999999999999353,0.9206666666666669,0.0037859388969646458,0.007000000000000006,21.293333333333333,0.17097758137672697,-0.3200000000000003,8.303333333333335,0.14571661996257984,0.129999999999999,2.5100591715976335,0.2176
2025-12-04 03:40:00,TANK_01,6.159,0.918,20.87,8.3,none,True,6.166999999999999,0.006928203230264146,-0.02200000000000024,0.9203333333333333,0.0040414518841064735,-0.0010000000000000009,21.08666666666667,0.1882374387135608,-0.6199999999999974,8.356666666666667,0.06027713773329166,0.16000000000000014,2.4845238095238096,0.3048
2025-12-04 03:50:00,TANK_01,6.154,0.92,20.91,8.54,none,True,6.161333333333334,0.00873689494805714,-0.017000000000000348,0.9210000000000002,0.003605551275216969,0.0020000000000000018,20.996666666666666,0.18583146486384952,-0.2699999999999996,8.396666666666667,0.12662279942142193,0.11999999999999922,2.4201388888888893,0.2742
2025-12-04 04:00:00,TANK_01,6.166,0.909,20.76,8.24,none,True,6.159666666666666,0.006027713773351037,-0.004999999999999893,0.9156666666666667,0.005859465276927479,-0.016000000000000014,20.846666666666668,0.07767453465228055,-0.4499999999999993,8.360000000000001,0.15874507866382695,-0.10999999999999943,2.4892086330935252,0.2474
2025-12-04 04:10:00,TANK_01,6.169,0.896,20.89,8.43,none,True,6.163,0.007937253933192515,0.009999999999999787,0.9083333333333335,0.012013880860549357,-0.02200000000000002,20.853333333333335,0.08144527815317586,0.019999999999999574,8.403333333333334,0.15176736583771103,0.129999999999999,2.449003516998828,0.2083
2025-12-04 04:20:00,TANK_01,6.172,0.902,20.71,8.47,none,True,6.169,0.002999999999958132,0.017999999999999794,0.9023333333333334,0.006506407098502011,-0.018000000000000016,20.786666666666665,0.09291573243240302,-0.1999999999999993,8.38,0.12288205727438281,-0.06999999999999851,2.4165694282380397,0.2738
2025-12-04 04:30:00,TANK_01,6.179,0.91,20.9,8.24,none,True,6.173333333333333,0.005131601439406459,0.0129999999999999,0.9026666666666667,0.007023769168433685,0.0010000000000000009,20.833333333333332,0.10692676621617635,0.13999999999999702,8.38,0.12288205727438281,0.0,2.5059952038369304,0.1228
2025-12-04 04:40:00,TANK_01,6.155,0.913,20.94,8.29,none,True,6.168666666666667,0.01234233905437245,-0.013999999999999346,0.9083333333333335,0.005686240702913895,0.017000000000000015,20.849999999999998,0.12288205727491465,0.05000000000000071,8.333333333333334,0.12096831541076554,-0.14000000000000057,2.4958283671036954,0.1693
2025-12-04 04:50:00,TANK_01,6.147,0.914,20.82,8.46,none,True,6.160333333333334,0.016653327995731274,-0.024999999999999467,0.9123333333333333,0.0020816659990255592,0.01200000000000001,20.886666666666667,0.061101009267019266,0.10999999999999943,8.33,0.11532562594664315,-0.009999999999999787,2.4322429906542054,0.2674
2025-12-04 05:00:00,TANK_01,6.135,0.909,20.57,8.48,none,True,6.145666666666667,0.010066445913726033,-0.04400000000000048,0.912,0.002645751310717581,-0.0010000000000000009,20.776666666666667,0.18876793513054765,-0.3299999999999983,8.410000000000002,0.10440306508903006,0.2400000000000002,2.3974358974358974,0.3933
2025-12-04 05:10:00,TANK_01,6.142,0.899,20.49,8.47,none,True,6.141333333333333,0.006027713773408373,-0.0129999999999999,0.9073333333333334,0.0076376261581377475,-0.014000000000000012,20.626666666666665,0.1721433511160214,-0.45000000000000284,8.47,0.009999999999171507,0.1800000000000015,2.3908984830805133,0.3604
2025-12-04 05:20:00,TANK_01,6.14,0.89,20.48,8.5,none,True,6.139,0.003605551275587606,-0.007000000000000561,0.8993333333333334,0.009504384952821715,-0.02400000000000002,20.513333333333332,0.04932882862440195,-0.33999999999999986,8.483333333333334,0.015275252315973124,0.03999999999999915,2.3813953488372093,0.3352
2025-12-04 05:30:00,TANK_01,6.137,0.888,20.4,8.52,none,True,6.139666666666666,0.0025166114785956277,0.0019999999999997797,0.8923333333333335,0.005859465276915951,-0.02100000000000002,20.456666666666667,0.04932882862441062,-0.1700000000000017,8.496666666666668,0.02516611478390264,0.03999999999999915,2.3665893271461718,0.2701
2025-12-04 05:40:00,TANK_01,6.131,0.89,20.47,8.41,none,True,6.136,0.0045825756950649095,-0.01100000000000012,0.8893333333333334,0.001154700537527519,-0.009000000000000008,20.45,0.04358898943682066,-0.019999999999999574,8.476666666666668,0.0585946527706809,-0.0600000000000005,2.4054054054054053,0.1943
2025-12-04 05:50:00,TANK_01,6.123,0.888,20.37,8.56,none,True,6.130333333333333,0.007023769168654953,-0.01699999999999946,0.8886666666666668,0.0011547005375258446,-0.0020000000000000018,20.41333333333333,0.05131601439567082,-0.10999999999999943,8.496666666666668,0.07767453465143206,0.0600000000000005,2.352193995381062,0.2514
2025-12-04 06:00:00,TANK_01,6.115,0.895,20.51,8.5,none,True,6.123,0.008000000000093583,-0.021999999999999353,0.8910000000000001,0.0036055512751925383,0.007000000000000006,20.45,0.07211102551013443,0.11000000000000298,8.490000000000002,0.0754983443525966,-0.019999999999999574,2.3848837209302327,0.1846
2025-12-04 06:10:00,TANK_01,6.122,0.892,20.39,8.51,none,True,6.12,0.004358898943725332,-0.009000000000000341,0.8916666666666667,0.0035118845840060916,0.0020000000000000018,20.423333333333336,0.07571877794481911,-0.0799999999999983,8.523333333333333,0.032145502536377636,0.09999999999999964,2.3681765389082465,0.2125
2025-12-04 06:20:00,TANK_01,6.106,0.888,20.16,8.32,none,True,6.114333333333334,0.008020806277124348,-0.017000000000000348,0.8916666666666667,0.0035118845840060916,0.0,20.353333333333335,0.17785762095973634,-0.21000000000000085,8.443333333333333,0.10692676621556042,-0.2400000000000002,2.3942992874109263,0.3077
2025-12-04 06:30:00,TANK_01,6.106,0.892,20.19,8.55,none,True,6.1113333333333335,0.00923760430713886,-0.009000000000000341,0.8906666666666668,0.002309401076334311,-0.0030000000000000027,20.246666666666666,0.12503332889056995,-0.3200000000000003,8.46,0.12288205727437838,0.05000000000000071,2.3341040462427745,0.2981
2025-12-04 06:40:00,TANK_01,6.112,0.892,20.19,8.56,none,True,6.1080000000000005,0.003464101615435918,-0.009999999999999787,0.8906666666666667,0.002309401076334311,0.0,20.180000000000003,0.01732050807928569,-0.1999999999999993,8.476666666666668,0.1357694123627147,0.05000000000000071,2.3314087759815245,0.3551
2025-12-04 06:50:00,TANK_01,6.13,0.871,20.31,8.37,none,True,6.116,0.012489995996866916,0.02400000000000002,0.8850000000000001,0.01212435565290004,-0.017000000000000015,20.23,0.0692820323036496,0.14999999999999858,8.493333333333334,0.10692676621555887,0.049999999999998934,2.397874852420307,0.2929
2025-12-04 07:00:00,TANK_01,6.139,0.881,20.15,8.46,none,True,6.127,0.01374772708491547,0.03300000000000036,0.8813333333333334,0.010503967504296729,-0.01100000000000001,20.216666666666665,0.08326663997939217,-0.0400000000000027,8.463333333333333,0.09504384952913546,-0.08999999999999986,2.3539719626168223,0.3164
2025-12-04 07:10:00,TANK_01,6.139,0.881,20.16,8.62,none,True,6.136,0.00519615242279969,0.027000000000000135,0.8776666666666668,0.005773502691720204,-0.01100000000000001,20.206666666666663,0.08962886439901963,-0.030000000000001137,8.483333333333334,0.12662279942141783,0.05999999999999872,2.3119266055045875,0.3397
2025-12-04 07:20:00,TANK_01,6.124,0.876,20.24,8.46,none,True,6.134,0.008660254037905227,-0.006000000000000227,0.8793333333333334,0.0028867513455977127,0.0050000000000000044,20.183333333333334,0.049328828624428486,-0.07000000000000028,8.513333333333335,0.09237604307024755,0.09000000000000163,2.3644859813084107,0.2463
2025-12-04 07:30:00,TANK_01,6.122,0.873,20.27,8.55,none,True,6.128333333333334,0.009291573243246755,-0.017000000000000348,0.8766666666666666,0.004041451884075224,-0.008000000000000007,20.223333333333333,0.056862407031866825,0.120000000000001,8.543333333333335,0.08020806276999791,0.08999999999999986,2.3433526011560692,0.2739
2025-12-04 07:40:00,TANK_01,6.109,0.861,20.09,8.5,none,True,6.118333333333333,0.00814452781535134,-0.03000000000000025,0.8700000000000001,0.007937253933063014,-0.020000000000000018,20.2,0.09643650761057532,-0.07000000000000028,8.503333333333336,0.04509249752804358,-0.11999999999999922,2.336046511627907,0.3141
2025-12-04 07:50:00,TANK_01,6.119,0.859,20.29,8.66,none,True,6.116666666666667,0.006806859285684141,-0.004999999999999893,0.8643333333333333,0.007571877794261148,-0.017000000000000015,20.216666666666665,0.11015141094628592,0.05000000000000071,8.57,0.08185352771861554,0.1999999999999993,2.3162100456621,0.3666
2025-12-04 08:00:00,TANK_01,6.111,0.861,20.26,8.51,none,True,6.1129999999999995,0.005291502622310859,-0.01100000000000012,0.8603333333333335,0.0011547005374563015,-0.01200000000000001,20.213333333333335,0.10785793124966633,-0.00999999999999801,8.556666666666667,0.0896288643982269,-0.040000000000000924,2.353077816492451,0.2535
2025-12-04 08:10:00,TANK_01,6.115,0.856,20.07,8.54,none,True,6.114999999999999,0.00400000000023001,0.006000000000000227,0.8586666666666667,0.0025166114779981803,-0.0050000000000000044,20.206666666666667,0.11930353445500957,-0.019999999999999574,8.57,0.07937253933182582,0.03999999999999915,2.322916666666667,0.2878
2025-12-04 08:20:00,TANK_01,6.125,0.845,20.12,8.69,none,True,6.117,0.007211102551049657,0.006000000000000227,0.8540000000000001,0.008185352771739972,-0.014000000000000012,20.150000000000002,0.09848857801859616,-0.16999999999999815,8.58,0.0964365076098362,0.02999999999999936,2.2889647326507396,0.4127
2025-12-04 08:30:00,TANK_01,6.124,0.847,20.24,8.55,none,True,6.121333333333333,0.0055075705474283525,0.0129999999999999,0.8493333333333334,0.005859465276894831,-0.014000000000000012,20.14333333333333,0.08736894948125566,-0.020000000000003126,8.593333333333334,0.08386497083595183,0.040000000000000924,2.3398843930635835,0.2872
2025-12-04 08:40:00,TANK_01,6.123,0.844,20.33,8.38,none,True,6.124,0.0010000000007281025,0.008000000000000007,0.8453333333333335,0.0015275252309248305,-0.01200000000000001,20.23,0.10535653752911367,0.259999999999998,8.540000000000001,0.15524174696254375,-0.15999999999999837,2.397405660377358,0.3326
2025-12-04 08:50:00,TANK_01,6.11,0.855,20.31,8.39,none,True,6.119,0.007810249676013162,-0.01499999999999968,0.8486666666666668,0.005686240702883808,0.010000000000000009,20.293333333333333,0.04725815626382792,0.18999999999999773,8.440000000000001,0.09539392014161342,-0.29999999999999893,2.3922261484098937,0.2691
2025-12-04 09:00:00,TANK_01,6.12,0.859,20.16,8.52,none,True,6.1176666666666675,0.006806859285680579,-0.0039999999999995595,0.8526666666666666,0.00776745346501398,0.01200000000000001,20.266666666666666,0.09291573243244018,-0.0799999999999983,8.430000000000001,0.07810249675896837,-0.030000000000001137,2.3387470997679816,0.1973
2025-12-04 09:10:00,TANK_01,6.139,0.866,20.26,8.54,none,True,6.123,0.014730919862706957,0.016000000000000014,0.86,0.005567764362638747,0.02200000000000002,20.243333333333336,0.07637626158340978,-0.06999999999999673,8.483333333333334,0.08144527815237186,0.15999999999999837,2.344907407407408,0.3541
2025-12-04 09:20:00,TANK_01,6.134,0.863,20.2,8.42,none,True,6.131,0.009848857801854778,0.02400000000000002,0.8626666666666667,0.0035118845839833953,0.008000000000000007,20.206666666666667,0.050332229569711714,-0.10999999999999943,8.493333333333334,0.06429100507316052,0.02999999999999936,2.370892018779343,0.2835
2025-12-04 09:30:00,TANK_01,6.14,0.875,20.23,8.42,none,True,6.137666666666667,0.0032145502537999676,0.019999999999999574,0.868,0.006244997998231818,0.016000000000000014,20.23,0.030000000002076813,0.07000000000000028,8.459999999999999,0.06928203230264182,-0.09999999999999964,2.3744131455399065,0.2828
2025-12-04 09:40:00,TANK_01,6.133,0.891,20.19,8.38,none,True,6.135666666666666,0.0037859388973258386,-0.006000000000000227,0.8763333333333333,0.014047538337064732,0.025000000000000022,20.206666666666667,0.020816659997657513,-0.07000000000000028,8.406666666666668,0.023094010767262488,-0.15999999999999837,2.3808962264150946,0.3874
2025-12-04 09:50:00,TANK_01,6.119,0.886,20.44,8.58,none,True,6.1306666666666665,0.010692676621617454,-0.015000000000000568,0.884,0.008185352771751331,0.02300000000000002,20.286666666666665,0.13428824719035168,0.240000000000002,8.46,0.10583005244250977,0.16000000000000014,2.3548387096774195,0.259
2025-12-04 10:00:00,TANK_01,6.126,0.879,20.42,8.44,none,True,6.126,0.007000000000095684,-0.013999999999999346,0.8853333333333334,0.006027713773177915,0.0040000000000000036,20.35,0.13892443989494005,0.19000000000000128,8.466666666666667,0.10263202878886124,0.019999999999999574,2.391100702576113,0.1549
2025-12-04 10:10:00,TANK_01,6.133,0.901,20.33,8.35,none,True,6.126,0.007000000000095684,0.0,0.8886666666666668,0.01123981019997139,0.010000000000000009,20.396666666666665,0.0585946527718689,0.13999999999999702,8.456666666666667,0.11590225767135841,-0.030000000000001137,2.4059171597633138,0.1785
2025-12-04 10:20:00,TANK_01,6.154,0.899,20.37,8.31,none,True,6.137666666666667,0.0145716619962923,0.03500000000000014,0.8930000000000001,0.01216552506051734,0.013000000000000012,20.373333333333335,0.045092497529590846,-0.07000000000000028,8.366666666666667,0.06658328118468963,-0.2699999999999996,2.4221165279429253,0.3597
2025-12-04 10:30:00,TANK_01,6.162,0.91,20.46,8.57,none,True,6.149666666666666,0.014977761292452622,0.03599999999999959,0.9033333333333334,0.005859465276923713,0.031000000000000028,20.386666666666667,0.06658328118571362,0.03999999999999915,8.410000000000002,0.13999999999994817,0.13000000000000078,2.359861591695502,0.4103
2025-12-04 10:40:00,TANK_01,6.159,0.924,20.57,8.61,none,True,6.158333333333334,0.004041451884326701,0.0259999999999998,0.9110000000000001,0.012529964086069524,0.02300000000000002,20.46666666666667,0.10016652800937872,0.240000000000002,8.496666666666668,0.16289055630489244,0.2599999999999998,2.3616532721010337,0.4348
2025-12-04 10:50:00,TANK_01,6.144,0.912,20.63,8.47,none,True,6.155,0.009643650761000025,-0.009999999999999787,0.9153333333333334,0.00757187779428287,0.013000000000000012,20.55333333333333,0.086216781043201,0.259999999999998,8.55,0.07211102550916375,0.16000000000000014,2.407234539089848,0.2395
2025-12-04 11:00:00,TANK_01,6.136,0.913,20.68,8.53,none,True,6.146333333333334,0.011676186592113268,-0.0259999999999998,0.9163333333333333,0.006658328118346288,0.0030000000000000027,20.62666666666667,0.055075705473915715,0.21999999999999886,8.536666666666667,0.07023769168556697,-0.040000000000000924,2.3962920046349945,0.2536
2025-12-04 11:10:00,TANK_01,6.14,0.915,20.67,8.42,none,True,6.140000000000001,0.004000000000098994,-0.019000000000000128,0.9133333333333334,0.0015275252310650818,-0.009000000000000008,20.66,0.026457513112823676,0.10000000000000142,8.473333333333334,0.05507570547271889,-0.1899999999999995,2.4260563380281694,0.2735
2025-12-04 11:20:00,TANK_01,6.161,0.911,20.67,8.41,none,True,6.145666666666666,0.01342882471900903,0.01699999999999946,0.9130000000000001,0.0019999999995511785,-0.0010000000000000009,20.673333333333336,0.005773502701832625,0.0400000000000027,8.453333333333335,0.0665832811846785,-0.0600000000000005,2.428907168037603,0.2718
2025-12-04 11:30:00,TANK_01,6.178,0.907,20.82,8.39,none,True,6.159666666666666,0.01903505538035669,0.041999999999999815,0.911,0.0039999999997738294,-0.006000000000000005,20.720000000000002,0.08660254037909597,0.14000000000000057,8.406666666666668,0.015275252316041904,-0.1399999999999988,2.452296819787986,0.3783
2025-12-04 11:40:00,TANK_01,6.175,0.886,20.76,8.57,none,True,6.171333333333333,0.009073771725843465,0.03500000000000014,0.9013333333333334,0.013428824718919213,-0.029000000000000026,20.75,0.07549834435344867,0.08999999999999986,8.456666666666669,0.09865765724624714,0.15000000000000036,2.3944636678200695,0.3668
2025-12-04 11:50:00,TANK_01,6.169,0.858,20.86,8.27,none,True,6.1739999999999995,0.0045825756948751715,0.008000000000000007,0.8836666666666667,0.024583192089949045,-0.05300000000000005,20.813333333333333,0.05033222956955877,0.18999999999999773,8.41,0.15099668870536684,-0.14000000000000057,2.492234169653525,0.4186
2025-12-04 12:00:00,TANK_01,6.153,0.853,20.72,8.51,none,True,6.165666666666667,0.011372481406138326,-0.025000000000000355,0.8656666666666667,0.017785762095879076,-0.05400000000000005,20.78,0.07211102551004792,-0.10000000000000142,8.450000000000001,0.15874507866382737,0.11999999999999922,2.4065040650406506,0.451
2025-12-04 12:10:00,TANK_01,6.156,0.859,20.86,8.38,none,True,6.159333333333333,0.008504900548109352,-0.019000000000000128,0.8566666666666668,0.0032145502533242358,-0.027000000000000024,20.813333333333333,0.0808290376872262,0.09999999999999787,8.386666666666668,0.12013880860620864,-0.1899999999999995,2.459905660377358,0.2393
2025-12-04 12:20:00,TANK_01,6.151,0.862,20.73,8.4,none,True,6.153333333333333,0.002516611478452339,-0.017999999999999794,0.858,0.004582575694718297,0.0040000000000000036,20.77,0.0781024967597768,-0.129999999999999,8.43,0.06999999999989198,0.13000000000000078,2.438823529411765,0.1955
2025-12-04 12:30:00,TANK_01,6.162,0.878,21.15,8.35,none,True,6.156333333333333,0.0055075705472880775,0.009000000000000341,0.8663333333333334,0.010214368963926013,0.025000000000000022,20.913333333333334,0.2150193789718478,0.4299999999999997,8.376666666666667,0.025166114783958974,-0.16000000000000014,2.502958579881657,0.3614
2025-12-04 12:40:00,TANK_01,6.146,0.88,20.88,8.29,none,True,6.153,0.008185352771882261,-0.009999999999999787,0.8733333333333334,0.009865765724527655,0.02100000000000002,20.919999999999998,0.21283796653817566,0.019999999999999574,8.346666666666666,0.0550757054727405,-0.09000000000000163,2.488676996424315,0.2102
2025-12-04 12:50:00,TANK_01,6.144,0.876,21.28,8.28,none,True,6.150666666666666,0.009865765724645691,-0.006999999999999673,0.8780000000000001,0.001999999999491104,0.014000000000000012,21.103333333333335,0.20404247923761482,0.5500000000000007,8.306666666666667,0.03785938897183601,-0.120000000000001,2.5393794749403344,0.3171
2025-12-04 13:00:00,TANK_01,6.132,0.871,21.15,8.44,none,True,6.140666666666667,0.007571877794446693,-0.03000000000000025,0.8756666666666667,0.004509249752595404,-0.007000000000000006,21.103333333333335,0.20404247923761482,0.0,8.336666666666666,0.08962886439825246,0.08999999999999986,2.4765807962529274,0.21
2025-12-04 13:10:00,TANK_01,6.117,0.866,21.42,8.2,none,True,6.131,0.013527749258510318,-0.028999999999999915,0.8710000000000001,0.004999999999791681,-0.014000000000000012,21.283333333333335,0.1350308606705369,0.5400000000000027,8.306666666666667,0.122202018532104,-0.08999999999999986,2.5807228915662654,0.2787
2025-12-04 13:20:00,TANK_01,6.122,0.866,21.33,8.13,none,True,6.123666666666666,0.007637626158354113,-0.02200000000000024,0.8676666666666667,0.0028867513455834984,-0.010000000000000009,21.3,0.1374772708490097,0.04999999999999716,8.256666666666668,0.1625833119767253,-0.14999999999999858,2.591737545565006,0.1056
2025-12-04 13:30:00,TANK_01,6.122,0.86,21.47,8.13,none,True,6.120333333333334,0.002886751346223264,-0.009999999999999787,0.8640000000000002,0.003464101614830492,-0.01100000000000001,21.406666666666666,0.07094598884659574,0.3200000000000003,8.153333333333334,0.04041451884314146,-0.3099999999999987,2.608748481166464,0.1685
2025-12-04 13:40:00,TANK_01,6.128,0.866,21.68,8.19,none,True,6.124,0.0034641016153437137,0.01100000000000012,0.864,0.003464101614830492,0.0,21.49333333333333,0.17616280348989352,0.259999999999998,8.15,0.03464101615122423,-0.009999999999999787,2.6151990349819063,0.0623
2025-12-04 13:50:00,TANK_01,6.121,0.875,21.45,8.19,none,True,6.123666666666666,0.003785938897390481,-0.0009999999999994458,0.867,0.00754983443513102,0.009000000000000008,21.53333333333333,0.12741009902443948,0.120000000000001,8.17,0.03464101615122115,0.05999999999999872,2.5874547647768398,0.0
2025-12-04 14:00:00,TANK_01,6.119,0.863,21.81,8.31,none,True,6.1226666666666665,0.004725815626409846,-0.0030000000000001137,0.868,0.0062449979982299765,0.0030000000000000027,21.646666666666665,0.18230011885188907,0.33999999999999986,8.230000000000002,0.06928203230267296,0.17999999999999972,2.5933412604042805,0.1051
2025-12-04 14:10:00,TANK_01,6.097,0.841,21.63,8.3,none,True,6.112333333333333,0.013316656237031507,-0.030999999999999694,0.8596666666666667,0.017243356208440933,-0.025000000000000022,21.63,0.18000000000022262,-0.05000000000000071,8.266666666666667,0.06658328118470484,0.11000000000000121,2.5749999999999997,0.2372
2025-12-04 14:20:00,TANK_01,6.105,0.855,21.81,8.11,none,True,6.107,0.011135528725757248,-0.016000000000000014,0.8530000000000001,0.011135528725561413,-0.020000000000000018,21.75,0.10392304845450163,0.35999999999999943,8.240000000000002,0.11269427669579532,-0.08000000000000007,2.6565164433617543,0.1381
2025-12-04 14:30:00,TANK_01,6.109,0.843,21.74,8.07,none,True,6.103666666666666,0.0061101009267970395,-0.009999999999999787,0.8463333333333334,0.007571877794252491,-0.020000000000000018,21.726666666666663,0.09073771725920073,-0.07000000000000028,8.160000000000002,0.12288205727440146,-0.2400000000000002,2.660954712362301,0.0852
2025-12-04 14:40:00,TANK_01,6.101,0.836,21.84,8.38,none,True,6.105,0.004000000000282052,0.0039999999999995595,0.8446666666666668,0.00960902353681596,-0.0050000000000000044,21.796666666666667,0.05131601439520497,0.21000000000000085,8.186666666666667,0.16862186493252382,0.08000000000000007,2.5754716981132075,0.1227
2025-12-04 14:50:00,TANK_01,6.102,0.839,22.0,8.34,none,True,6.104,0.004358898943804368,-0.0030000000000001137,0.8393333333333334,0.0035118845839588755,-0.016000000000000014,21.86,0.13114877048632115,0.19000000000000128,8.263333333333334,0.16862186493252068,0.23000000000000043,2.6066350710900474,0.1507
2025-12-04 15:00:00,TANK_01,6.093,0.846,21.94,8.18,none,True,6.0986666666666665,0.004932882862572119,-0.016000000000000014,0.8403333333333335,0.005131601439224837,0.0030000000000000027,21.926666666666666,0.08082903768698964,0.20000000000000284,8.3,0.10583005244252508,0.10999999999999943,2.6497584541062804,0.0644
2025-12-04 15:10:00,TANK_01,6.099,0.833,22.06,8.17,none,True,6.098,0.004582575695234388,-0.0019999999999997797,0.8393333333333334,0.006506407098472086,-0.0030000000000000027,22.0,0.06000000000057857,0.21999999999999886,8.230000000000002,0.09539392014163339,-0.21000000000000085,2.6674727932285367,0.0681
2025-12-04 15:20:00,TANK_01,6.104,0.83,22.51,8.28,none,True,6.0986666666666665,0.005507570547515235,0.0019999999999997797,0.8363333333333335,0.008504900547979902,-0.009000000000000008,22.169999999999998,0.3004995840264443,0.5100000000000016,8.209999999999999,0.06082762530288775,-0.0600000000000005,2.686157517899762,0.3354
2025-12-04 15:30:00,TANK_01,6.083,0.831,22.3,8.16,none,True,6.0953333333333335,0.01096965511472433,-0.009999999999999787,0.8313333333333333,0.0015275252308871385,-0.015000000000000013,22.290000000000003,0.22516660498409516,0.35999999999999943,8.203333333333335,0.06658328118470837,-0.019999999999999574,2.6997578692493946,0.2339
2025-12-04 15:40:00,TANK_01,6.097,0.802,22.17,8.3,none,True,6.094666666666668,0.010692676621689576,-0.0019999999999997797,0.8210000000000001,0.016462077633081273,-0.030999999999999917,22.326666666666668,0.1715614564329511,0.11000000000000298,8.246666666666668,0.07571877794392437,0.13000000000000078,2.6392857142857142,0.211
2025-12-04 15:50:00,TANK_01,6.11,0.824,22.55,7.96,none,True,6.096666666666667,0.013503086067116197,0.006000000000000227,0.8190000000000001,0.015132745950341663,-0.006000000000000005,22.340000000000003,0.19313207915843994,0.03999999999999915,8.14,0.17088007490631993,-0.3199999999999994,2.7977667493796523,0.2567
2025-12-04 16:00:00,TANK_01,6.121,0.821,22.44,8.11,none,True,6.109333333333335,0.012013880860713116,0.038000000000000256,0.8156666666666667,0.011930353445346625,-0.010000000000000009,22.38666666666667,0.19553345834765673,0.14000000000000057,8.123333333333335,0.17039170558839725,-0.05000000000000071,2.7332521315468945,0.1913
2025-12-04 16:10:00,TANK_01,6.117,0.816,22.56,8.03,none,True,6.116,0.005567764362990615,0.019999999999999574,0.8203333333333335,0.004041451884029403,0.013999999999999901,22.51666666666667,0.06658328118524909,0.389999999999997,8.033333333333333,0.07505553499458693,-0.27000000000000135,2.774907749077491,0.1615
2025-12-04 16:20:00,TANK_01,6.119,0.82,22.46,8.07,none,True,6.119,0.002000000000414587,0.008999999999999453,0.8190000000000001,0.0026457513106077934,-0.0040000000000000036,22.486666666666668,0.06429100507375886,-0.08999999999999986,8.07,0.039999999999876995,0.11000000000000032,2.7490820073439415,0.0825
2025-12-04 16:30:00,TANK_01,6.131,0.803,22.5,7.96,none,True,6.122333333333334,0.007571877794500446,0.009999999999999787,0.8130000000000001,0.008888194417177295,-0.017999999999999905,22.50666666666667,0.05033222956907517,0.05999999999999872,8.020000000000001,0.05567764362821586,-0.14999999999999947,2.791563275434243,0.0688
2025-12-04 16:40:00,TANK_01,6.134,0.83,22.48,8.22,none,True,6.128,0.007937253933274078,0.017000000000000348,0.8176666666666668,0.01365039681953998,0.014000000000000012,22.48,0.020000000001524618,-0.0799999999999983,8.083333333333334,0.13051181300297524,0.19000000000000128,2.701923076923077,0.1887
2025-12-04 16:50:00,TANK_01,6.149,0.808,22.52,8.09,none,True,6.138000000000001,0.009643650761036685,0.03000000000000025,0.8136666666666668,0.014364307617524719,-0.0119999999999999,22.5,0.02000000000151929,0.05999999999999872,8.090000000000002,0.1299999999999623,0.019999999999999574,2.7496947496947497,0.1698
2025-12-04 17:00:00,TANK_01,6.139,0.81,22.89,8.09,none,True,6.140666666666667,0.007637626158307654,0.008000000000000007,0.8160000000000002,0.01216552506049624,0.007000000000000006,22.63,0.22605309110927646,0.39000000000000057,8.133333333333335,0.07505553499458448,0.1299999999999999,2.794871794871795,0.2046
2025-12-04 17:10:00,TANK_01,6.138,0.816,22.82,7.92,none,True,6.1419999999999995,0.006082762530354104,0.0039999999999995595,0.8113333333333334,0.004163331998635511,-0.014000000000000012,22.74333333333333,0.1965536398375523,0.33999999999999986,8.033333333333333,0.09814954576218693,-0.3000000000000007,2.8453865336658355,0.2026
2025-12-04 17:20:00,TANK_01,6.132,0.82,22.81,8.07,none,True,6.136333333333333,0.003785938897320227,-0.017000000000000348,0.8153333333333334,0.005033222956604571,0.0119999999999999,22.84,0.04358898943603644,0.28999999999999915,8.026666666666669,0.09291573243172364,-0.019999999999999574,2.791921664626683,0.1089
2025-12-04 17:30:00,TANK_01,6.142,0.795,23.04,7.81,none,True,6.137333333333333,0.0050332229569336195,0.0030000000000001137,0.8103333333333333,0.013428824718896813,-0.015000000000000013,22.89,0.13000000000020578,0.14999999999999858,7.9333333333333345,0.1305118130029783,-0.28000000000000025,2.9127686472819216,0.1785
2025-12-04 17:40:00,TANK_01,6.142,0.797,22.88,8.05,none,True,6.1386666666666665,0.005773502691967178,0.004000000000000448,0.8040000000000002,0.013892443989358915,-0.018999999999999906,22.909999999999997,0.11789826122574114,0.05999999999999872,7.976666666666669,0.14468356276137295,0.13000000000000078,2.807361963190184,0.1005
2025-12-04 17:50:00,TANK_01,6.137,0.789,22.92,8.04,none,True,6.140333333333333,0.0028867513460784882,0.004999999999999893,0.7936666666666667,0.0041633319986202665,-0.030999999999999917,22.94666666666667,0.08326663997895817,0.11000000000000298,7.966666666666669,0.1357694123627415,-0.030000000000001137,2.8157248157248165,0.1285
2025-12-04 18:00:00,TANK_01,6.131,0.792,22.86,7.97,none,True,6.136666666666667,0.005507570547367387,-0.01100000000000012,0.7926666666666667,0.004041451884005073,-0.0030000000000000027,22.886666666666667,0.030550504633919277,-0.17999999999999972,8.020000000000001,0.04358898943529731,0.16000000000000014,2.83271375464684,0.1146
2025-12-04 18:10:00,TANK_01,6.129,0.796,22.96,8.05,none,True,6.1323333333333325,0.0041633319990605315,-0.013000000000000789,0.7923333333333334,0.0035118845839129786,-0.0010000000000000009,22.913333333333338,0.050332229569000395,0.08000000000000185,8.020000000000001,0.04358898943529731,0.0,2.8171779141104296,0.0677
2025-12-04 18:20:00,TANK_01,6.146,0.791,23.18,7.84,none,True,6.135333333333333,0.009291573243228537,0.009000000000000341,0.7930000000000001,0.0026457513105726856,0.0020000000000000018,23.0,0.16370705543760566,0.259999999999998,7.953333333333336,0.10598742063718934,-0.1999999999999993,2.9193954659949624,0.153
2025-12-04 18:30:00,TANK_01,6.152,0.788,23.31,7.9,none,True,6.142333333333333,0.011930353445476504,0.020999999999999908,0.7916666666666669,0.004041451884004214,-0.0040000000000000036,23.150000000000002,0.1769180601296766,0.4499999999999993,7.930000000000002,0.10816653826388008,-0.0699999999999994,2.91375,0.2355
2025-12-04 18:40:00,TANK_01,6.144,0.798,23.13,7.99,none,True,6.147333333333333,0.00416333199898503,0.015000000000000568,0.7923333333333334,0.005131601439192854,0.0020000000000000018,23.206666666666667,0.09291573243202925,0.16999999999999815,7.910000000000003,0.0754983443526517,-0.0600000000000005,2.8590852904820765,0.0765
2025-12-04 18:50:00,TANK_01,6.121,0.802,23.08,8.0,none,True,6.139,0.01609347693945548,-0.024999999999999467,0.7960000000000002,0.0072111025507490024,0.01100000000000001,23.173333333333332,0.12096831541102372,-0.10000000000000142,7.963333333333336,0.055075705472777424,0.16000000000000014,2.8493827160493828,0.139
2025-12-04 19:00:00,TANK_01,6.113,0.814,23.11,7.96,none,True,6.126,0.0160934769394727,-0.0389999999999997,0.8046666666666668,0.008326663997713157,0.025999999999999912,23.106666666666666,0.025166114785195228,-0.1999999999999993,7.983333333333335,0.020816659994433665,0.05999999999999961,2.867245657568238,0.3179
2025-12-04 19:10:00,TANK_01,6.098,0.812,22.63,8.14,none,True,6.110666666666667,0.011676186592177526,-0.04600000000000026,0.8093333333333333,0.006429100507135173,0.014000000000000012,22.939999999999998,0.26888659319506963,-0.5,8.033333333333337,0.09451631252499858,0.15000000000000036,2.7463592233009706,0.3709
2025-12-04 19:20:00,TANK_01,6.101,0.805,23.11,8.13,none,True,6.104,0.00793725393333832,-0.020000000000000462,0.8103333333333333,0.0047258156259901655,0.0030000000000000027,22.95,0.27712812921111185,0.030000000000001137,8.07666666666667,0.1011599393699037,0.13000000000000078,2.8080194410692587,0.2141
2025-12-04 19:30:00,TANK_01,6.102,0.804,23.37,7.98,none,True,6.100333333333334,0.0020816660000538795,-0.01100000000000012,0.807,0.004358898943253511,-0.009999999999999898,23.036666666666665,0.3754108860080938,0.26000000000000156,8.083333333333336,0.0896288643982639,0.020000000000000462,2.8923267326732676,0.3245
2025-12-04 19:40:00,TANK_01,6.111,0.8,23.1,8.07,none,True,6.104666666666667,0.005507570547491375,0.0129999999999999,0.803,0.0026457513105861965,-0.01200000000000001,23.19333333333334,0.1530795000428759,0.4700000000000024,8.060000000000002,0.07549834435263672,-0.07000000000000028,2.827417380660955,0.156
2025-12-04 19:50:00,TANK_01,6.111,0.803,23.14,7.98,none,True,6.1080000000000005,0.005196152422910162,0.009999999999999787,0.8023333333333333,0.002081665998856979,-0.0020000000000000018,23.203333333333337,0.14571661996277713,0.030000000000001137,8.010000000000002,0.051961524226968175,-0.15000000000000036,2.863861386138614,0.0532
2025-12-04 20:00:00,TANK_01,6.11,0.789,23.31,7.89,none,True,6.110666666666667,0.000577350270921229,0.008000000000000007,0.7973333333333334,0.007371114795657579,-0.015000000000000013,23.183333333333334,0.11150485789138112,-0.060000000000002274,7.980000000000001,0.08999999999994565,-0.09000000000000075,2.9173967459324155,0.0889
2025-12-04 20:10:00,TANK_01,6.098,0.789,23.07,8.11,none,True,6.106333333333333,0.007234178138221442,-0.0129999999999999,0.7936666666666667,0.008082903768494087,-0.01100000000000001,23.173333333333332,0.12342339054400267,-0.030000000000001137,7.993333333333335,0.11060440015353516,0.03999999999999915,2.8099878197320343,0.0676
2025-12-04 20:20:00,TANK_01,6.105,0.782,23.03,8.06,none,True,6.104333333333333,0.0060277137735306185,-0.005999999999999339,0.7866666666666667,0.004041451883999723,-0.02100000000000002,23.136666666666667,0.15143755588815497,-0.10999999999999943,8.020000000000001,0.11532562594666355,0.08000000000000007,2.8223039215686274,0.0869
2025-12-04 20:30:00,TANK_01,6.098,0.768,22.93,8.08,none,True,6.100333333333334,0.0040414518846305664,-0.012000000000000455,0.7796666666666668,0.01069267662143743,-0.02100000000000002,23.01,0.07211102550961206,-0.379999999999999,8.083333333333336,0.02516611478401985,0.1900000000000004,2.8031784841075793,0.2379
2025-12-04 20:40:00,TANK_01,6.082,0.756,23.2,8.05,none,True,6.095,0.011789826122665081,-0.016000000000000014,0.7686666666666667,0.013012814197188657,-0.03300000000000003,23.05333333333333,0.13650396819645977,0.129999999999999,8.063333333333334,0.015275252316168842,-0.05999999999999872,2.8466257668711656,0.2472
2025-12-04 20:50:00,TANK_01,6.071,0.749,23.22,7.99,none,True,6.083666666666667,0.013576941236393747,-0.034000000000000696,0.7576666666666667,0.009609023536784358,-0.03300000000000003,23.116666666666664,0.1619670748435573,0.18999999999999773,8.040000000000001,0.04582575694944366,-0.07000000000000028,2.870210135970334,0.2838
2025-12-04 21:00:00,TANK_01,6.066,0.749,23.13,7.87,none,True,6.073,0.008185352772093576,-0.03200000000000003,0.7513333333333335,0.004041451883968186,-0.019000000000000017,23.183333333333334,0.047258156262987634,0.1999999999999993,7.970000000000002,0.09165151389906197,-0.20999999999999996,2.902132998745295,0.2326
2025-12-04 21:10:00,TANK_01,6.056,0.76,23.27,8.04,none,True,6.064333333333333,0.007637626158521477,-0.0259999999999998,0.7526666666666667,0.00635085296085807,0.0040000000000000036,23.206666666666667,0.07094598884627948,0.07000000000000028,7.966666666666669,0.08736894948048296,-0.010000000000001563,2.858722358722359,0.1375
2025-12-04 21:20:00,TANK_01,6.055,0.752,23.04,8.1,none,True,6.059,0.006082762530646458,-0.016000000000000014,0.7536666666666667,0.005686240702823519,0.0030000000000000027,23.146666666666665,0.11590225767161581,-0.17999999999999972,8.003333333333336,0.11930353445444482,0.10999999999999943,2.809756097560976,0.1386
2025-12-04 21:30:00,TANK_01,6.067,0.751,23.06,7.85,none,True,6.059333333333334,0.006658328118796501,0.001000000000000334,0.7543333333333334,0.00493288286202417,0.0020000000000000018,23.123333333333335,0.12741009902428488,-0.07000000000000028,7.996666666666667,0.1305118130029731,-0.020000000000000462,2.9006289308176103,0.0917
2025-12-04 21:40:00,TANK_01,6.066,0.765,22.96,8.06,none,True,6.062666666666666,0.0066583281187854405,0.009999999999999787,0.7560000000000001,0.007810249675722921,0.0050000000000000044,23.02,0.05291502622173048,-0.3099999999999987,8.003333333333336,0.13428824718985294,0.02000000000000135,2.8137254901960786,0.1204
2025-12-04 21:50:00,TANK_01,6.076,0.773,22.96,7.96,none,True,6.0696666666666665,0.005507570547628147,0.020999999999999908,0.763,0.011135528725533398,0.02100000000000002,22.993333333333336,0.057735026919370276,-0.0799999999999983,7.956666666666668,0.10503967504387769,-0.13999999999999968,2.8486352357320097,0.1324
2025-12-04 22:00:00,TANK_01,6.054,0.761,22.87,8.1,none,True,6.065333333333332,0.011015141094751388,-0.0129999999999999,0.7663333333333334,0.006110100926378881,0.010000000000000009,22.929999999999996,0.05196152422753792,-0.18999999999999773,8.040000000000001,0.07211102550920662,0.25,2.789024390243903,0.1865
2025-12-04 22:10:00,TANK_01,6.056,0.771,22.72,7.88,none,True,6.062,0.012165525060764328,-0.009999999999999787,0.7683333333333334,0.006429100507112151,0.006000000000000005,22.850000000000005,0.12124355653003295,-0.240000000000002,7.980000000000001,0.11135528725655554,-0.1800000000000006,2.8471177944862154,0.1575
2025-12-04 22:20:00,TANK_01,6.063,0.788,22.85,7.98,none,True,6.057666666666666,0.00472581562670428,-0.0129999999999999,0.7733333333333334,0.013650396819528125,0.015000000000000013,22.813333333333333,0.0814452781527908,-0.10999999999999943,7.986666666666668,0.11015141094567635,0.020000000000000462,2.827970297029703,0.124
2025-12-04 22:30:00,TANK_01,6.072,0.802,22.64,8.03,none,True,6.063666666666667,0.008020806277261549,0.017999999999999794,0.787,0.01552417469617443,0.041000000000000036,22.736666666666668,0.10598742063748634,-0.23000000000000043,7.963333333333336,0.07637626158253297,-0.07000000000000028,2.7847478474784753,0.2502
2025-12-04 22:40:00,TANK_01,6.082,0.804,22.64,8.04,none,True,6.072333333333333,0.009504384953115121,0.0259999999999998,0.7980000000000002,0.008717797886933113,0.03300000000000003,22.709999999999997,0.12124355653004691,-0.0799999999999983,8.01666666666667,0.03214550253648232,0.15999999999999925,2.781326781326782,0.1624
2025-12-04 22:50:00,TANK_01,6.073,0.788,22.73,7.93,none,True,6.075666666666667,0.00550757054760606,0.010000000000000675,0.798,0.008717797886933113,0.0,22.67,0.051961524227598956,-0.120000000000001,8.000000000000002,0.06082762530289824,-0.05000000000000071,2.8306351183063514,0.0629
2025-12-04 23:00:00,TANK_01,6.072,0.778,22.69,8.02,none,True,6.075666666666667,0.00550757054760606,0.0,0.79,0.013114877048503441,-0.02400000000000002,22.686666666666667,0.0450924975288382,0.05000000000000071,7.996666666666669,0.058594652770736194,-0.009999999999999787,2.7943349753694586,0.1252
2025-12-04 23:10:00,TANK_01,6.07,0.762,22.61,8.03,none,True,6.071666666666666,0.0015275252328613258,-0.011999999999999567,0.7760000000000001,0.013114877048499885,-0.04200000000000004,22.676666666666666,0.06110100926652943,-0.030000000000001137,7.993333333333335,0.05507570547276898,-0.009999999999999787,2.781057810578106,0.2035
2025-12-04 23:20:00,TANK_01,6.062,0.766,22.64,8.23,none,True,6.0680000000000005,0.005291502622492521,-0.01100000000000012,0.7686666666666667,0.008326663997697603,-0.02200000000000002,22.646666666666665,0.04041451884396295,-0.08999999999999986,8.093333333333335,0.118462370959401,0.3000000000000007,2.7178871548619448,0.1955
2025-12-04 23:30:00,TANK_01,6.064,0.767,22.36,8.05,none,True,6.065333333333334,0.004163331999407074,-0.008000000000000007,0.765,0.0026457513105346514,-0.01100000000000001,22.536666666666665,0.15373136743485633,-0.33000000000000185,8.103333333333337,0.11015141094567324,0.030000000000001137,2.7435582822085887,0.1517
2025-12-04 23:40:00,TANK_01,6.075,0.762,22.63,7.95,none,True,6.067,0.0070000000002775325,0.004999999999999893,0.765,0.0026457513105346514,0.0,22.543333333333333,0.1588500340994323,0.019999999999999574,8.07666666666667,0.1418919776919146,-0.07999999999999918,2.8111801242236023,0.0983
2025-12-04 23:50:00,TANK_01,6.074,0.759,22.28,8.1,none,True,6.071000000000001,0.006082762530604514,0.011999999999999567,0.7626666666666667,0.004041451883978492,-0.007000000000000006,22.423333333333332,0.18339392937987764,-0.35999999999999943,8.033333333333335,0.0763762615825304,-0.13000000000000078,2.7170731707317075,0.1746
2025-12-05 00:00:00,TANK_01,6.072,0.76,22.29,8.23,none,True,6.073666666666667,0.0015275252328374618,0.008000000000000007,0.7603333333333334,0.0015275252307236536,-0.007000000000000006,22.400000000000002,0.19924858845185953,-0.07000000000000028,8.093333333333335,0.14011899704652056,0.17999999999999972,2.6758703481392554,0.2107
2025-12-05 00:10:00,TANK_01,6.098,0.767,22.28,8.04,none,True,6.081333333333333,0.014468356276254993,0.022999999999999687,0.7620000000000001,0.004358898943216646,0.0050000000000000044,22.283333333333335,0.005773502697055282,-0.34999999999999787,8.123333333333335,0.09712534856216859,0.08999999999999897,2.7371007371007376,0.2546
2025-12-05 00:20:00,TANK_01,6.093,0.75,22.23,8.0,none,True,6.087666666666666,0.013796134724493961,0.019000000000000128,0.759,0.008544003745151067,-0.009000000000000008,22.26666666666667,0.03214550253757155,-0.05000000000000071,8.090000000000002,0.12288205727440249,-0.09999999999999964,2.7444444444444445,0.1507
2025-12-05 00:30:00,TANK_01,6.1,0.742,22.15,8.21,none,True,6.097,0.0036055512758337758,0.02799999999999958,0.7530000000000001,0.012767145334690732,-0.018000000000000016,22.22,0.06557438524347847,-0.14000000000000057,8.083333333333336,0.11150485789113808,-0.019999999999999574,2.66546329723225,0.165
2025-12-05 00:40:00,TANK_01,6.081,0.734,22.08,8.21,none,True,6.091333333333334,0.009609023537083657,-0.01699999999999946,0.742,0.007999999999815117,-0.03300000000000003,22.153333333333332,0.07505553499505621,-0.20000000000000284,8.140000000000002,0.12124355652977674,0.1700000000000017,2.6570397111913353,0.2085
2025-12-05 00:50:00,TANK_01,6.09,0.73,21.96,8.36,none,True,6.090333333333334,0.009504384953076634,-0.0030000000000001137,0.7353333333333335,0.006110100926362068,-0.020000000000000018,22.063333333333333,0.0960902353696488,-0.2699999999999996,8.260000000000003,0.08660254037837499,0.35999999999999943,2.5957446808510642,0.2444
2025-12-05 01:00:00,TANK_01,6.092,0.738,21.87,8.06,none,True,6.087666666666666,0.005859465277342402,-0.008000000000000007,0.734,0.003999999999623521,-0.0040000000000000036,21.97,0.10535653752882095,-0.2799999999999976,8.210000000000003,0.14999999999996128,-0.15000000000000036,2.6801470588235294,0.1396
2025-12-05 01:10:00,TANK_01,6.098,0.743,21.94,8.1,none,True,6.093333333333334,0.004163331999270495,0.01699999999999946,0.7370000000000001,0.006557438524073878,0.009000000000000008,21.923333333333336,0.047258156263187724,-0.13999999999999702,8.173333333333336,0.16289055630490687,-0.11000000000000121,2.6756097560975616,0.1565
2025-12-05 01:20:00,TANK_01,6.091,0.721,21.83,8.29,none,True,6.093666666666667,0.0037859388975700443,0.001000000000000334,0.734,0.011532562594540217,-0.009000000000000008,21.88,0.05567764362886911,-0.13000000000000256,8.150000000000002,0.12288205727439973,-0.07000000000000028,2.601907032181168,0.1313
2025-12-05 01:30:00,TANK_01,6.085,0.716,21.66,8.4,none,True,6.091333333333334,0.006506407098869886,-0.006999999999999673,0.7266666666666667,0.01436430761750364,-0.02200000000000002,21.81,0.14106735979688764,-0.21000000000000085,8.263333333333335,0.15176736583772385,0.33999999999999986,2.548235294117647,0.3252
2025-12-05 01:40:00,TANK_01,6.094,0.727,21.6,8.21,none,True,6.090000000000001,0.004582575695277226,-0.0039999999999995595,0.7213333333333334,0.005507570547005068,-0.016000000000000014,21.69666666666667,0.11930353445476549,-0.33999999999999986,8.300000000000002,0.0953939201416308,0.11000000000000121,2.5992779783393503,0.143
2025-12-05 01:50:00,TANK_01,6.106,0.71,21.61,8.12,none,True,6.095,0.010535653752983116,0.01499999999999968,0.7176666666666667,0.008621678104070794,-0.01100000000000001,21.623333333333335,0.032145502537696574,-0.21999999999999886,8.243333333333336,0.14294521094923635,-0.16999999999999993,2.628953771289538,0.1824
2025-12-05 02:00:00,TANK_01,6.114,0.715,21.37,8.31,none,True,6.104666666666667,0.010066445913812283,0.028999999999999915,0.7173333333333334,0.008736894947875455,-0.0010000000000000009,21.52666666666667,0.135769412363029,-0.28999999999999915,8.213333333333336,0.09504384952916177,-0.08999999999999986,2.5410225921522,0.1804
2025-12-05 02:10:00,TANK_01,6.103,0.704,21.35,8.22,none,True,6.107666666666667,0.00568624070327672,0.008999999999999453,0.7096666666666668,0.005507570546998281,-0.02300000000000002,21.44333333333333,0.1446835627616454,-0.25,8.216666666666669,0.09504384952916173,0.009999999999999787,2.566105769230769,0.1161
2025-12-05 02:20:00,TANK_01,6.114,0.725,21.33,8.3,none,True,6.110333333333333,0.006350852961256481,0.008000000000000007,0.7146666666666667,0.010503967504243046,0.015000000000000013,21.349999999999998,0.020000000001779056,-0.28000000000000114,8.276666666666669,0.04932882862304189,0.1800000000000015,2.539285714285714,0.2295
2025-12-05 02:30:00,TANK_01,6.122,0.721,21.31,8.12,none,True,6.1129999999999995,0.009539392014277568,0.008000000000000007,0.7166666666666668,0.011150485788978275,0.006000000000000005,21.33,0.020000000001786606,-0.060000000000002274,8.213333333333336,0.09018499505639435,-0.19000000000000128,2.5924574209245743,0.137
2025-12-05 02:40:00,TANK_01,6.115,0.705,20.96,8.46,none,True,6.117,0.004358898943758969,0.012000000000000455,0.7170000000000001,0.010583005244110714,0.0010000000000000009,21.2,0.2080865204670244,-0.39000000000000057,8.293333333333337,0.17009801096227375,0.2400000000000002,2.4485981308411215,0.3944
2025-12-05 02:50:00,TANK_01,6.113,0.72,21.29,8.3,none,True,6.116666666666667,0.004725815626455264,-0.0009999999999994458,0.7153333333333333,0.008962886439657574,-0.0050000000000000044,21.186666666666667,0.19655363983759505,-0.03999999999999915,8.293333333333337,0.17009801096227375,0.0,2.5345238095238094,0.1667
2025-12-05 03:00:00,TANK_01,6.109,0.712,20.75,8.35,none,True,6.112333333333333,0.0030550504636466047,-0.0129999999999999,0.7123333333333334,0.007505553499254964,-0.009000000000000008,21.0,0.2722131517764696,-0.5599999999999987,8.370000000000003,0.08185352771865086,0.23000000000000043,2.4556213017751483,0.4124
2025-12-05 03:10:00,TANK_01,6.106,0.705,20.86,8.37,none,True,6.109333333333333,0.003511884584599797,-0.009000000000000341,0.7123333333333334,0.007505553499254964,0.0,20.96666666666667,0.2853652630111346,-0.10000000000000142,8.340000000000002,0.03605551275447238,-0.09000000000000163,2.462809917355372,0.3148
2025-12-05 03:20:00,TANK_01,6.103,0.706,20.79,8.58,none,True,6.106000000000001,0.003000000000391756,-0.010000000000000675,0.7076666666666668,0.0037859388967795902,-0.014000000000000012,20.799999999999997,0.05567764362908765,-0.5,8.433333333333335,0.1274100990240622,0.27999999999999936,2.3951612903225805,0.4245
2025-12-05 03:30:00,TANK_01,6.109,0.704,20.74,8.31,none,True,6.105999999999999,0.003000000000391756,0.0,0.7050000000000001,0.0009999999983994633,-0.008000000000000007,20.796666666666663,0.060277137734146446,-0.010000000000001563,8.420000000000002,0.14177446878753608,-0.03999999999999915,2.4661117717003567,0.1955
2025-12-05 03:40:00,TANK_01,6.117,0.699,20.78,8.43,none,True,6.109666666666667,0.0070237691687255665,0.01100000000000012,0.703,0.0036055512750184206,-0.006000000000000005,20.77,0.02645751311233071,-0.0799999999999983,8.440000000000003,0.13527749258464203,0.0600000000000005,2.4361078546307153,0.2113
2025-12-05 03:50:00,TANK_01,6.112,0.701,20.49,8.35,none,True,6.112666666666667,0.004041451884585331,0.009000000000000341,0.7013333333333334,0.0025166114777832086,-0.0050000000000000044,20.669999999999998,0.15716233645531405,-0.3000000000000007,8.363333333333335,0.061101009265984385,-0.23000000000000043,2.424852071005917,0.2916
2025-12-05 04:00:00,TANK_01,6.093,0.697,20.59,8.6,none,True,6.107333333333334,0.012662279942239042,-0.016000000000000014,0.699,0.0019999999991905898,-0.007000000000000006,20.62,0.147309198626886,-0.14999999999999858,8.460000000000003,0.12767145334798902,0.28999999999999915,2.3666666666666667,0.4209
2025-12-05 04:10:00,TANK_01,6.085,0.697,20.63,8.55,none,True,6.096666666666667,0.013868429375241085,-0.03200000000000003,0.6983333333333334,0.002309401076056604,-0.0020000000000000018,20.569999999999997,0.07211102550995098,-0.15000000000000213,8.500000000000002,0.13228756555318183,0.120000000000001,2.3849710982658956,0.3875
2025-12-05 04:20:00,TANK_01,6.09,0.704,20.74,8.24,none,True,6.089333333333333,0.004041451884699463,-0.02200000000000024,0.6993333333333333,0.0040414518839270944,0.0030000000000000027,20.653333333333332,0.07767453465214377,0.25,8.463333333333336,0.19502136635077,-0.10999999999999943,2.4868105515587526,0.3107
2025-12-05 04:30:00,TANK_01,6.084,0.7,20.45,8.39,none,True,6.086333333333333,0.003214550254150832,-0.009000000000000341,0.7003333333333334,0.0035118845838245077,0.0030000000000000027,20.606666666666666,0.1464012750403105,-0.14000000000000057,8.393333333333336,0.15502687938974416,-0.20999999999999908,2.4087161366313308,0.3079
2025-12-05 04:40:00,TANK_01,6.095,0.693,20.33,8.52,none,True,6.089666666666666,0.005507570547558238,0.009999999999999787,0.699,0.005567764362539287,-0.0040000000000000036,20.506666666666664,0.21079215671706478,-0.3000000000000007,8.383333333333336,0.14011899704651823,-0.030000000000001137,2.3584686774941996,0.3596
2025-12-05 04:50:00,TANK_01,6.088,0.681,20.19,8.48,none,True,6.0889999999999995,0.005567764363101488,-0.0019999999999997797,0.6913333333333335,0.009609023536762025,-0.02299999999999991,20.323333333333334,0.13012814197335304,-0.5499999999999972,8.463333333333336,0.06658328118470187,0.2400000000000002,2.3531468531468533,0.4214
2025-12-05 05:00:00,TANK_01,6.098,0.688,20.35,8.48,none,True,6.093666666666667,0.005131601439723401,0.014000000000000234,0.6873333333333335,0.006027713773067055,-0.01200000000000001,20.29,0.0871779788714165,-0.09999999999999787,8.493333333333336,0.02309401076731105,0.08999999999999986,2.371794871794872,0.2897
2025-12-05 05:10:00,TANK_01,6.092,0.687,20.1,8.53,none,True,6.092666666666666,0.005033222957133052,-0.0030000000000001137,0.6853333333333333,0.003785938896761311,-0.005999999999999894,20.213333333333335,0.12662279942191174,-0.22999999999999687,8.49666666666667,0.02886751345926086,0.009999999999999787,2.329084588644265,0.3299
2025-12-05 05:20:00,TANK_01,6.102,0.67,20.36,8.26,none,True,6.097333333333332,0.005033222957115243,0.014000000000000234,0.6816666666666666,0.010115993936830313,-0.01100000000000001,20.27,0.14730919862692157,0.16999999999999815,8.423333333333336,0.14364307617606056,-0.22000000000000064,2.4354066985645932,0.3005
2025-12-05 05:30:00,TANK_01,6.095,0.658,20.07,8.48,none,True,6.096333333333334,0.005131601439713723,-0.0030000000000001137,0.6716666666666669,0.01457166199614605,-0.029999999999999916,20.176666666666666,0.1594783161857517,-0.28000000000000114,8.423333333333336,0.14364307617606056,0.0,2.339160839160839,0.4277
2025-12-05 05:40:00,TANK_01,6.107,0.647,20.0,8.46,none,True,6.101333333333334,0.0060277137735528985,0.015000000000000568,0.6583333333333333,0.011503622617673286,-0.040000000000000036,20.143333333333334,0.19087517736322815,-0.10000000000000142,8.400000000000004,0.12165525060591773,-0.06999999999999851,2.336448598130841,0.431
2025-12-05 05:50:00,TANK_01,6.102,0.64,19.91,8.57,none,True,6.101333333333334,0.0060277137735528985,0.0,0.6483333333333334,0.00907377172568184,-0.030000000000000027,19.993333333333336,0.08020806277082973,-0.4499999999999993,8.503333333333336,0.05859465277071564,0.3100000000000005,2.296424452133795,0.5605
2025-12-05 06:00:00,TANK_01,6.1,0.649,20.18,8.34,none,True,6.103000000000001,0.0036055512758081287,0.004999999999999893,0.6453333333333334,0.00472581562587505,-0.009000000000000008,20.03,0.13747727084909223,0.10999999999999943,8.456666666666669,0.11503622617819706,-0.14000000000000057,2.3909952606635074,0.2958
2025-12-05 06:10:00,TANK_01,6.116,0.653,20.15,8.49,none,True,6.106000000000001,0.008717797887216591,0.008999999999999453,0.6473333333333334,0.006658328118212337,0.006000000000000005,20.08,0.14798648586986923,0.14999999999999858,8.466666666666669,0.11676186592086135,0.02999999999999936,2.3457508731082655,0.325
2025-12-05 06:20:00,TANK_01,6.122,0.657,20.12,8.45,none,True,6.112666666666667,0.011372481406246604,0.019999999999999574,0.6530000000000001,0.00399999999955985,0.017000000000000015,20.150000000000002,0.030000000001852174,0.21000000000000085,8.42666666666667,0.07767453465146479,-0.120000000000001,2.353216374269006,0.3965
2025-12-05 06:30:00,TANK_01,6.116,0.654,20.09,8.66,none,True,6.117999999999999,0.0034641016154080364,0.016000000000000014,0.6546666666666668,0.0020816659986228787,0.0050000000000000044,20.12,0.030000000001865052,-0.08999999999999986,8.533333333333337,0.11150485789112667,0.3200000000000003,2.29337899543379,0.5515
2025-12-05 06:40:00,TANK_01,6.105,0.658,19.9,8.52,none,True,6.114333333333334,0.00862167810436915,-0.010999999999999233,0.6563333333333334,0.0020816659986254123,0.0050000000000000044,20.036666666666665,0.11930353445496586,-0.25,8.543333333333335,0.10692676621557519,0.02999999999999936,2.308584686774942,0.4354
2025-12-05 06:50:00,TANK_01,6.11,0.676,19.95,8.49,none,True,6.110333333333333,0.005507570547485677,-0.011999999999999567,0.6626666666666668,0.011718930554017057,0.019000000000000017,19.98,0.09848857801854347,-0.1700000000000017,8.55666666666667,0.09073771725870149,0.040000000000000924,2.3224679860302677,0.4296
2025-12-05 07:00:00,TANK_01,6.104,0.681,19.89,8.66,none,True,6.106333333333333,0.003214550254033039,-0.011999999999999567,0.6716666666666669,0.012096831540942198,0.027000000000000024,19.91333333333333,0.032145502538438335,-0.1999999999999993,8.556666666666668,0.09073771725870149,0.0,2.2705479452054798,0.5587
2025-12-05 07:10:00,TANK_01,6.119,0.683,19.92,8.71,none,True,6.111,0.007549834435414474,0.013999999999999346,0.6800000000000002,0.0036055512750001358,0.025000000000000022,19.92,0.03000000000192146,0.020000000000003126,8.620000000000003,0.1153256259466472,0.19000000000000128,2.261066969353008,0.5902
2025-12-05 07:20:00,TANK_01,6.132,0.673,19.66,8.46,none,True,6.118333333333333,0.014011899704722098,0.021999999999999353,0.6790000000000002,0.005291502621812491,-0.0030000000000000027,19.823333333333334,0.14224392195608945,-0.28999999999999915,8.610000000000003,0.13228756555317667,-0.02999999999999936,2.2967289719626165,0.5351
2025-12-05 07:30:00,TANK_01,6.115,0.677,19.67,8.66,none,True,6.122,0.008888194417411415,0.01100000000000012,0.6776666666666668,0.005033222956513345,-0.0040000000000000036,19.75,0.14730919862696085,-0.21999999999999886,8.610000000000003,0.13228756555317667,0.0,2.245433789954338,0.5378
2025-12-05 07:40:00,TANK_01,6.107,0.686,19.88,8.57,none,True,6.117999999999999,0.012767145334877057,-0.011999999999999567,0.6786666666666669,0.0066583281182275465,0.0030000000000000027,19.736666666666668,0.12423096769103184,-0.0400000000000027,8.563333333333336,0.10016652800871081,-0.14000000000000057,2.292964244521338,0.4517
2025-12-05 07:50:00,TANK_01,6.112,0.672,19.51,8.56,none,True,6.1113333333333335,0.004041451884595937,-0.019999999999999574,0.6783333333333336,0.007094598884361087,-0.0010000000000000009,19.686666666666667,0.18556220879653926,-0.14999999999999858,8.59666666666667,0.0550757054727356,0.09999999999999964,2.252886836027714,0.5236
2025-12-05 08:00:00,TANK_01,6.117,0.659,19.87,8.61,none,True,6.112000000000001,0.005000000000214098,0.0019999999999997797,0.6723333333333334,0.013503086066893715,-0.018000000000000016,19.753333333333334,0.21079215671710771,0.1999999999999993,8.580000000000004,0.02645751311038875,-0.05000000000000071,2.281285878300804,0.5769
2025-12-05 08:10:00,TANK_01,6.118,0.66,19.78,8.58,none,True,6.115666666666667,0.0032145502539734972,0.01100000000000012,0.6636666666666667,0.007234178137831819,-0.026000000000000023,19.720000000000002,0.18734993995226434,-0.09999999999999787,8.583333333333336,0.02516611478396483,0.009999999999999787,2.2788018433179724,0.5494
2025-12-05 08:20:00,TANK_01,6.105,0.67,19.84,8.61,none,True,6.113333333333333,0.007234178138214128,-0.006999999999999673,0.6630000000000001,0.0060827625300143425,-0.0020000000000000018,19.830000000000002,0.04582575695083235,0.3299999999999983,8.600000000000001,0.017320508075292562,0.049999999999998934,2.277841561423651,0.5488
2025-12-05 08:30:00,TANK_01,6.098,0.654,19.95,8.39,none,True,6.106999999999999,0.010148891565207771,-0.019000000000000128,0.6613333333333334,0.008082903768440512,-0.0050000000000000044,19.856666666666666,0.08621678104319241,0.0799999999999983,8.526666666666669,0.11930353445443245,-0.21999999999999886,2.34982332155477,0.4108
2025-12-05 08:40:00,TANK_01,6.094,0.652,19.84,8.59,none,True,6.099,0.005567764363069114,-0.02400000000000002,0.6586666666666668,0.009865765724456167,-0.008000000000000007,19.876666666666665,0.06350852961177539,0.05999999999999872,8.530000000000003,0.12165525060590913,0.009999999999999787,2.283084004602992,0.4458
2025-12-05 08:50:00,TANK_01,6.094,0.637,19.79,8.56,none,True,6.0953333333333335,0.0023094010773658026,-0.01100000000000012,0.6476666666666668,0.009291573242986894,-0.03300000000000003,19.86,0.08185352771943698,-0.05000000000000071,8.513333333333335,0.10785793124902826,-0.049999999999998934,2.2852193995381063,0.5046
2025-12-05 09:00:00,TANK_01,6.099,0.639,19.97,8.61,none,True,6.095666666666666,0.0028867513464316493,0.001000000000000334,0.6426666666666668,0.008144527815027738,-0.015000000000000013,19.866666666666664,0.09291573243240221,0.019999999999999574,8.586666666666668,0.025166114783956424,0.21999999999999886,2.2927669345579793,0.5385
2025-12-05 09:10:00,TANK_01,6.087,0.638,19.91,8.49,none,True,6.093333333333334,0.006027713773581369,-0.007000000000000561,0.638,0.000999999998199672,-0.014000000000000012,19.889999999999997,0.0916515138997504,0.07000000000000028,8.553333333333336,0.060277137733304474,-0.09999999999999964,2.317811408614668,0.4444
2025-12-05 09:20:00,TANK_01,6.102,0.632,19.72,8.4,none,True,6.096,0.007937253933369111,0.008000000000000007,0.6363333333333334,0.0037859388967233076,-0.0050000000000000044,19.866666666666664,0.13051181300345888,-0.07000000000000028,8.500000000000002,0.10535653752846671,-0.16000000000000014,2.32,0.4019
2025-12-05 09:30:00,TANK_01,6.097,0.627,19.86,8.34,none,True,6.0953333333333335,0.007637626158443685,-0.0019999999999997797,0.6323333333333334,0.00550757054695606,-0.01200000000000001,19.83,0.09848857801855533,-0.10999999999999943,8.410000000000004,0.07549834435263265,-0.2699999999999996,2.353080568720379,0.4302
2025-12-05 09:40:00,TANK_01,6.097,0.637,19.85,8.61,none,True,6.0986666666666665,0.0028867513464108947,0.010000000000000675,0.6320000000000001,0.004999999999636236,-0.0010000000000000009,19.81,0.07810249675981693,-0.05999999999999872,8.450000000000003,0.14177446878753597,0.11999999999999922,2.278989667049369,0.486
2025-12-05 09:50:00,TANK_01,6.091,0.628,20.12,8.58,none,True,6.095,0.003464101615545198,-0.01100000000000012,0.6306666666666667,0.005507570546955144,-0.0040000000000000036,19.94333333333333,0.15307950004311394,0.40000000000000213,8.510000000000003,0.14798648586944416,0.17999999999999972,2.317972350230415,0.5138
2025-12-05 10:00:00,TANK_01,6.1,0.651,19.99,8.53,none,True,6.096,0.004582575695259164,0.0029999999999992255,0.6386666666666667,0.011590225766987244,0.02400000000000002,19.986666666666668,0.13503086067062375,0.129999999999999,8.573333333333336,0.040414518843103035,0.1899999999999995,2.316338354577057,0.4776
2025-12-05 10:10:00,TANK_01,6.102,0.665,20.14,8.42,none,True,6.097666666666666,0.005859465277313876,0.004999999999999893,0.6480000000000001,0.01868154169217459,0.028000000000000025,20.083333333333332,0.08144527815318464,0.28999999999999915,8.510000000000002,0.08185352771864587,-0.1899999999999995,2.363849765258216,0.4605
2025-12-05 10:20:00,TANK_01,6.095,0.669,20.13,8.56,none,True,6.098999999999999,0.0036055512758330723,0.0039999999999995595,0.6616666666666667,0.009451631252322111,0.041000000000000036,20.086666666666662,0.08386497083675348,0.00999999999999801,8.503333333333336,0.07371114795823333,-0.019999999999999574,2.3244803695150114,0.4081
2025-12-05 10:30:00,TANK_01,6.101,0.666,20.18,8.56,none,True,6.099333333333334,0.003785938897549852,0.001000000000000334,0.6666666666666669,0.0020816659986417235,0.015000000000000013,20.150000000000002,0.026457513112841603,0.19000000000000128,8.513333333333335,0.08082903768646789,0.030000000000001137,2.3302540415704387,0.3905
2025-12-05 10:40:00,TANK_01,6.092,0.654,20.18,8.46,none,True,6.096,0.004582575695259616,-0.010000000000000675,0.6630000000000001,0.00793725393297619,-0.01100000000000001,20.16333333333333,0.028867513461495065,0.03999999999999915,8.526666666666669,0.05773502691884836,0.040000000000000924,2.3574766355140184,0.3374
2025-12-05 10:50:00,TANK_01,6.078,0.661,20.24,8.63,none,True,6.090333333333334,0.011590225767272309,-0.01699999999999946,0.6603333333333334,0.006027713773053869,-0.008000000000000007,20.2,0.03464101615305888,0.10999999999999943,8.550000000000004,0.08544003745309603,0.07000000000000028,2.3184421534936996,0.4388
2025-12-05 11:00:00,TANK_01,6.078,0.661,20.06,8.66,none,True,6.082666666666667,0.008082903768860271,-0.022999999999999687,0.6586666666666668,0.004041451883896821,-0.0050000000000000044,20.16,0.09165151389975071,-0.120000000000001,8.583333333333336,0.10785793124902408,0.09999999999999964,2.2899543378995433,0.5014
2025-12-05 11:10:00,TANK_01,6.085,0.67,20.26,8.48,none,True,6.080333333333333,0.004041451884751017,-0.006999999999999673,0.6640000000000001,0.00519615242237496,0.016000000000000014,20.186666666666664,0.11015141094625124,0.08000000000000185,8.590000000000003,0.09643650760985575,0.019999999999999574,2.3613053613053614,0.3327
2025-12-05 11:20:00,TANK_01,6.089,0.662,20.24,8.68,none,True,6.0840000000000005,0.005567764363124234,0.01100000000000012,0.6643333333333334,0.0049328828619670815,0.0010000000000000009,20.186666666666667,0.11015141094625124,0.0,8.60666666666667,0.11015141094565623,0.049999999999998934,2.305239179954442,0.4157
2025-12-05 11:30:00,TANK_01,6.093,0.655,20.22,8.38,none,True,6.0889999999999995,0.004000000000383683,0.01499999999999968,0.6623333333333334,0.007505553499234798,-0.006000000000000005,20.24,0.020000000002921018,0.16000000000000014,8.513333333333337,0.15275252316515023,-0.27999999999999936,2.3844339622641506,0.426
2025-12-05 11:40:00,TANK_01,6.096,0.645,20.31,8.46,none,True,6.092666666666666,0.0035118845846997485,0.01100000000000012,0.654,0.008544003745111994,-0.025000000000000022,20.256666666666664,0.04725815626376233,0.04999999999999716,8.50666666666667,0.15534906930303688,-0.019999999999999574,2.372663551401869,0.3542
2025-12-05 11:50:00,TANK_01,6.1,0.657,20.4,8.39,none,True,6.096333333333334,0.003511884584678304,0.010999999999999233,0.6523333333333334,0.006429100507054629,-0.0050000000000000044,20.31,0.09000000000064962,0.16000000000000014,8.410000000000004,0.043588989435262175,-0.28999999999999915,2.4028268551236747,0.3277
2025-12-05 12:00:00,TANK_01,6.104,0.652,20.66,8.37,none,True,6.1000000000000005,0.0040000000003272,0.01100000000000012,0.6513333333333334,0.006027713773048897,-0.0030000000000000027,20.456666666666663,0.1817507450698654,0.4400000000000013,8.406666666666668,0.04725815626239364,-0.010000000000001563,2.439197166469894,0.3453
2025-12-05 12:10:00,TANK_01,6.091,0.644,20.43,8.4,none,True,6.098333333333334,0.0066583281186809486,-0.004999999999999893,0.6510000000000001,0.0065574385240326875,-0.0010000000000000009,20.496666666666666,0.14224392195609412,0.120000000000001,8.386666666666668,0.015275252316113843,-0.0600000000000005,2.4035294117647057,0.2557
2025-12-05 12:20:00,TANK_01,6.096,0.644,20.66,8.29,none,True,6.097,0.006557438524510878,-0.0039999999999995595,0.6466666666666668,0.0046188021531315335,-0.013000000000000012,20.583333333333332,0.13279056191406177,0.26000000000000156,8.353333333333335,0.056862407030668013,-0.10000000000000142,2.4624553039332544,0.2534
2025-12-05 12:30:00,TANK_01,6.089,0.639,20.77,8.64,none,True,6.092,0.0036055512758718274,-0.01499999999999968,0.6423333333333333,0.0028867513453265103,-0.013000000000000012,20.62,0.17349351572931784,0.10999999999999943,8.443333333333335,0.17897858344874815,0.27000000000000135,2.3764302059496565,0.4855
2025-12-05 12:40:00,TANK_01,6.083,0.648,20.67,8.31,none,True,6.089333333333333,0.006506407098882224,-0.008000000000000007,0.6436666666666667,0.004509249752425863,0.0040000000000000036,20.7,0.060827625303965044,0.240000000000002,8.413333333333336,0.19655363983737575,-0.08999999999999986,2.4577883472057076,0.3182
2025-12-05 12:50:00,TANK_01,6.063,0.64,20.99,8.35,none,True,6.078333333333333,0.013613718571237592,-0.03300000000000036,0.6423333333333335,0.0049328828619524525,-0.0040000000000000036,20.81,0.1637070554378141,0.3299999999999983,8.433333333333335,0.1800925687898322,0.0600000000000005,2.484023668639053,0.455
2025-12-05 13:00:00,TANK_01,6.076,0.634,21.06,8.29,none,True,6.074000000000001,0.01014889156527455,-0.013000000000000789,0.6406666666666667,0.007023769168312221,-0.0050000000000000044,20.906666666666666,0.20792626898363,0.28999999999999915,8.316666666666668,0.030550504632847027,-0.3500000000000014,2.5101311084624554,0.4654
2025-12-05 13:10:00,TANK_01,6.085,0.65,20.97,8.23,none,True,6.0746666666666655,0.011060440015523984,0.0019999999999997797,0.6413333333333334,0.008082903768432374,0.0020000000000000018,21.006666666666664,0.04725815626379808,0.29999999999999716,8.290000000000003,0.05999999999990378,-0.08000000000000007,2.5174069627851137,0.2578
2025-12-05 13:20:00,TANK_01,6.103,0.641,21.0,8.32,none,True,6.088,0.013747727084980184,0.040000000000000036,0.6416666666666667,0.008020806276786674,0.0010000000000000009,21.01,0.04582575695087009,0.010000000000001563,8.280000000000003,0.0458257569494338,-0.02999999999999936,2.494061757719715,0.3272
2025-12-05 13:30:00,TANK_01,6.113,0.647,21.21,8.29,none,True,6.1003333333333325,0.014189197769285672,0.03700000000000081,0.646,0.0045825756945670456,0.013000000000000012,21.06,0.13076696830668116,0.15000000000000213,8.280000000000003,0.0458257569494338,0.0,2.528009535160906,0.3013
2025-12-05 13:40:00,TANK_01,6.111,0.654,21.4,8.16,none,True,6.108999999999999,0.005291502622336322,0.0259999999999998,0.6473333333333334,0.006506407098374576,0.0040000000000000036,21.203333333333333,0.20008331597975504,0.4299999999999997,8.25666666666667,0.08504900548108775,-0.07000000000000028,2.5907990314769975,0.3018
2025-12-05 13:50:00,TANK_01,6.124,0.663,21.35,8.23,none,True,6.116,0.007000000000135001,0.020999999999999908,0.6546666666666667,0.008020806276792192,0.02200000000000002,21.319999999999997,0.09848857801858409,0.3500000000000014,8.226666666666668,0.06506407098639269,-0.08999999999999986,2.563025210084034,0.2275
2025-12-05 14:00:00,TANK_01,6.125,0.667,21.26,8.43,none,True,6.12,0.0078102496760169325,0.011999999999999567,0.6613333333333334,0.006658328118219735,0.020000000000000018,21.33666666666667,0.07094598884684158,0.05000000000000071,8.273333333333335,0.14011899704651698,0.14000000000000057,2.4923798358733884,0.2243
2025-12-05 14:10:00,TANK_01,6.121,0.682,21.23,8.18,none,True,6.123333333333334,0.002081665999844683,0.010000000000000675,0.6706666666666669,0.010016652800708542,0.028000000000000025,21.28,0.0624499799849614,-0.16999999999999815,8.280000000000003,0.1322875655531858,0.019999999999999574,2.564009661835749,0.2292
2025-12-05 14:20:00,TANK_01,6.102,0.689,21.37,8.21,none,True,6.1160000000000005,0.012288205727521722,-0.021999999999999353,0.6793333333333335,0.011239810199910142,0.025999999999999912,21.28666666666667,0.0737111479591483,0.019999999999999574,8.273333333333335,0.13650396819624594,-0.019999999999999574,2.5716004813477737,0.2382
2025-12-05 14:30:00,TANK_01,6.112,0.705,21.46,8.41,none,True,6.111666666666667,0.009504384953032196,-0.0129999999999999,0.6920000000000001,0.011789826122414354,0.03799999999999992,21.353333333333335,0.11590225767195733,0.1999999999999993,8.26666666666667,0.12503332889002744,-0.019999999999999574,2.5217391304347827,0.2714
2025-12-05 14:40:00,TANK_01,6.118,0.705,21.47,8.14,none,True,6.110666666666667,0.008082903768786575,-0.0030000000000001137,0.6996666666666668,0.009237604306861954,0.02299999999999991,21.433333333333334,0.055075705473993784,0.23999999999999844,8.253333333333336,0.14011899704651665,-0.03999999999999915,2.6055825242718447,0.1407
2025-12-05 14:50:00,TANK_01,6.119,0.706,21.6,8.16,none,True,6.116333333333333,0.0037859388974473282,0.01699999999999946,0.7053333333333334,0.0005773502664722974,0.017000000000000015,21.51,0.07810249675987666,0.23000000000000043,8.23666666666667,0.15044378795191848,-0.05000000000000071,2.6150121065375305,0.1652
2025-12-05 15:00:00,TANK_01,6.106,0.709,21.83,8.28,none,True,6.114333333333334,0.007234178138205638,-0.006000000000000227,0.7066666666666667,0.0020816659987148807,0.0040000000000000036,21.633333333333336,0.18230011885202416,0.36999999999999744,8.193333333333335,0.07571877794392803,-0.13000000000000078,2.6050119331742243,0.1884
2025-12-05 15:10:00,TANK_01,6.112,0.703,22.0,8.08,none,True,6.112333333333333,0.0065064070988048745,-0.006000000000000227,0.7060000000000001,0.002999999999477911,-0.0020000000000000018,21.810000000000002,0.20074859899917757,0.5300000000000011,8.173333333333336,0.10066445913688726,-0.0600000000000005,2.6894865525672373,0.2563
2025-12-05 15:20:00,TANK_01,6.119,0.699,21.74,8.16,none,True,6.112333333333333,0.0065064070988048745,0.0,0.7036666666666668,0.005033222956534298,-0.007000000000000006,21.856666666666666,0.1320353488027639,0.13999999999999702,8.173333333333336,0.10066445913688726,0.0,2.631961259079903,0.0353
2025-12-05 15:30:00,TANK_01,6.124,0.709,21.98,7.9,none,True,6.118333333333333,0.006027713773488985,0.017999999999999794,0.7036666666666666,0.005033222956534298,0.0,21.906666666666666,0.1446835627618742,0.15000000000000213,8.046666666666669,0.13316656236954993,-0.379999999999999,2.7475,0.1848
2025-12-05 15:40:00,TANK_01,6.132,0.687,22.24,8.16,none,True,6.125,0.006557438524414394,0.019999999999999574,0.6983333333333334,0.01101514109442746,-0.015999999999999903,21.986666666666665,0.2500666577804223,0.23999999999999844,8.073333333333336,0.15011106998926843,0.08000000000000007,2.6924939467312345,0.2598
2025-12-05 15:50:00,TANK_01,6.134,0.697,22.03,8.15,none,True,6.13,0.005291502622246577,0.015000000000000568,0.6976666666666668,0.011015141094427245,-0.0020000000000000018,22.083333333333332,0.137961347244339,0.2900000000000027,8.070000000000002,0.14730919862652733,-0.009999999999999787,2.6703030303030304,0.1218
2025-12-05 16:00:00,TANK_01,6.131,0.698,22.14,8.18,none,True,6.1323333333333325,0.0015275252320212226,0.007000000000000561,0.6940000000000001,0.006082762530033526,-0.01100000000000001,22.136666666666667,0.10503967504459673,0.16000000000000014,8.163333333333336,0.015275252316152683,0.27999999999999936,2.673913043478261,0.2199
2025-12-05 16:10:00,TANK_01,6.098,0.696,21.99,8.45,none,True,6.1209999999999996,0.01997498435548039,-0.03399999999999981,0.6970000000000001,0.000999999998400877,0.008999999999999897,22.05333333333333,0.07767453465244037,-0.25,8.260000000000002,0.16522711641854715,0.28999999999999915,2.5719298245614035,0.4806
2025-12-05 16:20:00,TANK_01,6.106,0.705,22.3,8.19,none,True,6.111666666666667,0.017214335111629318,-0.02800000000000047,0.6996666666666668,0.004725815625916174,0.008000000000000007,22.143333333333334,0.15502687939023665,0.2699999999999996,8.273333333333335,0.1530795000426949,0.03999999999999915,2.6899879372738242,0.2805
2025-12-05 16:30:00,TANK_01,6.098,0.713,22.4,8.13,none,True,6.100666666666666,0.004618802153807739,-0.03300000000000036,0.7046666666666667,0.008504900547930452,0.015000000000000013,22.23,0.2137755832646544,0.259999999999998,8.25666666666667,0.17009801096227248,-0.049999999999998934,2.7217496962332923,0.316
2025-12-05 16:40:00,TANK_01,6.106,0.723,22.35,8.01,none,True,6.103333333333334,0.004618802153793125,0.008000000000000007,0.7136666666666667,0.009018499505474826,0.027000000000000024,22.349999999999998,0.05000000000145023,0.360000000000003,8.110000000000001,0.09165151389905546,-0.4399999999999995,2.7558569667077686,0.2856
2025-12-05 16:50:00,TANK_01,6.115,0.738,22.26,8.25,none,True,6.106333333333333,0.008504900548256504,0.009000000000000341,0.7246666666666668,0.012583057391998399,0.03300000000000003,22.33666666666667,0.07094598884699632,-0.03999999999999915,8.130000000000003,0.1199999999999532,0.0600000000000005,2.665868263473054,0.1987
2025-12-05 17:00:00,TANK_01,6.118,0.744,22.55,7.98,none,True,6.1129999999999995,0.006244997998563087,0.020000000000000462,0.735,0.010816653826256167,0.031000000000000028,22.386666666666667,0.1484362938552394,0.15000000000000213,8.080000000000004,0.14798648586944943,-0.15000000000000036,2.7908415841584158,0.1703
2025-12-05 17:10:00,TANK_01,6.121,0.754,22.67,8.15,none,True,6.117999999999999,0.0030000000002996293,0.015000000000000568,0.7453333333333334,0.008082903768477296,0.031000000000000028,22.493333333333336,0.2107921567171814,0.3200000000000003,8.12666666666667,0.1365039681962472,0.14000000000000057,2.747878787878788,0.2413
2025-12-05 17:20:00,TANK_01,6.112,0.755,22.51,8.1,none,True,6.117,0.0045825756951574466,-0.0030000000000001137,0.751,0.006082762530065597,0.017000000000000015,22.576666666666668,0.08326663997953952,0.25,8.07666666666667,0.08736894948047688,-0.15000000000000036,2.7451219512195126,0.0761
2025-12-05 17:30:00,TANK_01,6.124,0.741,22.65,8.11,none,True,6.119,0.006244997998538127,0.005999999999999339,0.75,0.0078102496757250384,-0.0030000000000000027,22.610000000000003,0.08717797887167134,0.09999999999999787,8.120000000000003,0.02645751311043198,0.129999999999999,2.7588306942752743,0.0498
2025-12-05 17:40:00,TANK_01,6.115,0.752,22.55,8.09,none,True,6.117,0.006244997998546055,-0.006000000000000227,0.7493333333333334,0.0073711147956392435,-0.0020000000000000018,22.570000000000004,0.07211102551030936,-0.120000000000001,8.100000000000001,0.009999999999434848,-0.0600000000000005,2.753357753357754,0.0957
2025-12-05 17:50:00,TANK_01,6.089,0.763,22.63,8.04,none,True,6.109333333333333,0.018175074507015408,-0.022999999999999687,0.7520000000000001,0.010999999999871739,0.008000000000000007,22.61,0.052915026222704574,0.11999999999999744,8.08,0.03605551275448367,-0.0600000000000005,2.7800982800982803,0.1903
2025-12-05 18:00:00,TANK_01,6.105,0.743,22.8,8.15,none,True,6.103000000000001,0.013114877048701755,-0.01899999999999924,0.7526666666666667,0.010016652800737177,0.0020000000000000018,22.66,0.12767145334862742,0.15000000000000213,8.093333333333335,0.05507570547275888,0.040000000000000924,2.7636363636363637,0.1144
2025-12-05 18:10:00,TANK_01,6.085,0.746,22.68,7.96,none,True,6.093,0.010583005244404213,-0.03000000000000025,0.7506666666666667,0.010785793124777652,-0.006000000000000005,22.703333333333333,0.08736894948140961,0.129999999999999,8.050000000000002,0.095393920141636,-0.1299999999999999,2.813895781637717,0.1286
2025-12-05 18:20:00,TANK_01,6.073,0.752,22.9,7.91,none,True,6.087666666666667,0.016165807537413483,-0.016000000000000014,0.7470000000000002,0.004582575694643748,-0.01100000000000001,22.793333333333333,0.1101514109464192,0.2699999999999996,8.00666666666667,0.12662279942144017,-0.129999999999999,2.8589263420724094,0.2023
2025-12-05 18:30:00,TANK_01,6.064,0.76,23.08,7.84,none,True,6.074000000000001,0.010535653753045026,-0.04100000000000037,0.7526666666666667,0.0070237691683680175,0.017000000000000015,22.886666666666667,0.20033305601794368,0.2799999999999976,7.903333333333336,0.06027713773332734,-0.3100000000000005,2.906801007556675,0.3747
2025-12-05 18:40:00,TANK_01,6.049,0.749,22.68,8.18,none,True,6.062,0.012124355653174003,-0.03599999999999959,0.7536666666666667,0.005686240702830391,0.0030000000000000027,22.886666666666667,0.20033305601794368,0.0,7.976666666666669,0.17953644012657216,0.21999999999999975,2.739130434782609,0.349
2025-12-05 18:50:00,TANK_01,6.04,0.772,22.89,8.13,none,True,6.050999999999999,0.012124355653196969,-0.03300000000000036,0.7603333333333334,0.011503622617705149,0.020000000000000018,22.883333333333336,0.20008331597984005,-0.00999999999999801,8.050000000000002,0.18357559750682764,0.22000000000000064,2.781287970838396,0.3705
2025-12-05 19:00:00,TANK_01,6.047,0.761,22.68,8.16,none,True,6.045333333333333,0.004725815626834458,-0.017000000000000348,0.7606666666666667,0.01150362261770526,0.0010000000000000009,22.75,0.12124355653045128,-0.3999999999999986,8.156666666666668,0.025166114784007633,0.3200000000000003,2.745762711864407,0.3235
2025-12-05 19:10:00,TANK_01,6.06,0.765,22.87,8.04,none,True,6.0489999999999995,0.010148891565353497,0.010999999999999233,0.766,0.00556776436258639,0.016000000000000014,22.813333333333333,0.11590225767208975,0.19000000000000128,8.110000000000001,0.06244997998389456,-0.14000000000000057,2.8095823095823103,0.1299
2025-12-05 19:20:00,TANK_01,6.063,0.751,22.89,8.03,none,True,6.056666666666666,0.008504900548403404,0.022999999999999687,0.759,0.007211102550736126,-0.02100000000000002,22.813333333333333,0.11590225767208975,0.0,8.076666666666668,0.07234178138062605,-0.10000000000000142,2.81549815498155,0.1229
2025-12-05 19:30:00,TANK_01,6.045,0.723,22.86,7.83,none,True,6.056,0.009643650761248726,-0.0019999999999997797,0.7463333333333334,0.021385353243060356,-0.038000000000000034,22.873333333333335,0.015275252321609756,0.17999999999999972,7.966666666666669,0.11846237095940071,-0.33000000000000007,2.8827238335435057,0.4509
2025-12-05 19:40:00,TANK_01,6.021,0.705,22.92,8.02,none,True,6.042999999999999,0.021071307505839226,-0.0389999999999997,0.7263333333333334,0.023180451534220048,-0.06000000000000005,22.89,0.030000000002601095,0.05000000000000071,7.960000000000002,0.11269427669579944,-0.019999999999999574,2.822660098522168,0.5009
2025-12-05 19:50:00,TANK_01,6.023,0.722,22.96,8.17,none,True,6.0296666666666665,0.013316656237197692,-0.040000000000000036,0.7166666666666668,0.010115993936843355,-0.029000000000000026,22.913333333333338,0.050332229570029155,0.07000000000000028,8.00666666666667,0.170391705588396,0.14000000000000057,2.776299879081016,0.3993
2025-12-05 20:00:00,TANK_01,6.025,0.733,23.1,8.19,none,True,6.023,0.002000000001679823,-0.019999999999999574,0.7200000000000001,0.014106735979557519,0.010000000000000009,22.993333333333336,0.09451631252589641,0.240000000000002,8.126666666666667,0.0929157324317151,0.35999999999999943,2.7864897466827507,0.3672
2025-12-05 20:10:00,TANK_01,6.023,0.72,22.91,8.16,none,True,6.023666666666666,0.0011547005412728922,0.0019999999999997797,0.7250000000000001,0.006999999999784233,0.015000000000000013,22.99,0.09848857801877116,-0.010000000000001563,8.173333333333337,0.015275252316139352,0.14000000000000057,2.7736077481840193,0.2756
2025-12-05 20:20:00,TANK_01,6.04,0.721,22.94,8.18,none,True,6.029333333333334,0.009291573243520505,0.017000000000000348,0.7246666666666668,0.007234178137861293,-0.0010000000000000009,22.983333333333334,0.10214368964107665,-0.019999999999999574,8.17666666666667,0.015275252316138431,0.009999999999999787,2.770531400966184,0.229
2025-12-05 20:30:00,TANK_01,6.043,0.728,23.0,7.99,none,True,6.035333333333334,0.010785793125189437,0.017999999999999794,0.723,0.004358898943192534,-0.0050000000000000044,22.95,0.04582575695127971,-0.10000000000000142,8.110000000000003,0.10440306508905274,-0.1999999999999993,2.8430160692212607,0.2126
2025-12-05 20:40:00,TANK_01,6.034,0.753,22.8,7.93,none,True,6.039000000000001,0.004582575695593571,0.01100000000000012,0.7340000000000001,0.016822603841172908,0.03300000000000003,22.913333333333338,0.10263202878969836,-0.10999999999999943,8.033333333333337,0.13051181300297326,-0.23000000000000043,2.8393524283935245,0.2934
2025-12-05 20:50:00,TANK_01,6.032,0.754,22.89,7.99,none,True,6.036333333333334,0.005859465277593662,-0.008000000000000007,0.7450000000000001,0.014730919862558662,0.03300000000000003,22.896666666666665,0.10016652800955364,-0.05000000000000071,7.970000000000002,0.03464101615123969,-0.1899999999999995,2.8294190358467244,0.2437
2025-12-05 21:00:00,TANK_01,6.038,0.772,22.8,8.05,none,True,6.034666666666666,0.0030550504642999528,-0.004999999999999893,0.7596666666666668,0.010692676621434291,0.04400000000000004,22.830000000000002,0.05196152422853114,-0.1999999999999993,7.990000000000002,0.05999999999991941,0.0600000000000005,2.7975460122699385,0.2626
2025-12-05 21:10:00,TANK_01,6.053,0.761,22.67,7.99,none,True,6.041,0.010816653826657172,0.019000000000000128,0.7623333333333333,0.009073771725726163,0.008000000000000007,22.786666666666672,0.11060440015425861,-0.129999999999999,8.010000000000003,0.03464101615123501,0.0600000000000005,2.8022249690976517,0.1142
2025-12-05 21:20:00,TANK_01,6.052,0.77,22.59,8.01,none,True,6.047666666666667,0.00838649708392638,0.019999999999999574,0.7676666666666666,0.0058594652768513954,0.016000000000000014,22.686666666666667,0.10598742063791784,-0.3000000000000007,8.016666666666667,0.030550504632876285,0.019999999999999574,2.7854500616522815,0.1671
2025-12-01 00:00:00,TANK_02,5.875,1.586,23.61,8.08,none,True,5.875,0.0,0.0,1.586,0.0,0.0,23.61,0.0,0.0,8.08,0.0,0.0,2.8863080684596576,0.4497
2025-12-01 00:10:00,TANK_02,5.875,1.602,23.57,7.88,none,True,5.875,0.0,0.0,1.594,0.01131370849898477,0.0,23.59,0.028284271247461298,0.0,7.98,0.14142135623730995,0.0,2.9536340852130327,0.31
2025-12-01 00:20:00,TANK_02,5.878,1.595,23.61,7.71,none,True,5.876,0.0017320508075688147,0.0,1.5943333333333334,0.008020806277010645,0.0,23.596666666666664,0.023094010767584282,0.0,7.890000000000001,0.18520259177452184,0.0,3.0230473751600515,0.337
2025-12-01 00:30:00,TANK_02,5.891,1.596,23.41,7.93,none,True,5.881333333333333,0.008504900548115455,0.016000000000000014,1.5976666666666668,0.0037859388972002386,0.010000000000000009,23.53,0.105830052442585,-0.1999999999999993,7.84,0.11532562594670887,-0.15000000000000036,2.9153175591531757,0.234
2025-12-01 00:40:00,TANK_02,5.887,1.601,23.4,7.74,none,True,5.885333333333333,0.00665832811847982,0.011999999999999567,1.5973333333333333,0.003214550253664294,-0.001000000000000112,23.473333333333333,0.11846237095944784,-0.1700000000000017,7.793333333333334,0.11930353445448978,-0.13999999999999968,2.9846938775510203,0.2363
2025-12-01 00:50:00,TANK_02,5.875,1.599,23.33,7.79,none,True,5.884333333333333,0.008326663997865066,-0.0030000000000001137,1.5986666666666667,0.0025166114784234,0.0040000000000000036,23.38,0.04358898943541485,-0.28000000000000114,7.82,0.09848857801796228,0.08000000000000007,2.956907477820025,0.2647
2025-12-01 01:00:00,TANK_02,5.874,1.591,23.21,7.86,none,True,5.878666666666667,0.0072341781380710285,-0.017000000000000348,1.5970000000000002,0.00529150262212923,-0.0050000000000001155,23.313333333333333,0.09609023536933262,-0.1999999999999993,7.796666666666667,0.06027713773341985,-0.0699999999999994,2.9158291457286434,0.2264
2025-12-01 01:10:00,TANK_02,6.063,1.567,23.15,7.82,none,True,5.937333333333332,0.10883167431098958,0.17600000000000016,1.5856666666666666,0.016653327995729248,-0.03400000000000003,23.23,0.09165151389912032,-0.25,7.823333333333333,0.035118845842847225,0.08000000000000007,2.922979797979798,0.5718
2025-12-01 01:20:00,TANK_02,6.186,1.562,23.18,7.91,none,True,6.0409999999999995,0.15715915499900113,0.31099999999999994,1.5733333333333333,0.015502687938978315,-0.03699999999999992,23.179999999999996,0.030000000000014595,-0.14999999999999858,7.863333333333334,0.04509249752823286,0.1200000000000001,2.8938826466916354,0.6215
2025-12-01 01:30:00,TANK_02,6.179,1.57,23.18,8.09,none,True,6.142666666666667,0.0690820767879302,0.3050000000000006,1.5663333333333334,0.004041451884329122,-0.020999999999999908,23.17,0.017320508075712997,-0.030000000000001137,7.94,0.13747727084867617,0.22999999999999954,2.8302808302808304,0.509
2025-12-01 01:40:00,TANK_02,6.173,1.58,22.91,8.01,none,True,6.179333333333333,0.006506407098662102,0.11000000000000032,1.5706666666666667,0.009018499505646475,0.013000000000000123,23.09,0.1558845726812014,-0.23999999999999844,8.003333333333332,0.0901849950564594,0.1899999999999995,2.824907521578299,0.118
2025-12-01 01:50:00,TANK_02,6.178,1.59,22.88,7.77,none,True,6.176666666666667,0.0032145502536933893,-0.008000000000000007,1.58,0.01000000000000052,0.028000000000000025,22.99,0.16522711641858687,-0.3000000000000007,7.956666666666666,0.16653327995729192,-0.14000000000000057,2.9072426937738247,0.1119
2025-12-01 02:00:00,TANK_02,6.189,1.58,22.81,7.73,none,True,6.18,0.008185352771884076,0.009999999999999787,1.5833333333333333,0.00577350269189715,0.010000000000000009,22.866666666666664,0.051316014394489316,-0.370000000000001,7.836666666666666,0.151437555888009,-0.35999999999999943,2.913154533844189,0.1952
2025-12-01 02:10:00,TANK_02,6.184,1.592,22.68,7.91,none,True,6.183666666666667,0.005507570547303712,0.01100000000000012,1.5873333333333335,0.006429100507329542,0.01200000000000001,22.790000000000003,0.101488915650932,-0.23000000000000043,7.803333333333334,0.09451631252505525,-0.09999999999999964,2.8314606741573036,0.0
2025-12-01 02:20:00,TANK_02,6.173,1.59,22.72,7.88,none,True,6.1819999999999995,0.008185352771884064,-0.004999999999999893,1.5873333333333335,0.006429100507329542,0.0,22.736666666666668,0.06658328118480825,-0.16000000000000014,7.84,0.09643650760993237,0.11000000000000032,2.8471177944862154,0.0
2025-12-01 02:30:00,TANK_02,6.169,1.577,22.71,7.94,none,True,6.175333333333334,0.007767453465165924,-0.020000000000000462,1.5863333333333334,0.008144527815247793,-0.0030000000000001137,22.703333333333333,0.02081665999470437,-0.09999999999999787,7.91,0.030000000000010955,0.20999999999999996,2.824626865671642,0.0556
2025-12-01 02:40:00,TANK_02,6.164,1.578,22.66,7.84,none,True,6.168666666666667,0.004509249752842127,-0.020000000000000462,1.5816666666666668,0.007234178138070802,-0.014000000000000012,22.69666666666667,0.032145502536670936,-0.019999999999999574,7.886666666666667,0.050332229568478326,-0.07000000000000028,2.8539042821158693,0.0196
2025-12-01 02:50:00,TANK_02,6.176,1.565,22.37,8.02,none,True,6.169666666666667,0.0060277137733562155,0.0030000000000001137,1.5733333333333333,0.007234178138070419,-0.025000000000000133,22.580000000000002,0.18357559750686123,-0.34999999999999787,7.933333333333334,0.09018499505646112,0.13999999999999968,2.754926108374385,0.0777
2025-12-01 03:00:00,TANK_02,6.181,1.54,22.3,8.15,none,True,6.173666666666667,0.008736894948064159,0.012000000000000455,1.561,0.019313207915827704,-0.03699999999999992,22.44333333333333,0.190875177362939,-0.41000000000000014,8.003333333333332,0.15567059238447684,0.20999999999999996,2.703030303030303,0.3206
2025-12-01 03:10:00,TANK_02,6.179,1.546,22.49,7.87,none,True,6.178666666666667,0.002516611478458187,0.015000000000000568,1.5503333333333333,0.013051181300300464,-0.03200000000000003,22.386666666666667,0.09609023536932884,-0.1700000000000017,8.013333333333334,0.14011899704655986,0.03000000000000025,2.821831869510665,0.0945
2025-12-01 03:20:00,TANK_02,6.183,1.541,22.35,7.87,none,True,6.181,0.0020000000000437814,0.006999999999999673,1.5423333333333336,0.003214550253660481,-0.02400000000000002,22.38,0.09848857801795924,-0.019999999999999574,7.963333333333334,0.16165807537309734,-0.14999999999999947,2.80426599749059,0.0804
2025-12-01 03:30:00,TANK_02,6.202,1.554,22.18,7.94,none,True,6.188,0.012288205727451708,0.020999999999999908,1.547,0.00655743852430043,0.014000000000000012,22.340000000000003,0.1552417469625994,-0.120000000000001,7.8933333333333335,0.04041451884328511,-0.20999999999999996,2.7587064676616913,0.0835
2025-12-01 03:40:00,TANK_02,6.205,1.549,22.19,8.01,none,True,6.196666666666666,0.011930353445456957,0.0259999999999998,1.548,0.00655743852430051,0.0029999999999998916,22.24,0.09539392014169493,-0.29999999999999716,7.94,0.07000000000000577,0.13999999999999968,2.7361282367447597,0.0502
2025-12-01 03:50:00,TANK_02,6.209,1.549,22.03,8.15,none,True,6.205333333333333,0.003511884584311766,0.0259999999999998,1.5506666666666666,0.002886751345945178,0.008000000000000007,22.133333333333336,0.08962886439832708,-0.3200000000000003,8.033333333333333,0.10692676621564005,0.28000000000000025,2.6703030303030304,0.1357
2025-12-01 04:00:00,TANK_02,6.208,1.539,22.16,8.16,none,True,6.207333333333334,0.0020816659995133743,0.006000000000000227,1.5456666666666665,0.005773502691894145,-0.015000000000000124,22.126666666666665,0.08504900548115621,-0.019999999999999574,8.106666666666667,0.08386497083606584,0.21999999999999975,2.682808716707022,0.0372
2025-12-01 04:10:00,TANK_02,6.217,1.545,21.73,8.15,none,True,6.211333333333333,0.004932882862336914,0.011999999999999567,1.5443333333333333,0.00503322295684454,-0.0040000000000000036,21.973333333333333,0.22052966542697883,-0.46000000000000085,8.153333333333334,0.005773502691957888,0.14000000000000057,2.633939393939394,0.2153
2025-12-01 04:20:00,TANK_02,6.233,1.536,22.06,8.1,none,True,6.219333333333334,0.012662279942157113,0.02400000000000002,1.5399999999999998,0.004582575694952013,-0.0129999999999999,21.983333333333334,0.2250185177565061,0.029999999999997584,8.136666666666668,0.03214550253665481,-0.05000000000000071,2.6902439024390246,0.1929
2025-12-01 04:30:00,TANK_02,6.237,1.55,22.06,8.08,none,True,6.228999999999999,0.010583005244270853,0.028999999999999915,1.5436666666666667,0.007094598884595599,0.01100000000000012,21.95,0.19052558883258044,-0.10000000000000142,8.11,0.03605551275465,-0.08000000000000007,2.6968215158924207,0.1193
2025-12-01 04:40:00,TANK_02,6.236,1.571,21.84,8.0,none,True,6.235333333333333,0.0020816659995357223,0.019000000000000128,1.5523333333333333,0.01761628034896459,0.026000000000000023,21.986666666666665,0.1270170592217226,0.10999999999999943,8.06,0.05291502622129851,-0.15000000000000036,2.696296296296296,0.2009
2025-12-01 04:50:00,TANK_02,6.237,1.583,21.81,8.09,none,True,6.236666666666667,0.0005773502694455284,0.004000000000000448,1.5679999999999998,0.016703293088490147,0.04699999999999993,21.903333333333332,0.13650396819629587,-0.25,8.056666666666667,0.049328828623169965,-0.009999999999999787,2.663003663003663,0.2404
2025-12-01 05:00:00,TANK_02,6.239,1.59,21.66,8.24,none,True,6.237333333333333,0.0015275252317494936,0.0019999999999997797,1.5813333333333333,0.009609023536933995,0.040000000000000036,21.77,0.09643650760994615,-0.3999999999999986,8.110000000000001,0.12124355652982484,0.16000000000000014,2.597122302158273,0.234
2025-12-01 05:10:00,TANK_02,6.228,1.586,21.77,8.21,none,True,6.234666666666667,0.005859465277106689,-0.008000000000000007,1.5863333333333334,0.003511884584287366,0.015000000000000124,21.746666666666666,0.07767453465156261,-0.07000000000000028,8.180000000000001,0.07937253933194387,0.21000000000000085,2.619735258724428,0.0754
2025-12-01 05:20:00,TANK_02,6.23,1.614,21.58,8.32,none,True,6.232333333333333,0.005859465277105628,-0.006999999999999673,1.5966666666666667,0.01514375558880175,0.03100000000000014,21.669999999999998,0.09539392014171699,-0.23000000000000043,8.256666666666668,0.05686240703078262,0.23000000000000043,2.5629453681710213,0.2431
2025-12-01 05:30:00,TANK_02,6.236,1.607,21.4,8.18,none,True,6.231333333333333,0.004163331998964761,-0.0030000000000001137,1.6023333333333334,0.014571661996264135,0.016999999999999904,21.583333333333332,0.18502252115171985,-0.26000000000000156,8.236666666666666,0.07371114795832713,-0.0600000000000005,2.5845410628019323,0.1823
2025-12-01 05:40:00,TANK_02,6.223,1.594,21.62,8.12,none,True,6.229666666666667,0.006506407098667854,-0.004999999999999893,1.6049999999999998,0.010148891565094029,0.008000000000000007,21.53333333333333,0.11718930554167115,-0.14999999999999858,8.206666666666665,0.10263202878894354,-0.09000000000000163,2.6301703163017036,0.0295
2025-12-01 05:50:00,TANK_02,6.232,1.579,21.59,8.34,none,True,6.230333333333334,0.006658328118499376,0.0019999999999997797,1.5933333333333335,0.014011899704656758,-0.03500000000000014,21.536666666666665,0.11930353445451312,0.010000000000001563,8.213333333333333,0.11372481406155183,0.019999999999999574,2.558056872037915,0.1838
2025-12-01 06:00:00,TANK_02,6.231,1.562,21.53,8.2,none,True,6.228666666666666,0.004932882862342489,-0.004999999999999893,1.5783333333333331,0.016010413278030888,-0.04499999999999993,21.58,0.04582575694961541,0.13000000000000256,8.219999999999999,0.11135528725660594,0.019999999999999574,2.5939759036144583,0.25
2025-12-01 06:10:00,TANK_02,6.245,1.557,21.58,8.14,none,True,6.236000000000001,0.007810249675926123,0.02200000000000024,1.566,0.011532562594670935,-0.037000000000000144,21.566666666666666,0.032145502536724616,-0.0400000000000027,8.226666666666667,0.10263202878894313,0.02000000000000135,2.6189320388349513,0.2107
2025-12-01 06:20:00,TANK_02,6.257,1.554,21.24,8.16,none,True,6.2443333333333335,0.013012814197309087,0.024999999999999467,1.5576666666666668,0.004041451884326671,-0.02499999999999991,21.45,0.1835755975068732,-0.3500000000000014,8.166666666666666,0.030550504633061647,-0.17999999999999972,2.571428571428571,0.3324
2025-12-01 06:30:00,TANK_02,6.264,1.546,21.3,8.11,none,True,6.255333333333333,0.009609023536956017,0.03300000000000036,1.5523333333333333,0.005686240703076222,-0.016000000000000014,21.37333333333333,0.18147543451756284,-0.23000000000000043,8.136666666666668,0.025166114784266953,-0.08999999999999986,2.5943970767356888,0.2452
2025-12-01 06:40:00,TANK_02,6.264,,21.34,8.09,none,True,6.261666666666667,0.0040414518843873565,0.019000000000000128,1.55,0.005656854249489695,0.0,21.293333333333333,0.050332229568519765,-0.23999999999999844,8.12,0.03605551275466239,-0.05000000000000071,2.6056166056166057,0.1625
2025-12-01 06:50:00,TANK_02,6.267,1.545,21.46,8.38,none,True,6.265000000000001,0.00173205080771313,0.010000000000000675,1.5455,0.0007071067811565432,-0.009000000000000119,21.366666666666664,0.08326663997867959,0.22000000000000242,8.193333333333333,0.16196707484342243,0.22000000000000064,2.5306603773584904,0.3151
2025-12-01 07:00:00,TANK_02,6.252,1.545,21.26,8.25,none,True,6.261,0.00793725393322418,-0.012000000000000455,1.545,0.0,-0.001000000000000112,21.353333333333335,0.10066445913697095,-0.03999999999999915,8.24,0.14525839046334343,0.14000000000000057,2.546107784431138,0.1783
2025-12-01 07:10:00,TANK_02,6.254,1.559,21.5,8.22,none,True,6.257666666666666,0.008144527815275653,-0.010000000000000675,1.5496666666666667,0.008082903768653884,0.0,21.406666666666666,0.12858201014659462,0.16000000000000014,8.283333333333333,0.08504900548115847,0.13000000000000078,2.5841346153846154,0.1071
2025-12-01 07:20:00,TANK_02,6.266,1.557,21.19,8.35,none,True,6.2573333333333325,0.007571877794430871,-0.001000000000000334,1.5536666666666665,0.00757187779439984,0.01200000000000001,21.316666666666666,0.16258331197677878,-0.2699999999999996,8.273333333333333,0.06806859285554563,-0.030000000000001137,2.507692307692308,0.2158
2025-12-01 07:30:00,TANK_02,6.258,1.575,21.36,8.11,none,True,6.259333333333333,0.006110100926646703,0.006000000000000227,1.5636666666666665,0.009865765724632884,0.030000000000000027,21.349999999999998,0.1552417469626177,0.09999999999999787,8.226666666666667,0.12013880860627181,-0.14000000000000057,2.6017052375152256,0.1998
2025-12-01 07:40:00,TANK_02,6.257,1.573,21.26,8.21,none,True,6.260333333333333,0.004932882862365207,0.0030000000000001137,1.5683333333333334,0.009865765724633263,0.014000000000000012,21.27,0.0854400374532048,-0.23999999999999844,8.223333333333334,0.12055427546683863,-0.009999999999999787,2.558363417569194,0.1565
2025-12-01 07:50:00,TANK_02,6.033,1.587,21.35,8.08,none,True,6.182666666666667,0.12961609982302824,-0.23299999999999965,1.5783333333333334,0.007571877794402607,0.030000000000000027,21.323333333333334,0.05507570547290907,0.16000000000000014,8.133333333333333,0.0680685928555512,-0.2699999999999996,2.6100244498777507,0.627
2025-12-01 08:00:00,TANK_02,6.253,1.578,21.46,8.21,none,True,6.181,0.12818736287169613,-0.004999999999999893,1.5793333333333333,0.0070945988846000925,0.0030000000000001137,21.35666666666667,0.10016652800880581,0.10000000000000142,8.166666666666666,0.0750555349946598,0.10000000000000142,2.582430806257521,0.3588
2025-12-01 08:10:00,TANK_02,6.244,1.574,21.26,8.12,none,True,6.176666666666667,0.1245003346715711,-0.0129999999999999,1.5796666666666666,0.0066583281184820296,0.001000000000000112,21.356666666666666,0.10016652800880581,0.0,8.136666666666667,0.06658328118480483,-0.09000000000000163,2.5863746958637477,0.3817
2025-12-01 08:20:00,TANK_02,6.264,1.568,21.26,8.08,none,True,6.253666666666667,0.010016652800903735,0.23099999999999987,1.5733333333333335,0.005033222956849614,-0.018999999999999906,21.326666666666668,0.11547005383794888,-0.08999999999999986,8.136666666666668,0.06658328118480483,0.0,2.5990220048899757,0.314
2025-12-01 08:30:00,TANK_02,6.25,1.571,21.05,8.27,none,True,6.252666666666666,0.010263202878918654,-0.0030000000000001137,1.571,0.0030000000000034535,-0.007000000000000117,21.19,0.12124355652984489,-0.41000000000000014,8.156666666666666,0.10016652800878445,0.05999999999999872,2.514934289127838,0.2059
2025-12-01 08:40:00,TANK_02,6.238,1.596,21.36,8.14,none,True,6.250666666666667,0.013012814197314133,-0.005999999999999339,1.5783333333333334,0.015373136743467993,0.02200000000000002,21.223333333333333,0.1582192571507618,0.09999999999999787,8.163333333333334,0.09712534856222929,0.02000000000000135,2.5922330097087376,0.1805
2025-12-01 08:50:00,TANK_02,6.237,1.583,21.44,8.1,none,True,6.241666666666667,0.007234178138098806,-0.027000000000000135,1.5833333333333333,0.012503332889008926,0.014999999999999902,21.28333333333333,0.20599352740641969,0.17999999999999972,8.17,0.08888194417316238,0.019999999999999574,2.614634146341464,0.195
2025-12-01 09:00:00,TANK_02,6.238,1.591,21.5,8.18,none,True,6.237666666666667,0.0005773502695264505,-0.011999999999999567,1.5899999999999999,0.006557438524305285,0.020000000000000018,21.433333333333334,0.0702376916857332,0.4499999999999993,8.14,0.040000000000016654,-0.08999999999999986,2.5966183574879227,0.226
2025-12-01 09:10:00,TANK_02,6.248,1.589,21.5,8.07,none,True,6.2410000000000005,0.0060827625303319895,0.009999999999999787,1.5876666666666666,0.0041633319989372196,-0.007000000000000117,21.48,0.03464101615147515,0.14000000000000057,8.116666666666667,0.05686240703078638,-0.07000000000000028,2.6315789473684212,0.1002
2025-12-01 09:20:00,TANK_02,6.231,1.581,21.47,8.31,none,True,6.239,0.008544003745341006,-0.006000000000000227,1.5869999999999997,0.0052915026221330985,-0.0020000000000000018,21.49,0.017320508075885605,0.029999999999997584,8.186666666666667,0.1201388086062717,0.21000000000000085,2.552913198573127,0.1595
2025-12-01 09:30:00,TANK_02,6.238,1.581,21.33,8.18,none,True,6.239,0.008544003745341006,0.0,1.5836666666666666,0.004618802153521477,-0.010000000000000009,21.433333333333334,0.0907377172588133,-0.1700000000000017,8.186666666666667,0.1201388086062717,0.0,2.5760869565217392,0.0714
2025-12-01 09:40:00,TANK_02,6.254,1.571,21.33,8.31,none,True,6.241,0.011789826122568781,0.005999999999999339,1.5776666666666666,0.005773502691899779,-0.018000000000000016,21.376666666666665,0.08082903768659085,-0.1700000000000017,8.266666666666667,0.07505553499465432,0.2400000000000002,2.5362663495838285,0.1965
2025-12-01 09:50:00,TANK_02,6.25,1.564,21.53,8.09,none,True,6.247333333333334,0.008326663997891191,0.019000000000000128,1.572,0.008544003745319762,-0.016999999999999904,21.396666666666665,0.11547005383795735,0.060000000000002274,8.193333333333333,0.11060440015358551,-0.22000000000000064,2.6288156288156292,0.1344
2025-12-01 10:00:00,TANK_02,6.24,1.564,21.61,8.07,none,True,6.248,0.007211102550959274,0.0019999999999997797,1.5663333333333334,0.00404145188433193,-0.016999999999999904,21.49,0.14422205101858548,0.28000000000000114,8.156666666666668,0.13316656236959395,-0.10999999999999943,2.6450428396572825,0.1446
2025-12-01 10:10:00,TANK_02,6.24,1.588,21.45,8.21,none,True,6.243333333333333,0.005773502691932791,-0.013999999999999346,1.572,0.013856406460552376,0.017000000000000126,21.53,0.08000000000004655,0.120000000000001,8.123333333333335,0.07571877794401749,-0.09999999999999964,2.5812274368231045,0.128
2025-12-01 10:20:00,TANK_02,6.233,1.591,21.59,8.14,none,True,6.237666666666667,0.004041451884375145,-0.017000000000000348,1.5810000000000002,0.014798648586949995,0.026999999999999913,21.55,0.08717797887085589,0.05999999999999872,8.14,0.07000000000001312,0.05000000000000071,2.620145631067961,0.1325
2025-12-01 10:30:00,TANK_02,6.229,1.581,21.84,8.26,none,True,6.233999999999999,0.00556776436286193,-0.01100000000000012,1.5866666666666667,0.005131601439450741,0.016999999999999904,21.626666666666665,0.19756855350318328,0.23000000000000043,8.203333333333333,0.060277137733423906,0.1899999999999995,2.61244019138756,0.1464
2025-12-01 10:40:00,TANK_02,6.219,1.578,21.78,7.98,none,True,6.227,0.007211102550948692,-0.020999999999999908,1.5833333333333333,0.006806859285556853,-0.010000000000000009,21.736666666666668,0.13051181300303588,0.33000000000000185,8.126666666666667,0.1404753833713758,-0.23000000000000043,2.6955445544554455,0.1309
2025-12-01 10:50:00,TANK_02,6.216,1.588,21.85,8.03,none,True,6.221333333333334,0.006806859285573275,-0.01699999999999946,1.5823333333333334,0.005131601439450624,-0.0029999999999998916,21.823333333333334,0.0378593889720774,0.26000000000000156,8.09,0.1493318452306877,-0.11000000000000121,2.6875768757687584,0.1135
2025-12-01 11:00:00,TANK_02,6.218,1.587,21.79,8.1,none,True,6.217666666666666,0.0015275252317294705,-0.01100000000000012,1.5843333333333334,0.005507570547289526,0.006000000000000005,21.80666666666667,0.03785938897207838,-0.05000000000000071,8.036666666666667,0.06027713773343916,-0.16000000000000014,2.6573170731707316,0.0695
2025-12-01 11:10:00,TANK_02,6.237,1.579,21.93,8.13,none,True,6.2236666666666665,0.011590225767154285,0.017999999999999794,1.5846666666666664,0.004932882862320141,0.0009999999999998899,21.856666666666666,0.07023769168572634,0.14999999999999858,8.086666666666668,0.05131601439449057,0.15000000000000036,2.6646415552855407,0.0537
2025-12-01 11:20:00,TANK_02,6.242,1.585,21.88,8.08,none,True,6.232333333333333,0.012662279942161205,0.0259999999999998,1.5836666666666666,0.004163331998936841,-0.0030000000000001137,21.866666666666664,0.0709459888460169,0.029999999999997584,8.103333333333333,0.025166114784276224,0.05000000000000071,2.67481662591687,0.0986
2025-12-01 11:30:00,TANK_02,6.244,1.591,22.11,8.14,none,True,6.241,0.0036055512755162164,0.0259999999999998,1.585,0.0060000000000031755,0.0040000000000000036,21.973333333333333,0.12096831541085,0.3200000000000003,8.116666666666667,0.03214550253667261,0.040000000000000924,2.683252427184466,0.1042
2025-12-01 11:40:00,TANK_02,6.253,1.585,21.9,8.05,none,True,6.246333333333333,0.0058594652771173615,0.016000000000000014,1.587,0.003464101615143216,0.006000000000000005,21.963333333333335,0.12741009902413103,-0.030000000000001137,8.090000000000002,0.04582575694958255,-0.08000000000000007,2.6871165644171775,0.07
2025-12-01 11:50:00,TANK_02,6.244,1.584,22.23,8.17,none,True,6.247,0.005196152422746563,0.0019999999999997797,1.5866666666666667,0.003785938897205146,-0.0009999999999998899,22.080000000000002,0.16703293088491974,0.3500000000000014,8.120000000000001,0.062449979983998136,0.08999999999999986,2.6880290205562276,0.1191
2025-12-01 12:00:00,TANK_02,6.243,1.588,22.37,8.08,none,True,6.246666666666666,0.0055075705473235145,-0.0009999999999994458,1.5856666666666666,0.0020816659994752134,-0.0029999999999998916,22.166666666666668,0.24131583730319173,0.26000000000000156,8.100000000000001,0.062449979984000197,-0.0600000000000005,2.734718826405868,0.1819
2025-12-01 12:10:00,TANK_02,6.253,1.577,22.13,7.81,none,True,6.246666666666666,0.0055075705473235145,0.0,1.5830000000000002,0.005567764362833585,-0.008000000000000007,22.24333333333333,0.12055427546686504,0.23000000000000043,8.020000000000001,0.18734993995196084,-0.2400000000000011,2.797724399494311,0.1636
2025-12-01 12:20:00,TANK_02,6.251,1.579,22.38,8.17,none,True,6.249,0.005291502622169107,0.007000000000000561,1.5813333333333333,0.0058594652770857705,-0.0050000000000001155,22.293333333333333,0.14153915830377367,0.14999999999999858,8.020000000000001,0.18734993995196084,0.0,2.706166868198307,0.1267
2025-12-01 12:30:00,TANK_02,6.246,1.59,22.39,8.03,none,True,6.25,0.0036055512755232885,0.0030000000000001137,1.582,0.007000000000002815,0.0020000000000000018,22.299999999999997,0.14730919862658706,0.019999999999999574,8.003333333333332,0.18147543451755915,-0.05000000000000071,2.7539975399754,0.1077
2025-12-01 12:40:00,TANK_02,6.243,1.576,22.38,8.27,none,True,6.246666666666667,0.004041451884378563,-0.009999999999999787,1.5816666666666668,0.007371114795834647,-0.0009999999999998899,22.383333333333336,0.005773502692489499,0.25,8.156666666666666,0.12055427546683983,0.45999999999999996,2.673835125448029,0.3144
2025-12-01 12:50:00,TANK_02,6.238,1.594,22.59,7.79,none,True,6.242333333333334,0.004041451884375706,-0.0129999999999999,1.586666666666667,0.009451631252506988,0.015000000000000124,22.453333333333333,0.1184623709594752,0.21000000000000085,8.03,0.24000000000000665,-0.3799999999999999,2.8631178707224336,0.279
2025-12-01 13:00:00,TANK_02,6.245,1.585,22.48,8.07,none,True,6.242,0.003605551275517839,-0.001000000000000334,1.585,0.009000000000001963,-0.0050000000000001155,22.483333333333334,0.10503967504395845,0.08999999999999986,8.043333333333335,0.24110855093367456,0.040000000000000924,2.751529987760098,0.167
2025-12-01 13:10:00,TANK_02,6.246,1.578,22.54,8.07,none,True,6.242999999999999,0.004358898943586185,0.0030000000000001137,1.5856666666666666,0.008020806277012776,0.0020000000000000018,22.536666666666665,0.05507570547292136,0.16000000000000014,7.976666666666667,0.16165807537310806,-0.1999999999999993,2.7588739290085678,0.1262
2025-12-01 13:20:00,TANK_02,6.239,1.575,22.94,7.91,none,True,6.243333333333333,0.003785938897253138,0.0009999999999994458,1.5793333333333333,0.0051316014394508285,-0.019000000000000128,22.653333333333332,0.2500666577801594,0.3500000000000014,8.016666666666667,0.09237604307035886,0.1200000000000001,2.8639200998751564,0.2235
2025-12-01 13:30:00,TANK_02,6.235,1.573,22.63,7.97,none,True,6.239999999999999,0.005567764362863541,-0.009999999999999787,1.5753333333333333,0.0025166114784326782,-0.01200000000000001,22.703333333333333,0.2098412098071756,0.14999999999999858,7.983333333333334,0.08082903768657163,-0.10000000000000053,2.8042131350681534,0.1341
2025-12-01 13:40:00,TANK_02,6.231,1.576,22.71,7.97,none,True,6.234999999999999,0.004000000000041906,-0.015000000000000568,1.5746666666666667,0.0015275252316670977,-0.0020000000000000018,22.76,0.16093476939432824,0.1700000000000017,7.95,0.034641016151439455,-0.10000000000000053,2.8141263940520447,0.1235
2025-12-01 13:50:00,TANK_02,6.208,1.567,23.07,7.8,none,True,6.224666666666667,0.014571661996272304,-0.030999999999999694,1.5719999999999998,0.004582575694961345,-0.008000000000000007,22.80333333333333,0.23437861108330393,0.129999999999999,7.913333333333334,0.09814954576226079,-0.11000000000000032,2.920253164556962,0.2132
2025-12-01 14:00:00,TANK_02,6.217,1.555,22.8,7.83,none,True,6.218666666666667,0.011590225767152778,-0.018000000000000682,1.566,0.010535653752855615,-0.018000000000000016,22.86,0.1873499399519648,0.1700000000000017,7.866666666666667,0.09073771725880465,-0.13999999999999968,2.87515762925599,0.1205
2025-12-01 14:10:00,TANK_02,6.213,1.554,23.02,7.91,none,True,6.212666666666666,0.004509249752845609,-0.017999999999999794,1.5586666666666666,0.007234178138075183,-0.02200000000000002,22.963333333333335,0.14364307617611982,0.3099999999999987,7.846666666666668,0.056862407030823944,-0.05999999999999961,2.873907615480649,0.0876
2025-12-01 14:20:00,TANK_02,6.213,1.54,23.31,7.97,none,True,6.214333333333333,0.0023094010768053967,0.004999999999999893,1.5496666666666667,0.008386497083611296,-0.026999999999999913,23.043333333333333,0.2557994005726733,0.23999999999999844,7.903333333333333,0.07023769168571924,0.16999999999999993,2.8884758364312266,0.2356
2025-12-01 14:30:00,TANK_02,6.218,1.532,23.21,7.78,none,True,6.214666666666667,0.0028867513459865293,0.001000000000000334,1.542,0.011135528725664512,-0.02299999999999991,23.180000000000003,0.14730919862658876,0.41000000000000014,7.886666666666668,0.0971253485622492,-0.04999999999999982,2.9454314720812182,0.121
2025-12-01 14:40:00,TANK_02,6.211,1.541,23.26,7.85,none,True,6.2139999999999995,0.0036055512754937296,-0.0019999999999997797,1.5376666666666665,0.004932882862326844,-0.013000000000000123,23.26,0.05000000000008594,0.240000000000002,7.866666666666667,0.09609023536935854,-0.0600000000000005,2.925786163522013,0.056
2025-12-01 14:50:00,TANK_02,6.219,1.539,23.41,7.93,none,True,6.216,0.004358898943567313,0.006000000000000227,1.5373333333333334,0.004725815626263716,-0.001000000000000112,23.293333333333333,0.10408329997334828,0.10000000000000142,7.853333333333334,0.07505553499468873,-0.040000000000000036,2.9153175591531757,0.0
2025-12-01 15:00:00,TANK_02,6.219,1.549,23.53,8.0,none,True,6.216333333333334,0.004618802153542443,0.001000000000000334,1.543,0.0052915026221385325,0.016999999999999904,23.400000000000002,0.13527749258471886,0.3200000000000003,7.926666666666667,0.07505553499468222,0.21999999999999975,2.9049382716049386,0.0865
2025-12-01 15:10:00,TANK_02,6.214,1.549,23.29,7.83,none,True,6.217333333333333,0.0028867513459901184,0.0030000000000001137,1.5456666666666665,0.005773502691904563,0.008000000000000007,23.41,0.12000000000003679,0.029999999999997584,7.920000000000001,0.08544003745320265,-0.019999999999999574,2.9369482976040353,0.0
2025-12-01 15:20:00,TANK_02,6.225,1.554,23.63,7.84,none,True,6.219333333333334,0.00550757054730888,0.005999999999999339,1.5506666666666666,0.002886751345963995,0.015000000000000124,23.483333333333334,0.1747378989611065,0.21999999999999886,7.890000000000001,0.09539392014172109,-0.08999999999999986,2.9760705289672544,0.0968
2025-12-01 15:30:00,TANK_02,6.231,1.568,23.53,7.84,none,True,6.223333333333333,0.00862167810426784,0.011999999999999567,1.5569999999999997,0.009848857801800606,0.019000000000000128,23.483333333333334,0.1747378989611065,0.0,7.836666666666667,0.005773502692391499,-0.16000000000000014,2.9634760705289676,0.1545
2025-12-01 15:40:00,TANK_02,6.236,1.561,23.79,7.65,none,True,6.230666666666667,0.005507570547316534,0.021999999999999353,1.561,0.0070000000000061055,0.01200000000000001,23.649999999999995,0.13114877048606863,0.5,7.776666666666667,0.10969655114605746,-0.17999999999999972,3.0696774193548384,0.2388
2025-12-01 15:50:00,TANK_02,6.223,1.536,23.71,7.79,none,True,6.2299999999999995,0.006557438524327144,-0.0019999999999997797,1.555,0.016822603841263335,-0.018000000000000016,23.676666666666666,0.13316656236961533,0.08000000000000185,7.760000000000001,0.09848857801799372,-0.04999999999999982,3.005069708491762,0.1534
2025-12-01 16:00:00,TANK_02,6.232,1.525,24.04,7.56,none,True,6.230333333333334,0.006658328118504422,0.001000000000000334,1.5406666666666666,0.018448125469364866,-0.04300000000000015,23.846666666666664,0.17214335111568968,0.509999999999998,7.666666666666668,0.11590225767145672,-0.28000000000000025,3.138381201044387,0.5127
2025-12-01 16:10:00,TANK_02,6.261,1.523,23.68,7.86,none,True,6.238666666666667,0.019857828011485806,0.025000000000000355,1.5279999999999998,0.007000000000007597,-0.038000000000000034,23.810000000000002,0.19974984355439707,-0.10999999999999943,7.736666666666667,0.1569500982266025,0.20999999999999996,2.9748743718592965,0.418
2025-12-01 16:20:00,TANK_02,6.25,1.546,23.92,7.63,none,True,6.247666666666667,0.014640127504015417,0.027000000000000135,1.5313333333333332,0.012741009902414977,0.010000000000000009,23.88,0.18330302779825122,0.21000000000000085,7.6833333333333345,0.15695009822660402,-0.16000000000000014,3.0944372574385515,0.3742
2025-12-01 16:30:00,TANK_02,6.231,1.552,24.01,7.48,none,True,6.247333333333334,0.015176736583792922,-0.001000000000000334,1.5403333333333336,0.01530795000427651,0.027000000000000135,23.87,0.1705872210923404,-0.029999999999997584,7.656666666666667,0.19139836293276066,-0.07999999999999918,3.16754617414248,0.4665
2025-12-01 16:40:00,TANK_02,6.236,1.523,23.99,7.69,none,True,6.239,0.009848857801818607,-0.025000000000000355,1.5403333333333336,0.01530795000427651,0.0,23.973333333333333,0.04725815626260778,0.3099999999999987,7.600000000000001,0.10816653826395647,-0.16999999999999993,3.0795892169448007,0.3402
2025-12-01 16:50:00,TANK_02,6.24,1.528,24.26,7.73,none,True,6.235666666666667,0.00450924975286895,-0.009999999999999787,1.5343333333333333,0.01550268793898118,-0.018000000000000016,24.08666666666667,0.15044378795198898,0.33999999999999986,7.6333333333333355,0.13428824718991997,0.10000000000000053,3.0983397190293744,0.3084
2025-12-01 17:00:00,TANK_02,6.262,1.524,24.15,7.74,none,True,6.2459999999999996,0.014000000000017613,0.030999999999999694,1.5250000000000001,0.0026457513110842348,-0.028000000000000025,24.13333333333333,0.13576941236281379,0.13999999999999702,7.7200000000000015,0.026457513110778562,0.2599999999999998,3.080357142857143,0.3929
2025-12-01 17:10:00,TANK_02,6.266,1.536,24.3,7.7,none,True,6.256,0.014000000000020468,0.03000000000000025,1.5293333333333334,0.006110100926616152,0.013000000000000123,24.236666666666668,0.07767453465161296,0.3100000000000023,7.723333333333334,0.020816659994829227,0.009999999999999787,3.1153846153846154,0.35
2025-12-01 17:20:00,TANK_02,6.266,1.53,24.31,7.82,none,True,6.264666666666667,0.0023094010768982785,0.0259999999999998,1.53,0.006000000000008499,0.0020000000000000018,24.25333333333333,0.08962886439838828,0.04999999999999716,7.753333333333334,0.061101009266133016,0.08999999999999986,3.069444444444444,0.2326
2025-12-01 17:30:00,TANK_02,6.263,1.542,24.46,7.47,none,True,6.265,0.0017320508077557776,0.001000000000000334,1.5359999999999998,0.006000000000008166,0.018000000000000016,24.35666666666667,0.08962886439839186,0.3100000000000023,7.663333333333334,0.17785762095940968,-0.27000000000000046,3.231175693527081,0.4801
2025-12-01 17:40:00,TANK_02,6.263,1.53,24.58,7.74,none,True,6.264,0.0017320508077537907,-0.0030000000000001137,1.534,0.006928203230282695,-0.006000000000000005,24.45,0.1352774925847314,0.2799999999999976,7.676666666666667,0.18339392937973958,0.040000000000000036,3.135204081632653,0.3726
2025-12-01 17:50:00,TANK_02,6.285,1.539,24.52,7.71,none,True,6.270333333333333,0.012701705922199012,0.019000000000000128,1.537,0.006244997998406147,0.008999999999999897,24.52,0.06000000000009948,0.21000000000000085,7.640000000000001,0.14798648586951416,-0.11000000000000032,3.139564660691421,0.4036
2025-12-01 18:00:00,TANK_02,6.277,1.537,24.48,7.59,none,True,6.275000000000001,0.0111355287256929,0.014000000000000234,1.5353333333333332,0.004725815626262982,-0.0050000000000001155,24.526666666666667,0.050332229568589994,0.019999999999999574,7.680000000000001,0.07937253933198407,0.1200000000000001,3.1833550065019507,0.3404
2025-12-01 18:10:00,TANK_02,6.254,1.54,24.59,7.63,none,True,6.271999999999999,0.01609347693945314,-0.009000000000000341,1.5386666666666666,0.0015275252316830365,0.010000000000000009,24.53,0.055677643628408144,0.010000000000001563,7.6433333333333335,0.0611010092661415,-0.11000000000000032,3.18111254851229,0.3982
2025-12-01 18:20:00,TANK_02,6.28,1.549,24.62,7.72,none,True,6.270333333333333,0.014224392195592375,-0.004999999999999893,1.542,0.006244997998405591,0.010000000000000009,24.563333333333333,0.07371114795840301,0.10000000000000142,7.646666666666667,0.06658328118485204,0.009999999999999787,3.148337595907929,0.3641
2025-12-01 18:30:00,TANK_02,6.297,1.541,24.6,7.57,none,True,6.277,0.02165640782772557,0.019999999999999574,1.5433333333333332,0.004932882862325115,0.0040000000000000036,24.603333333333335,0.015275252316927123,0.120000000000001,7.640000000000001,0.07549834435275891,-0.019999999999999574,3.2073011734028687,0.5014
2025-12-01 18:40:00,TANK_02,6.283,1.543,24.68,7.81,none,True,6.286666666666666,0.009073771725926093,0.029000000000000803,1.5443333333333333,0.0041633319989426865,0.0029999999999998916,24.633333333333336,0.041633319989472596,0.08999999999999986,7.7,0.12124355652985093,0.17999999999999972,3.120101137800253,0.4051
2025-12-01 18:50:00,TANK_02,6.287,1.546,24.65,7.62,none,True,6.288999999999999,0.007211102550991324,0.006999999999999673,1.5433333333333332,0.002516611478441091,-0.0029999999999998916,24.64333333333333,0.04041451884342824,0.029999999999997584,7.666666666666668,0.12662279942151333,-0.09999999999999964,3.19300518134715,0.3976
2025-12-01 19:00:00,TANK_02,6.278,1.555,24.64,7.62,none,True,6.282666666666667,0.004509249752917188,-0.019000000000000128,1.548,0.006244997998405282,0.014000000000000012,24.656666666666666,0.020816659994962038,0.03999999999999915,7.6833333333333345,0.10969655114606235,0.04999999999999982,3.1917098445595857,0.4027
2025-12-01 19:10:00,TANK_02,6.272,1.575,24.63,7.63,none,True,6.279,0.007549834435324239,-0.01100000000000012,1.5586666666666666,0.014843629385477737,0.03200000000000003,24.639999999999997,0.010000000000626539,-0.05000000000000071,7.623333333333335,0.005773502692583247,-0.17999999999999972,3.1862871927554983,0.5408
2025-12-01 19:20:00,TANK_02,6.263,1.564,24.62,7.78,none,True,6.271,0.007549834435318827,-0.02400000000000002,1.5646666666666667,0.010016652800882105,0.018000000000000016,24.63,0.01000000000062876,-0.029999999999997584,7.676666666666667,0.08962886439836625,0.16000000000000014,3.1243654822335025,0.4289
2025-12-01 19:30:00,TANK_02,6.238,1.564,24.61,7.52,none,True,6.257666666666668,0.01761628034898167,-0.03999999999999915,1.5676666666666668,0.006350852961092575,0.009000000000000119,24.62,0.010000000000631868,-0.030000000000001137,7.6433333333333335,0.13051181300304265,-0.10000000000000053,3.229658792650919,0.5169
2025-12-01 19:40:00,TANK_02,6.237,1.568,24.69,7.68,none,True,6.2459999999999996,0.014730919862672191,-0.03500000000000014,1.5653333333333332,0.002309401076777123,-0.006999999999999895,24.64,0.04358898943555214,0.060000000000002274,7.660000000000001,0.13114877048606915,0.04999999999999982,3.173521850899743,0.4247
2025-12-01 19:50:00,TANK_02,6.242,1.581,24.53,7.85,none,True,6.239000000000001,0.002645751311141396,-0.020999999999999908,1.571,0.008888194417320234,0.016999999999999904,24.61,0.08000000000007813,-0.08999999999999986,7.683333333333334,0.16502525059317655,0.0699999999999994,3.085534591194969,0.3664
2025-12-01 20:00:00,TANK_02,6.249,1.569,24.85,7.66,none,True,6.2426666666666675,0.006027713773377703,0.010999999999999233,1.5726666666666667,0.007234178138075944,0.004999999999999893,24.689999999999998,0.1600000000000396,0.240000000000002,7.73,0.10440306508913855,0.14000000000000057,3.202319587628866,0.3604
2025-12-01 20:10:00,TANK_02,6.244,1.566,24.5,7.63,none,True,6.245,0.0036055512755268576,0.006999999999999673,1.572,0.007937253933198949,-0.0020000000000000018,24.626666666666665,0.19399312702605287,-0.19000000000000128,7.713333333333334,0.11930353445451806,-0.04999999999999982,3.169469598965071,0.3257
2025-12-01 20:20:00,TANK_02,6.249,1.559,24.62,7.47,none,True,6.247333333333333,0.0028867513460299576,0.006999999999999673,1.5646666666666667,0.005131601439455092,-0.02200000000000002,24.656666666666666,0.17785762095942415,0.08999999999999986,7.586666666666669,0.1021436896403379,-0.3799999999999999,3.252311756935271,0.4985
2025-12-01 20:30:00,TANK_02,6.242,1.536,24.76,7.56,none,True,6.245,0.0036055512755268576,-0.006999999999999673,1.5536666666666665,0.015695009822660776,-0.03299999999999992,24.626666666666665,0.13012814197300457,-0.08999999999999986,7.553333333333335,0.0802080627701601,-0.10000000000000053,3.232375979112272,0.4815
2025-12-01 20:40:00,TANK_02,6.24,1.536,24.61,7.63,none,True,6.243666666666667,0.004725815626299416,-0.0039999999999995595,1.5436666666666667,0.013279056191364626,-0.030000000000000027,24.663333333333338,0.08386497083613795,0.10999999999999943,7.553333333333335,0.0802080627701601,0.0,3.183699870633894,0.4036
2025-12-01 20:50:00,TANK_02,6.24,1.524,24.6,7.74,none,True,6.240666666666667,0.0011547005385619286,-0.008999999999999453,1.532,0.006928203230281873,-0.03499999999999992,24.656666666666666,0.08962886439839712,-0.019999999999999574,7.643333333333334,0.09073771725881784,0.27000000000000046,3.1377551020408165,0.4267
2025-12-01 21:00:00,TANK_02,6.247,1.518,24.8,7.34,none,True,6.242333333333334,0.0040414518843808495,0.004999999999999893,1.526,0.009165151389916495,-0.018000000000000016,24.67,0.11269427669590353,0.03999999999999915,7.57,0.2066397831977387,-0.21999999999999975,3.3333333333333335,0.5365
2025-12-01 21:10:00,TANK_02,6.243,1.522,24.73,7.71,none,True,6.243333333333333,0.003511884584346842,0.0030000000000001137,1.5213333333333334,0.003055050463318242,-0.014000000000000012,24.709999999999997,0.10148891565098442,0.120000000000001,7.596666666666668,0.2227853974867778,0.08000000000000007,3.1664532650448147,0.4195
2025-12-01 21:20:00,TANK_02,6.238,1.521,24.74,7.54,none,True,6.2426666666666675,0.004509249752871088,-0.0019999999999997797,1.5203333333333333,0.0020816659994870733,-0.0030000000000001137,24.756666666666664,0.03785938897217054,0.13999999999999702,7.530000000000001,0.18520259177454493,-0.20000000000000018,3.238219895287958,0.4902
2025-12-01 21:30:00,TANK_02,6.225,1.539,24.43,7.64,none,True,6.235333333333333,0.00929157324319903,-0.02200000000000024,1.5273333333333332,0.010115993937000235,0.020999999999999908,24.633333333333336,0.17616280348968688,-0.370000000000001,7.63,0.0854400374532211,0.2999999999999998,3.1563307493540056,0.458
2025-12-01 21:40:00,TANK_02,6.219,1.537,24.33,7.77,none,True,6.227333333333334,0.009712534856240051,-0.02400000000000002,1.532333333333333,0.009865765724637461,0.014999999999999902,24.5,0.21377558326435012,-0.40000000000000213,7.650000000000001,0.11532562594674116,0.05999999999999961,3.09148665819568,0.3922
2025-12-01 21:50:00,TANK_02,6.221,1.527,24.55,7.63,none,True,6.221666666666667,0.0030550504633537414,-0.017000000000000348,1.5343333333333333,0.006429100507336423,0.006000000000000005,24.436666666666667,0.11015141094578448,-0.18999999999999773,7.680000000000001,0.07810249675911439,0.08999999999999986,3.1759379042690816,0.2755
2025-12-01 22:00:00,TANK_02,6.216,1.519,24.48,7.45,none,True,6.218666666666667,0.002516611478480904,-0.008999999999999453,1.5276666666666667,0.00901849950565096,-0.020000000000000018,24.453333333333333,0.1123981020006436,0.05000000000000071,7.616666666666667,0.16041612554023738,-0.1899999999999995,3.242384105960265,0.3926
2025-12-01 22:10:00,TANK_02,6.208,1.52,24.49,7.62,none,True,6.215,0.006557438524322232,-0.01100000000000012,1.522,0.004358898943550744,-0.016999999999999904,24.506666666666664,0.037859388972180344,0.16000000000000014,7.566666666666667,0.10115993936999779,-0.14999999999999947,3.1722797927461137,0.317
2025-12-01 22:20:00,TANK_02,6.219,1.532,24.39,7.67,none,True,6.214333333333333,0.005686240703100396,-0.0019999999999997797,1.5236666666666665,0.007234178138076486,0.0050000000000001155,24.453333333333333,0.055075705472982926,-0.16000000000000014,7.580000000000001,0.11532562594674341,0.040000000000000036,3.138996138996139,0.2323
2025-12-01 22:30:00,TANK_02,6.218,1.521,24.34,7.52,none,True,6.215,0.006082762530320065,0.0019999999999997797,1.5243333333333335,0.00665832811848622,0.0020000000000000018,24.406666666666666,0.07637626158268439,-0.14000000000000057,7.603333333333334,0.07637626158265014,0.0699999999999994,3.194225721784777,0.2551
2025-12-01 22:40:00,TANK_02,6.222,1.537,24.41,7.63,none,True,6.219666666666668,0.0020816659995370464,0.014000000000000234,1.53,0.008185352771878434,0.016999999999999904,24.38,0.03605551275482623,-0.0799999999999983,7.6066666666666665,0.07767453465159205,0.009999999999999787,3.157826649417853,0.2988
2025-12-01 22:50:00,TANK_02,6.208,1.545,24.08,7.74,none,True,6.216,0.0072111025509469925,-0.01100000000000012,1.5343333333333333,0.012220201853219757,0.0129999999999999,24.276666666666667,0.1738773514099742,-0.3100000000000023,7.630000000000002,0.11000000000003587,0.07000000000000028,3.071428571428571,0.2643
2025-12-01 23:00:00,TANK_02,6.208,1.538,24.24,7.67,none,True,6.212666666666667,0.008082903768670855,-0.009999999999999787,1.54,0.004358898943552998,0.017000000000000126,24.24333333333333,0.1650252505931978,-0.10000000000000142,7.680000000000001,0.055677643628367024,0.15000000000000036,3.1196911196911197,0.2098
2025-12-01 23:10:00,TANK_02,6.206,1.53,24.22,7.53,none,True,6.207333333333334,0.0011547005384818679,-0.016000000000000014,1.5376666666666665,0.007505553499472085,-0.006999999999999895,24.179999999999996,0.08717797887089426,-0.19000000000000128,7.646666666666668,0.10692676621567203,-0.09999999999999964,3.1743119266055047,0.2998
2025-12-01 23:20:00,TANK_02,6.215,1.526,24.12,7.51,none,True,6.209666666666667,0.004725815626277975,0.006999999999999673,1.5313333333333334,0.006110100926615755,-0.018999999999999906,24.19333333333333,0.06429100507339536,0.0400000000000027,7.57,0.08717797887086022,-0.23000000000000043,3.1695137976346914,0.2886
2025-12-01 23:30:00,TANK_02,6.219,1.523,24.29,7.66,none,True,6.213333333333334,0.006658328118497845,0.01100000000000012,1.5263333333333333,0.0035118845842974974,-0.015000000000000124,24.209999999999997,0.08544003745325814,0.05000000000000071,7.566666666666667,0.08144527815252094,-0.009999999999999787,3.1301546391752577,0.1969
2025-12-01 23:40:00,TANK_02,6.218,1.518,23.93,7.74,none,True,6.217333333333333,0.002081665999527873,0.011999999999999567,1.5223333333333333,0.0040414518843385665,-0.01200000000000001,24.113333333333333,0.18009256878990695,-0.28999999999999915,7.636666666666668,0.11676186592094621,0.20999999999999996,3.052295918367347,0.2838
2025-12-01 23:50:00,TANK_02,6.216,1.509,24.1,7.65,none,True,6.217666666666666,0.0015275252317362533,0.001000000000000334,1.5166666666666666,0.007094598884603758,-0.017000000000000126,24.106666666666666,0.1800925687899069,-0.019999999999999574,7.6833333333333345,0.04932882862323584,0.14000000000000057,3.109677419354839,0.2268
2025-12-02 00:00:00,TANK_02,6.244,1.522,23.93,7.85,none,True,6.225999999999999,0.015620499351822085,0.024999999999999467,1.516333333333333,0.006658328118486,-0.0009999999999998899,23.986666666666668,0.09814954576230876,-0.35999999999999943,7.746666666666667,0.10016652800881175,0.1899999999999995,3.0100628930817614,0.2974
2025-12-02 00:10:00,TANK_02,6.235,1.52,23.76,7.71,none,True,6.2316666666666665,0.014294521094937892,0.017000000000000348,1.5170000000000001,0.0070000000000063345,0.0020000000000000018,23.930000000000003,0.17000000000004056,-0.16999999999999815,7.736666666666667,0.10263202878897086,-0.03000000000000025,3.042253521126761,0.216
2025-12-02 00:20:00,TANK_02,6.244,1.512,23.77,7.8,none,True,6.241,0.005196152422738371,0.02799999999999958,1.518,0.005291502622137505,0.0030000000000001137,23.820000000000004,0.09539392014176461,-0.33000000000000185,7.786666666666668,0.07094598884602187,0.14999999999999947,3.008860759493671,0.215
2025-12-02 00:30:00,TANK_02,6.213,1.509,23.74,7.87,none,True,6.230666666666667,0.015947831618549846,-0.030999999999999694,1.5136666666666667,0.0056862407030846334,-0.013000000000000123,23.756666666666664,0.015275252316961592,-0.19000000000000128,7.793333333333334,0.08020806277014701,0.020000000000000462,2.9786700125470515,0.2738
2025-12-02 00:40:00,TANK_02,6.219,1.501,23.87,7.84,none,True,6.225333333333334,0.01644181660685914,-0.016000000000000014,1.5073333333333334,0.005686240703084108,-0.019000000000000128,23.793333333333333,0.0680685928556383,0.10999999999999943,7.836666666666667,0.035118845842930776,0.1299999999999999,3.006297229219144,0.218
2025-12-02 00:50:00,TANK_02,6.219,1.49,23.48,7.86,none,True,6.217000000000001,0.003464101615169348,-0.024999999999999467,1.5,0.009539392014173049,-0.02200000000000002,23.69666666666667,0.1985782801147902,-0.28999999999999915,7.8566666666666665,0.015275252316718254,0.0600000000000005,2.949748743718593,0.2556
2025-12-02 01:00:00,TANK_02,6.202,1.504,23.37,7.79,none,True,6.213333333333334,0.00981495457623403,-0.01100000000000012,1.4983333333333333,0.007371114795836588,-0.004999999999999893,23.573333333333334,0.26274195198588046,-0.36999999999999744,7.830000000000001,0.036055512754726356,-0.08000000000000007,2.9619771863117874,0.248
2025-12-02 01:10:00,TANK_02,6.195,1.5,23.38,7.71,none,True,6.205333333333333,0.012342339054389133,-0.02400000000000002,1.498,0.007211102550932667,-0.0009999999999998899,23.41,0.06082762530315339,-0.490000000000002,7.786666666666668,0.07505553499469467,-0.1299999999999999,2.99359795134443,0.2359
2025-12-02 01:20:00,TANK_02,6.204,1.486,23.59,7.7,none,True,6.200333333333333,0.004725815626267335,-0.015000000000000568,1.4966666666666668,0.009451631252508672,-0.0040000000000000036,23.44666666666667,0.12423096769064247,0.10999999999999943,7.733333333333334,0.04932882862323183,-0.16000000000000014,3.0243589743589743,0.1191
2025-12-02 01:30:00,TANK_02,6.203,1.498,23.51,7.93,none,True,6.200666666666667,0.004932882862330588,0.001000000000000334,1.4946666666666666,0.007571877794404469,-0.006000000000000005,23.493333333333336,0.10598742063732311,0.14000000000000057,7.780000000000001,0.13000000000002504,0.13999999999999968,2.927770859277709,0.0528
2025-12-02 01:40:00,TANK_02,6.201,1.512,23.22,7.68,none,True,6.2026666666666666,0.0015275252317024622,0.005999999999999339,1.4986666666666668,0.013012814197298075,0.01200000000000001,23.44,0.19467922333937224,-0.16000000000000014,7.7700000000000005,0.13892443989452183,-0.03000000000000025,2.9845758354755785,0.1674
2025-12-02 01:50:00,TANK_02,6.202,1.498,23.3,7.86,none,True,6.201999999999999,0.0010000000000755342,-0.0019999999999997797,1.5026666666666666,0.008082903768659402,0.01200000000000001,23.343333333333334,0.14977761292448516,-0.28999999999999915,7.823333333333334,0.12897028081437836,0.16000000000000014,2.9271356783919598,0.0932
2025-12-02 02:00:00,TANK_02,6.199,1.482,23.19,7.83,none,True,6.200666666666667,0.0015275252316991916,-0.004000000000000448,1.4973333333333334,0.015011106998932475,-0.016000000000000014,23.236666666666665,0.05686240703099934,-0.3200000000000003,7.790000000000002,0.09643650760996365,-0.09999999999999964,2.9243379571248425,0.1777
2025-12-02 02:10:00,TANK_02,6.172,1.473,23.13,7.93,none,True,6.191,0.01652271164186187,-0.028999999999999915,1.4843333333333335,0.012662279942150058,-0.038999999999999924,23.206666666666667,0.08621678104267048,-0.08999999999999986,7.873333333333335,0.05131601439452578,0.25,2.880448318804483,0.2148
2025-12-02 02:20:00,TANK_02,6.158,1.493,22.78,7.84,none,True,6.176333333333333,0.0208406653764556,-0.043999999999999595,1.4826666666666668,0.010016652800879879,-0.004999999999999893,23.03333333333333,0.22143471573663284,-0.5199999999999996,7.866666666666667,0.055075705472914564,-0.020000000000000462,2.869017632241814,0.3265
2025-12-02 02:30:00,TANK_02,6.146,1.505,22.89,7.86,none,True,6.158666666666666,0.013012814197295514,-0.052999999999999936,1.4903333333333333,0.016165807537311103,0.02299999999999991,22.933333333333337,0.17897858344887424,-0.3000000000000007,7.876666666666668,0.04725815626258771,0.03000000000000025,2.8756281407035176,0.24
2025-12-02 02:40:00,TANK_02,6.142,1.503,22.75,7.83,none,True,6.148666666666667,0.008326663997861996,-0.02999999999999936,1.500333333333333,0.0064291005073339085,0.029999999999999805,22.80666666666667,0.07371114795856051,-0.379999999999999,7.843333333333334,0.015275252316717567,-0.09999999999999964,2.8688524590163937,0.1553
2025-12-02 02:50:00,TANK_02,6.123,1.494,22.94,8.04,none,True,6.1370000000000005,0.012288205727440752,-0.03500000000000014,1.5006666666666666,0.005859465277088215,0.0009999999999998899,22.86,0.09848857801813404,0.16000000000000014,7.91,0.11357816691602969,0.1999999999999993,2.818181818181819,0.0156
2025-12-02 03:00:00,TANK_02,6.127,1.471,22.71,7.78,none,True,6.1306666666666665,0.010016652800872243,-0.019000000000000128,1.4893333333333334,0.016502525059317014,-0.03399999999999981,22.8,0.12288205727458952,-0.17999999999999972,7.883333333333334,0.13796134724385273,-0.08000000000000007,2.8819796954314723,0.1264
2025-12-02 03:10:00,TANK_02,6.126,1.47,22.82,7.81,none,True,6.125333333333334,0.002081665999433924,-0.016000000000000014,1.4783333333333335,0.013576941236279136,-0.03299999999999992,22.823333333333334,0.11503622617840142,0.07000000000000028,7.876666666666668,0.14224392195569893,-0.020000000000000462,2.88495575221239,0.0866
2025-12-02 03:20:00,TANK_02,6.129,1.48,22.63,7.98,none,True,6.127333333333333,0.0015275252316105231,0.005999999999999339,1.4736666666666667,0.005507570547289714,-0.014000000000000012,22.72,0.09539392014188942,-0.3100000000000023,7.8566666666666665,0.10785793124911694,-0.05999999999999872,2.8007425742574257,0.0015
2025-12-02 03:30:00,TANK_02,6.107,1.479,22.73,7.81,none,True,6.120666666666668,0.011930353445442032,-0.019999999999999574,1.4763333333333335,0.005507570547290131,0.008000000000000007,22.726666666666663,0.09504384952941669,0.019999999999999574,7.866666666666667,0.09814954576226644,0.02999999999999936,2.8735777496839447,0.0
2025-12-02 03:40:00,TANK_02,6.099,1.474,22.5,7.9,none,True,6.111666666666667,0.01553490693030085,-0.027000000000000135,1.4776666666666667,0.003214550253671523,0.0040000000000000036,22.62,0.11532562594687862,-0.3200000000000003,7.896666666666667,0.08504900548118759,0.09000000000000075,2.8125,0.0548
2025-12-02 03:50:00,TANK_02,6.105,1.469,22.35,8.0,none,True,6.103666666666666,0.004163331998900804,-0.023999999999999133,1.4740000000000002,0.005000000000004063,-0.010999999999999899,22.526666666666667,0.19139836293284918,-0.2799999999999976,7.903333333333333,0.09504384952925145,0.019999999999999574,2.7592592592592595,0.017
2025-12-02 04:00:00,TANK_02,6.104,1.47,22.38,8.21,none,True,6.102666666666667,0.003214550253622522,-0.0030000000000001137,1.471,0.0026457513110714234,-0.009000000000000119,22.409999999999997,0.07937253933221439,-0.3500000000000014,8.036666666666667,0.15821925715076007,0.40000000000000124,2.6931407942238264,0.1253
2025-12-02 04:10:00,TANK_02,6.102,1.462,22.5,7.85,none,True,6.103666666666666,0.001527525231566626,0.0030000000000001137,1.4669999999999999,0.004358898943544416,-0.01200000000000001,22.409999999999997,0.07937253933221439,0.0,8.020000000000001,0.18083141320026616,-0.05000000000000071,2.8301886792452833,0.0261
2025-12-02 04:20:00,TANK_02,6.113,1.466,22.42,8.08,none,True,6.1063333333333345,0.005859465277062023,0.008000000000000007,1.466,0.004000000000003897,-0.0030000000000001137,22.433333333333337,0.06110100926643357,0.07000000000000028,8.046666666666667,0.18230011885168496,0.08000000000000007,2.7408312958435213,0.0004
2025-12-02 04:30:00,TANK_02,6.121,1.471,22.09,7.84,none,True,6.112000000000001,0.009539392014159468,0.017000000000000348,1.4663333333333333,0.004509249752826488,0.001000000000000112,22.33666666666667,0.2173323108361451,-0.28999999999999915,7.923333333333333,0.1357694123627984,-0.370000000000001,2.782115869017632,0.1646
2025-12-02 04:40:00,TANK_02,6.116,1.465,22.27,7.92,none,True,6.116666666666667,0.004041451884309081,0.013999999999999346,1.4673333333333334,0.0032145502536695602,0.0030000000000001137,22.26,0.16522711641872512,-0.23000000000000043,7.946666666666666,0.12220201853218038,0.07000000000000028,2.7768079800498753,0.0
2025-12-02 04:50:00,TANK_02,6.118,1.449,22.15,8.09,none,True,6.118333333333333,0.0025166114783975605,0.004999999999999893,1.4616666666666667,0.011372481406155896,-0.016999999999999904,22.169999999999998,0.09165151389937837,-0.2700000000000031,7.95,0.12767145334806054,0.009999999999999787,2.7045177045177047,0.0
2025-12-02 05:00:00,TANK_02,6.113,1.457,21.91,8.08,none,True,6.115666666666667,0.002516611478392502,-0.008000000000000007,1.457,0.0080000000000015,-0.014000000000000012,22.11,0.18330302779836738,-0.17999999999999972,8.03,0.0953939201417223,0.2400000000000002,2.6784841075794623,0.0
2025-12-02 05:10:00,TANK_02,6.107,1.457,21.93,8.0,none,True,6.112666666666667,0.00550757054726972,-0.008999999999999453,1.4543333333333335,0.004618802153519419,-0.008000000000000007,21.996666666666666,0.13316656236978008,-0.33999999999999986,8.056666666666667,0.0493288286232139,0.08000000000000007,2.7074074074074077,0.0
2025-12-02 05:20:00,TANK_02,6.116,1.462,22.05,8.01,none,True,6.112000000000001,0.004582575694935116,-0.002000000000000668,1.4586666666666668,0.0028867513459522555,0.0129999999999999,21.963333333333335,0.07571877794434886,-0.09999999999999787,8.03,0.043588989435468795,-0.08000000000000007,2.7188655980271275,0.0
2025-12-02 05:30:00,TANK_02,6.115,1.45,21.8,8.18,none,True,6.112666666666667,0.004932882862297551,0.0019999999999997797,1.4563333333333333,0.006027713773343669,-0.007000000000000117,21.926666666666666,0.12503332889028526,-0.10999999999999943,8.063333333333333,0.10115993936998119,0.09999999999999964,2.632850241545894,0.0
2025-12-02 05:40:00,TANK_02,6.108,1.434,21.76,8.03,none,True,6.1129999999999995,0.0043588989435200485,0.0009999999999994458,1.4486666666666668,0.014047538337137804,-0.02300000000000013,21.87,0.15716233645518898,-0.16999999999999815,8.073333333333332,0.09291573243180172,0.02999999999999936,2.6765067650676513,0.0
2025-12-02 05:50:00,TANK_02,6.097,1.432,21.84,8.0,none,True,6.1066666666666665,0.0090737717258644,-0.01899999999999924,1.4386666666666665,0.009865765724633482,-0.030000000000000027,21.8,0.0400000000006943,-0.21000000000000085,8.07,0.09643650760995512,-0.009999999999999787,2.696296296296296,0.0695
2025-12-02 06:00:00,TANK_02,6.099,1.435,22.01,7.99,none,True,6.101333333333333,0.005859465277057835,-0.016000000000000014,1.4336666666666666,0.001527525231657931,-0.014999999999999902,21.870000000000005,0.1276714533482492,0.21000000000000085,8.006666666666668,0.02081665999480482,-0.1899999999999995,2.720642768850433,0.0466
2025-12-02 06:10:00,TANK_02,6.104,1.438,21.76,8.25,none,True,6.1000000000000005,0.003605551275422887,-0.0039999999999995595,1.4349999999999998,0.0030000000000029964,0.0040000000000000036,21.87,0.1276714533482492,0.0,8.08,0.14730919862657882,0.22000000000000064,2.6059880239520963,0.0
2025-12-02 06:20:00,TANK_02,6.099,1.442,21.72,8.23,none,True,6.100666666666666,0.002886751345898047,0.0019999999999997797,1.4383333333333332,0.00351188458428662,0.010000000000000009,21.83,0.15716233645519326,-0.120000000000001,8.156666666666666,0.14468356276141742,0.23000000000000043,2.607442977190876,0.0061
2025-12-02 06:30:00,TANK_02,6.101,1.426,21.77,8.1,none,True,6.101333333333333,0.0025166114783674583,0.0019999999999997797,1.4353333333333333,0.00832666399786561,-0.009000000000000119,21.75,0.026457513111725374,-0.240000000000002,8.193333333333333,0.08144527815249072,0.10999999999999943,2.654878048780488,0.0
2025-12-02 06:40:00,TANK_02,6.101,1.416,21.8,8.15,none,True,6.100333333333334,0.0011547005382527276,-0.0030000000000001137,1.428,0.013114877048604836,-0.02200000000000002,21.763333333333332,0.04041451884397625,0.03999999999999915,8.159999999999998,0.06557438524304883,-0.09999999999999964,2.6424242424242426,0.0342
2025-12-02 06:50:00,TANK_02,6.085,1.424,21.74,8.18,none,True,6.095666666666666,0.009237604307015401,-0.014000000000000234,1.422,0.005291502622131605,-0.018000000000000016,21.77,0.030000000000943522,0.019999999999999574,8.143333333333333,0.040414518843323394,-0.05000000000000071,2.6256038647342996,0.0004
2025-12-02 07:00:00,TANK_02,6.081,1.417,21.77,8.06,none,True,6.089000000000001,0.010583005244238622,-0.019999999999999574,1.4189999999999998,0.004358898943543869,-0.008999999999999897,21.77,0.030000000000943522,0.0,8.13,0.06244997998401686,-0.03999999999999915,2.667892156862745,0.0
2025-12-02 07:10:00,TANK_02,6.083,1.392,21.55,8.16,none,True,6.083000000000001,0.0019999999998808406,-0.017999999999999794,1.4110000000000003,0.016822603841261826,-0.02400000000000002,21.686666666666667,0.11930353445473689,-0.25,8.133333333333335,0.06429100507331785,0.009999999999999787,2.608958837772397,0.0945
2025-12-02 07:20:00,TANK_02,6.085,1.378,21.74,8.09,none,True,6.082999999999999,0.0019999999998808406,0.0,1.3956666666666664,0.019756855350318018,-0.04600000000000004,21.686666666666667,0.11930353445473689,0.0,8.103333333333333,0.05131601439451241,-0.08999999999999986,2.6544566544566544,0.1789
2025-12-02 07:30:00,TANK_02,6.075,1.381,21.69,8.06,none,True,6.081,0.0052915026220817975,-0.006000000000000227,1.3836666666666666,0.0073711147958367695,-0.03600000000000003,21.66,0.0984885780182671,-0.0799999999999983,8.103333333333333,0.05131601439451241,0.0,2.6580882352941178,0.0
2025-12-02 07:40:00,TANK_02,6.061,1.385,21.64,8.17,none,True,6.073666666666667,0.012055427546658894,-0.02200000000000024,1.3813333333333333,0.0035118845842947964,-0.006999999999999895,21.689999999999998,0.05000000000059377,0.08999999999999986,8.106666666666667,0.05686240703081188,0.009999999999999787,2.6166868198307136,0.005
2025-12-02 07:50:00,TANK_02,6.069,1.4,21.41,8.2,none,True,6.0683333333333325,0.0070237691685219004,-0.016000000000000014,1.3886666666666665,0.01001665280088092,0.02200000000000002,21.580000000000002,0.14933184523089418,-0.3299999999999983,8.143333333333333,0.0737111479583468,0.10999999999999943,2.579518072289157,0.0527
2025-12-02 08:00:00,TANK_02,6.081,1.418,21.52,8.0,none,True,6.070333333333333,0.01006644591366321,0.006000000000000227,1.4009999999999998,0.016522711641859603,0.03699999999999992,21.52333333333333,0.11503622617853514,-0.1700000000000017,8.123333333333333,0.10785793124910913,-0.0600000000000005,2.65679012345679,0.1024
2025-12-02 08:10:00,TANK_02,6.084,1.412,21.65,8.27,none,True,6.078,0.00793725393315983,0.022999999999999687,1.4100000000000001,0.00916515138991334,0.026999999999999913,21.526666666666667,0.12013880860653896,0.00999999999999801,8.156666666666666,0.1401189970465717,0.09999999999999964,2.5866188769414578,0.0283
2025-12-02 08:20:00,TANK_02,6.08,1.407,21.42,8.11,none,True,6.081666666666667,0.0020816659993471115,0.01100000000000012,1.4123333333333334,0.0055075705472885155,0.007000000000000117,21.53,0.11532562594698953,0.010000000000001563,8.126666666666667,0.13576941236279078,-0.08999999999999986,2.609013398294763,0.0
2025-12-02 08:30:00,TANK_02,6.09,1.397,21.62,8.15,none,True,6.084666666666666,0.00503322295680157,0.008999999999999453,1.4053333333333333,0.007637626158261865,-0.020999999999999908,21.563333333333333,0.12503332889032698,0.10000000000000142,8.176666666666668,0.08326663997866714,0.15000000000000036,2.6206060606060606,0.0
2025-12-02 08:40:00,TANK_02,6.082,1.413,21.43,8.17,none,True,6.084,0.005291502622085055,-0.0019999999999997797,1.4056666666666668,0.008082903768656833,0.001000000000000112,21.49,0.11269427669614435,-0.21999999999999886,8.143333333333333,0.030550504633103756,-0.09999999999999964,2.5912938331318016,0.0
2025-12-02 08:50:00,TANK_02,6.083,1.419,21.78,8.4,none,True,6.085,0.004358898943488506,0.0030000000000001137,1.4096666666666666,0.011372481406156053,0.01200000000000001,21.61,0.17521415467952833,0.35999999999999943,8.24,0.1389244398945101,0.2900000000000009,2.5623529411764707,0.1637
2025-12-02 09:00:00,TANK_02,6.094,1.417,21.55,8.27,none,True,6.086333333333333,0.006658328118446706,0.004000000000000448,1.4163333333333332,0.0030550504633084516,0.020000000000000018,21.586666666666662,0.17785762095956462,-0.07000000000000028,8.280000000000001,0.11532562594672152,0.11999999999999922,2.5746714456391877,0.0219
2025-12-02 09:10:00,TANK_02,6.104,1.405,21.42,8.14,none,True,6.093666666666667,0.010503967504375641,0.02200000000000024,1.4136666666666666,0.007571877794402417,-0.008000000000000007,21.583333333333332,0.1823001188518436,-0.00999999999999801,8.270000000000001,0.13000000000001205,-0.02999999999999936,2.5995145631067964,0.0066
2025-12-02 09:20:00,TANK_02,6.089,1.426,22.06,8.1,none,True,6.095666666666667,0.00763762615823811,0.006000000000000227,1.4160000000000001,0.010535653752854056,0.006999999999999895,21.676666666666666,0.33827996294990764,0.2799999999999976,8.17,0.08888194417317916,-0.3000000000000007,2.6902439024390246,0.2298
2025-12-02 09:30:00,TANK_02,6.097,1.432,21.82,7.93,none,True,6.096666666666667,0.0075055534994437866,0.0030000000000001137,1.421,0.014177446878758528,0.014999999999999902,21.766666666666666,0.32331615074627285,0.2699999999999996,8.056666666666667,0.11150485789120884,-0.33999999999999986,2.717310087173101,0.2652
2025-12-02 09:40:00,TANK_02,6.109,1.441,21.69,8.22,none,True,6.098333333333334,0.010066445913678886,0.004999999999999893,1.4329999999999998,0.007549834435270992,0.03600000000000003,21.856666666666666,0.18770544300414538,0.2699999999999996,8.083333333333334,0.14571661996264734,0.08000000000000007,2.6069711538461537,0.0837
2025-12-02 09:50:00,TANK_02,6.112,1.442,21.81,8.11,none,True,6.105999999999999,0.00793725393317821,0.022999999999999687,1.4383333333333332,0.005507570547285605,0.016000000000000014,21.77333333333333,0.07234178138107243,-0.25,8.086666666666666,0.14640127504000294,0.009999999999999787,2.6565164433617543,0.0
2025-12-02 10:00:00,TANK_02,6.104,1.439,21.8,7.99,none,True,6.108333333333333,0.004041451884299895,0.006999999999999673,1.4406666666666668,0.0015275252316486047,0.007000000000000117,21.76666666666667,0.06658328118519846,-0.019999999999999574,8.106666666666667,0.11503622617827192,0.0600000000000005,2.6946847960444997,0.0
2025-12-02 10:10:00,TANK_02,6.094,1.449,21.9,8.06,none,True,6.103333333333334,0.00901849950563115,-0.01499999999999968,1.4433333333333334,0.005131601439445549,0.008000000000000007,21.836666666666662,0.05507570547332403,0.2099999999999973,8.053333333333335,0.060277137733462986,-0.16000000000000014,2.6838235294117645,0.0
2025-12-02 10:20:00,TANK_02,6.089,1.481,21.98,8.26,none,True,6.095666666666666,0.0076376261582387205,-0.022999999999999687,1.4563333333333333,0.021939310229205023,0.039000000000000146,21.89333333333333,0.0901849950567265,0.1700000000000017,8.103333333333333,0.14011899704657563,0.15000000000000036,2.6291866028708135,0.2037
2025-12-02 10:30:00,TANK_02,6.089,1.482,21.96,8.03,none,True,6.090666666666667,0.002886751345886366,-0.01499999999999968,1.4706666666666666,0.018770544300399976,0.04299999999999993,21.94666666666667,0.04163331998987637,0.16000000000000014,8.116666666666667,0.12503332889009333,0.03999999999999915,2.701107011070111,0.1888
2025-12-02 10:40:00,TANK_02,6.093,1.478,21.88,8.03,none,True,6.090333333333334,0.0023094010766807373,-0.001000000000000334,1.4803333333333333,0.0020816659994491787,0.028999999999999915,21.939999999999998,0.05291502622173174,-0.019999999999999574,8.106666666666666,0.1327905619136333,-0.030000000000001137,2.691266912669127,0.0124
2025-12-02 10:50:00,TANK_02,6.09,1.473,22.01,8.18,none,True,6.0906666666666665,0.0020816659993806233,0.0009999999999994458,1.4776666666666667,0.004509249752815559,-0.008000000000000007,21.95,0.06557438524337073,0.030000000000001137,8.08,0.08660254037847587,-0.08000000000000007,2.658212560386474,0.0
2025-12-02 11:00:00,TANK_02,6.098,1.485,22.01,8.16,none,True,6.093666666666667,0.00404145188428659,0.008999999999999453,1.4786666666666666,0.0060277137733360684,0.0030000000000001137,21.96666666666667,0.07505553499495185,0.05000000000000071,8.123333333333333,0.08144527815250167,0.13000000000000078,2.6646489104116227,0.0
2025-12-02 11:10:00,TANK_02,6.119,1.488,22.3,8.03,none,True,6.102333333333333,0.014977761292431906,0.0259999999999998,1.4820000000000002,0.007937253933188958,0.010000000000000009,22.10666666666667,0.16743157806510126,0.4200000000000017,8.123333333333333,0.08144527815250167,0.0,2.7429274292742933,0.0904
2025-12-02 11:20:00,TANK_02,6.107,1.496,22.18,5.23,none,True,6.108,0.010535653752842456,0.017000000000000348,1.4896666666666667,0.005686240703068938,0.02299999999999991,22.16333333333333,0.14571661996274451,0.16999999999999815,7.140000000000001,1.6553851515583966,-2.9499999999999993,4.161350844277673,0.7517
2025-12-02 11:30:00,TANK_02,6.107,1.489,22.2,8.02,none,True,6.111000000000001,0.006928203230261548,0.009000000000000341,1.4909999999999999,0.0043588989435293666,0.0040000000000000036,22.22666666666667,0.06429100507352306,0.18999999999999773,7.093333333333334,1.6137017485685976,-0.14000000000000057,2.7339901477832513,0.4413
2025-12-02 11:40:00,TANK_02,6.127,1.471,22.2,8.08,none,True,6.113666666666667,0.011547005383785197,0.008000000000000007,1.4853333333333334,0.012897028081432158,-0.016999999999999904,22.19333333333333,0.011547005385183629,-0.10000000000000142,7.109999999999999,1.6284041267449603,0.05000000000000071,2.7139364303178484,0.5216
2025-12-02 11:50:00,TANK_02,6.137,1.483,22.36,8.01,none,True,6.123666666666666,0.015275252316516847,0.02999999999999936,1.4809999999999999,0.009165151389907774,-0.0129999999999999,22.25333333333333,0.09237604307049849,0.17999999999999972,8.036666666666667,0.03785938897208646,2.7799999999999994,2.7570900123304565,0.2784
2025-12-02 12:00:00,TANK_02,6.119,1.474,22.56,7.98,none,True,6.127666666666666,0.009018499505643955,0.011999999999999567,1.476,0.006244997998393734,-0.015000000000000124,22.373333333333335,0.18036999011298072,0.35999999999999943,8.023333333333333,0.05131601439453233,-0.03999999999999915,2.792079207920792,0.0111
2025-12-02 12:10:00,TANK_02,6.124,1.48,22.62,7.96,none,True,6.126666666666666,0.009291573243175309,-0.0030000000000001137,1.479,0.004582575694948712,0.008999999999999897,22.513333333333332,0.1361371857111432,0.4200000000000017,7.983333333333333,0.025166114784373864,-0.1200000000000001,2.806451612903226,0.0188
2025-12-02 12:20:00,TANK_02,6.116,1.484,22.47,7.89,none,True,6.119666666666666,0.004041451884315199,-0.020999999999999908,1.4793333333333332,0.005033222956840556,0.0009999999999998899,22.549999999999997,0.07549834435280735,0.10999999999999943,7.9433333333333325,0.04725815626260469,-0.1200000000000001,2.8122653316645807,0.0
2025-12-02 12:30:00,TANK_02,6.126,1.475,22.49,8.01,none,True,6.122,0.005291502622121901,0.007000000000000561,1.4796666666666667,0.004509249752815346,0.001000000000000112,22.526666666666667,0.08144527815257036,-0.07000000000000028,7.953333333333333,0.06027713773347763,0.02999999999999936,2.773119605425401,0.0
2025-12-02 12:40:00,TANK_02,6.138,1.487,22.54,8.0,none,True,6.126666666666666,0.011015141094570266,0.014000000000000234,1.4820000000000002,0.006244997998392536,0.007000000000000117,22.5,0.03605551275487916,-0.08000000000000185,7.966666666666666,0.06658328118484788,0.040000000000000036,2.782716049382716,0.0
2025-12-02 12:50:00,TANK_02,6.143,1.487,22.67,7.79,none,True,6.135666666666666,0.00873689494805532,0.027000000000000135,1.4830000000000003,0.006928203230270106,0.0030000000000001137,22.566666666666663,0.0929157324318541,0.20000000000000284,7.933333333333333,0.12423096769059146,-0.09999999999999964,2.8732572877059575,0.0001
2025-12-02 13:00:00,TANK_02,6.164,1.475,23.09,7.72,none,True,6.148333333333333,0.013796134724387732,0.03799999999999937,1.4829999999999999,0.006928203230270106,0.0,22.766666666666666,0.28746014216468224,0.6000000000000014,7.836666666666666,0.14571661996265808,-0.29000000000000004,2.952685421994885,0.3739
2025-12-02 13:10:00,TANK_02,6.158,1.498,22.73,8.01,none,True,6.155,0.010816653826400168,0.020000000000000462,1.4866666666666666,0.011503622617821266,0.010999999999999899,22.830000000000002,0.22715633383201778,0.19000000000000128,7.84,0.1513274595042432,0.009999999999999787,2.802712700369914,0.1124
2025-12-02 13:20:00,TANK_02,6.156,1.5,22.91,7.87,none,True,6.1593333333333335,0.004163331998957289,0.0129999999999999,1.4909999999999999,0.01389244398944639,0.0129999999999999,22.91,0.1800000000000014,0.23999999999999844,7.866666666666667,0.14502873278540876,0.08000000000000007,2.874529485570891,0.0622
2025-12-02 13:30:00,TANK_02,6.148,1.494,23.04,7.89,none,True,6.154,0.0052915026221455,-0.016000000000000014,1.4973333333333334,0.003055050463286418,0.018999999999999906,22.89333333333333,0.1556705923844787,-0.05000000000000071,7.923333333333333,0.07571877794405496,0.16999999999999993,2.8836045056320403,0.0
2025-12-02 13:40:00,TANK_02,6.147,1.497,23.01,7.86,none,True,6.150333333333333,0.004932882862330323,-0.01100000000000012,1.4969999999999999,0.0029999999999823336,-0.0009999999999998899,22.986666666666668,0.06806859285553338,0.28000000000000114,7.873333333333334,0.015275252316785568,-0.14999999999999947,2.89070351758794,0.0422
2025-12-02 13:50:00,TANK_02,6.141,1.508,23.18,7.73,none,True,6.145333333333333,0.0037859388972131245,-0.01499999999999968,1.499666666666667,0.007371114795824418,0.008000000000000007,23.076666666666668,0.09073771725875657,0.2699999999999996,7.826666666666667,0.0850490054812032,-0.13999999999999968,2.9604086845466155,0.0243
2025-12-02 14:00:00,TANK_02,6.144,1.519,23.17,7.84,none,True,6.144000000000001,0.0030000000000148506,-0.0039999999999995595,1.508,0.010999999999994075,0.02499999999999991,23.12,0.09539392014167193,0.13000000000000256,7.81,0.07000000000006094,-0.04999999999999982,2.9181360201511337,0.0
2025-12-02 14:10:00,TANK_02,6.129,1.524,23.38,7.95,none,True,6.138000000000001,0.007937253933196789,-0.018000000000000682,1.5170000000000001,0.008185352771863542,0.026999999999999913,23.243333333333336,0.11846237095941634,0.36999999999999744,7.840000000000001,0.11000000000003773,0.08999999999999986,2.904347826086956,0.0536
2025-12-02 14:20:00,TANK_02,6.126,1.52,23.12,7.76,none,True,6.133,0.009643650760993277,-0.01499999999999968,1.521,0.0026457513110356673,0.01200000000000001,23.223333333333333,0.13796134724380818,-0.05999999999999872,7.8500000000000005,0.09539392014173807,0.02999999999999936,2.9414758269720105,0.0
2025-12-02 14:30:00,TANK_02,6.138,1.54,23.34,7.8,none,True,6.131,0.006244997998397305,-0.006000000000000227,1.5279999999999998,0.010583005244250512,0.02100000000000013,23.28,0.13999999999997326,0.16999999999999815,7.836666666666667,0.10016652800882017,-0.040000000000000036,2.9544303797468356,0.0
2025-12-02 14:40:00,TANK_02,6.146,1.541,23.35,8.03,none,True,6.136666666666667,0.01006644591369573,0.017000000000000348,1.5336666666666667,0.011846237095937006,0.016999999999999904,23.27,0.1299999999999723,-0.029999999999997584,7.863333333333332,0.14571661996265695,0.07999999999999918,2.8720787207872083,0.0129
2025-12-02 14:50:00,TANK_02,6.154,1.55,23.68,7.97,none,True,6.146,0.008000000000006712,0.02799999999999958,1.5436666666666667,0.0055075705472678906,0.030000000000000027,23.456666666666667,0.1934769581457246,0.5599999999999987,7.933333333333333,0.11930353445451965,0.20999999999999996,2.9343246592317223,0.2481
2025-12-02 15:00:00,TANK_02,6.147,1.556,23.74,7.74,none,True,6.149000000000001,0.004358898943555658,0.009000000000000341,1.5490000000000002,0.007549834435256813,0.016000000000000014,23.59,0.2099999999999664,0.3999999999999986,7.913333333333333,0.1530795000427581,-0.05999999999999961,3.0280612244897958,0.1423
2025-12-02 15:10:00,TANK_02,6.146,1.564,23.61,7.77,none,True,6.149,0.004358898943555658,0.0,1.5566666666666666,0.00702376916855254,0.02300000000000013,23.676666666666666,0.06506407098635979,0.259999999999998,7.826666666666667,0.12503332889010657,-0.2599999999999998,3.0000000000000004,0.0817
2025-12-02 15:20:00,TANK_02,6.128,1.577,23.71,7.71,none,True,6.140333333333333,0.01069267662156651,-0.0259999999999998,1.5656666666666668,0.010598742063711747,0.026999999999999913,23.686666666666667,0.06806859285542677,0.030000000000001137,7.739999999999999,0.030000000000147485,-0.2599999999999998,3.035851472471191,0.2141
2025-12-02 15:30:00,TANK_02,6.131,1.566,23.81,7.86,none,True,6.135000000000001,0.00964365076099377,-0.016000000000000014,1.569,0.006999999999982448,0.010000000000000009,23.709999999999997,0.09999999999991967,0.07000000000000028,7.78,0.07549834435276474,0.1200000000000001,2.9912060301507535,0.0399
2025-12-02 15:40:00,TANK_02,6.136,1.575,24.05,7.62,none,True,6.131666666666667,0.004041451884325876,-0.009999999999999787,1.5726666666666667,0.005859465277060858,0.010999999999999899,23.856666666666666,0.1747378989610256,0.4400000000000013,7.7299999999999995,0.12124355652985842,-0.14999999999999947,3.1152849740932647,0.1791
2025-12-02 15:50:00,TANK_02,6.143,1.581,24.16,7.47,none,True,6.136666666666667,0.006027713773343797,0.01499999999999968,1.5739999999999998,0.007549834435253946,0.0040000000000000036,24.006666666666664,0.17897858344871795,0.4499999999999993,7.6499999999999995,0.1967231557290844,-0.2400000000000002,3.191545574636724,0.356
2025-12-02 16:00:00,TANK_02,6.145,1.579,23.95,7.7,none,True,6.141333333333333,0.004725815626258841,0.013999999999999346,1.5783333333333334,0.003055050463261397,0.0129999999999999,24.05333333333333,0.1050396750438062,0.14000000000000057,7.596666666666667,0.11676186592095543,-0.16000000000000014,3.0705128205128207,0.1299
2025-12-02 16:10:00,TANK_02,6.149,1.585,23.95,7.85,none,True,6.145666666666666,0.0030550504633185096,0.0129999999999999,1.5816666666666668,0.003055050463260518,0.010000000000000009,24.02,0.1212435565297229,-0.10000000000000142,7.673333333333333,0.19139836293276488,0.22999999999999954,3.0125786163522013,0.1902
2025-12-02 16:20:00,TANK_02,6.179,1.586,24.28,7.59,none,True,6.157666666666667,0.018583146486359694,0.036000000000000476,1.5833333333333333,0.0037859388971648545,0.0050000000000001155,24.060000000000002,0.19052558883251,0.120000000000001,7.713333333333334,0.1305118130030457,0.1200000000000001,3.157347204161249,0.2966
2025-12-02 16:30:00,TANK_02,6.174,1.589,24.42,7.63,none,True,6.167333333333333,0.016072751268328148,0.029000000000000803,1.5866666666666667,0.0020816659994002465,0.010000000000000009,24.21666666666667,0.24131583730311248,0.4700000000000024,7.69,0.1400000000000316,-0.07000000000000028,3.159120310478655,0.4121
2025-12-02 16:40:00,TANK_02,6.174,1.583,24.13,7.7,none,True,6.175666666666667,0.002886751345991867,0.025000000000000355,1.586,0.002999999999954546,-0.0020000000000000018,24.276666666666667,0.1450287327852649,0.17999999999999972,7.640000000000001,0.05567764362838457,-0.14999999999999947,3.0935897435897437,0.177
2025-12-02 16:50:00,TANK_02,6.189,1.591,24.31,7.63,none,True,6.178999999999999,0.008660254037860297,0.009999999999999787,1.5876666666666666,0.004163331998899025,0.004999999999999893,24.286666666666665,0.14640127503986922,0.029999999999997584,7.653333333333333,0.040414518843388286,0.040000000000000036,3.144890038809832,0.1512
2025-12-02 17:00:00,TANK_02,6.199,1.573,24.32,7.67,none,True,6.187333333333334,0.012583057392131477,0.024999999999999467,1.5823333333333334,0.009018499505631111,-0.016000000000000014,24.25333333333333,0.10692676621548111,-0.10000000000000142,7.666666666666667,0.03511884584297254,0.040000000000000036,3.1299871299871302,0.2192
2025-12-02 17:10:00,TANK_02,6.22,1.568,24.52,7.69,none,True,6.2026666666666666,0.01582192571508946,0.045999999999999375,1.577333333333333,0.012096831541072226,-0.014999999999999902,24.383333333333336,0.11846237095929235,0.39000000000000057,7.663333333333334,0.030550504633189177,-0.009999999999999787,3.147625160462131,0.4147
2025-12-02 17:20:00,TANK_02,6.202,1.566,24.48,7.45,none,True,6.207,0.01135781669162314,0.0129999999999999,1.569,0.003605551275431837,-0.02499999999999991,24.439999999999998,0.1058300524424067,0.1700000000000017,7.603333333333334,0.13316656236962351,-0.17999999999999972,3.242384105960265,0.3846
2025-12-02 17:30:00,TANK_02,6.202,1.566,24.27,7.75,none,True,6.207999999999999,0.010392304845438372,0.0030000000000001137,1.5666666666666667,0.0011547005382815062,-0.006999999999999895,24.423333333333336,0.13428824718975357,-0.05000000000000071,7.63,0.15874507866390497,0.08000000000000007,3.09171974522293,0.2024
2025-12-02 17:40:00,TANK_02,6.194,1.588,24.32,7.7,none,True,6.199333333333333,0.0046188021535671035,-0.0259999999999998,1.5733333333333335,0.012701705922162312,0.020000000000000018,24.356666666666666,0.10969655114586535,-0.1999999999999993,7.633333333333333,0.16072751268324503,0.009999999999999787,3.117948717948718,0.2883
2025-12-02 17:50:00,TANK_02,6.195,1.582,24.59,7.41,none,True,6.197,0.0043588989435920005,-0.006999999999999673,1.5786666666666669,0.011372481406143537,0.016000000000000014,24.39333333333333,0.1721433511155656,0.10999999999999943,7.62,0.18357559750688368,-0.040000000000000036,3.274300932090546,0.4348
2025-12-02 18:00:00,TANK_02,6.208,1.579,24.47,7.61,none,True,6.199000000000001,0.00781024967593576,0.006000000000000227,1.5830000000000002,0.004582575694927125,0.0129999999999999,24.459999999999997,0.13527749258454883,0.1999999999999993,7.573333333333334,0.14843629385478085,-0.13999999999999968,3.173800259403372,0.2611
2025-12-02 18:10:00,TANK_02,6.007,1.573,24.55,7.43,none,True,6.136666666666667,0.11248259124563972,-0.18700000000000028,1.578,0.004582575694928367,-0.015000000000000124,24.536666666666665,0.06110100926576343,0.23000000000000043,7.483333333333333,0.11015141094576637,-0.27000000000000046,3.260292164674635,0.7407
2025-12-02 18:20:00,TANK_02,6.028,1.574,24.41,7.7,none,True,6.0809999999999995,0.11048529313895197,-0.1670000000000007,1.5753333333333333,0.0032145502536259103,-0.008000000000000007,24.476666666666663,0.0702376916854192,-0.17999999999999972,7.580000000000001,0.1374772708487099,0.29000000000000004,3.1294871794871795,0.6385
2025-12-02 18:30:00,TANK_02,6.03,1.579,24.99,7.55,none,True,6.021666666666666,0.012741009902406793,-0.17799999999999994,1.5753333333333333,0.0032145502536259103,0.0,24.649999999999995,0.3026549190083627,0.5199999999999996,7.56,0.13527749258472224,-0.0600000000000005,3.2666666666666666,0.7128
2025-12-02 18:40:00,TANK_02,6.034,1.585,24.93,7.52,none,True,6.030666666666666,0.0030550504632908255,0.027000000000000135,1.5793333333333333,0.005507570547263002,0.01200000000000001,24.776666666666667,0.3189566323707494,0.379999999999999,7.59,0.09643650760997899,0.08999999999999986,3.271653543307087,0.5735
2025-12-02 18:50:00,TANK_02,6.037,1.6,24.61,7.44,none,True,6.033666666666666,0.0035118845842743653,0.009000000000000341,1.588,0.010816653826379665,0.026000000000000023,24.843333333333334,0.20428737928048327,0.1999999999999993,7.503333333333333,0.056862407030858174,-0.2599999999999998,3.263925729442971,0.5365
2025-12-02 19:00:00,TANK_02,6.052,1.614,24.74,7.59,none,True,6.0409999999999995,0.00964365076099139,0.021999999999999353,1.5996666666666668,0.014502873278528321,0.03500000000000014,24.76,0.1609347693941765,-0.25,7.516666666666666,0.07505553499471576,0.040000000000000036,3.2171651495448637,0.4851
2025-12-02 19:10:00,TANK_02,6.045,1.608,24.63,7.63,none,True,6.044666666666667,0.007505553499464668,0.01100000000000012,1.6073333333333333,0.007023769168547397,0.02300000000000013,24.659999999999997,0.06999999999970274,-0.3000000000000007,7.553333333333334,0.10016652800882614,0.11000000000000032,3.1862871927554983,0.3288
2025-12-02 19:20:00,TANK_02,6.068,1.585,24.77,7.62,none,True,6.055,0.011789826122553675,0.030999999999999694,1.6023333333333334,0.015307950004263996,-0.015000000000000124,24.713333333333335,0.07371114795803274,0.16000000000000014,7.613333333333333,0.020816659994892565,0.17999999999999972,3.2085492227979273,0.4261
2025-12-02 19:30:00,TANK_02,6.072,1.594,24.83,7.51,none,True,6.0616666666666665,0.014571661996265915,0.020000000000000462,1.595666666666667,0.011590225767130428,-0.020000000000000018,24.743333333333336,0.10263202878872787,0.08999999999999986,7.586666666666666,0.06658328118486645,-0.08000000000000007,3.2628120893561103,0.4374
2025-12-02 19:40:00,TANK_02,6.063,1.582,24.89,7.59,none,True,6.067666666666667,0.004509249752836381,0.017999999999999794,1.587,0.006244997998377054,-0.026000000000000023,24.83,0.05999999999962444,0.26000000000000156,7.573333333333333,0.056862407030858333,-0.040000000000000036,3.2366710013003903,0.3788
2025-12-02 19:50:00,TANK_02,6.065,1.576,24.67,7.6,none,True,6.066666666666666,0.004725815626264687,-0.0029999999999992255,1.5839999999999999,0.009165151389897444,-0.008999999999999897,24.796666666666667,0.11372481406135182,-0.09999999999999787,7.566666666666666,0.04932882862326033,-0.020000000000000462,3.2038961038961045,0.2688
2025-12-02 20:00:00,TANK_02,6.055,1.575,24.89,7.83,none,True,6.061,0.00529150262213634,-0.017000000000000348,1.5776666666666668,0.003785938897167432,-0.019000000000000128,24.816666666666666,0.1270170592215414,0.060000000000002274,7.673333333333333,0.1357694123628112,0.3200000000000003,3.1387137452711227,0.3772
2025-12-02 20:10:00,TANK_02,6.055,1.567,25.13,7.35,none,True,6.058333333333334,0.0057735026919011915,-0.008000000000000007,1.5726666666666667,0.004932882862292366,-0.015000000000000124,24.896666666666665,0.23007245235639584,0.23999999999999844,7.593333333333334,0.24006943440043152,-0.2400000000000002,3.3731543624161078,0.5918
2025-12-02 20:20:00,TANK_02,6.045,1.584,24.94,7.38,none,True,6.051666666666666,0.005773502691896576,-0.020000000000000462,1.5753333333333333,0.008504900548101182,0.008000000000000007,24.986666666666668,0.1266227994212897,0.2699999999999996,7.52,0.26888659319499314,-0.21999999999999975,3.3342245989304815,0.5829
2025-12-02 20:30:00,TANK_02,6.04,1.587,24.59,7.57,none,True,6.046666666666667,0.007637626158257579,-0.01499999999999968,1.5793333333333333,0.01078579312489729,0.01200000000000001,24.886666666666667,0.2739221300539377,-0.3000000000000007,7.433333333333334,0.11930353445452897,-0.2599999999999998,3.2059973924380705,0.5255
2025-12-02 20:40:00,TANK_02,6.045,1.579,24.68,7.45,none,True,6.043333333333333,0.0028867513459388872,-0.009999999999999787,1.5833333333333333,0.004041451884294956,0.01200000000000001,24.736666666666668,0.18175074506942196,-0.4499999999999993,7.466666666666666,0.09609023536938076,0.10000000000000053,3.2688741721854306,0.5182
2025-12-02 20:50:00,TANK_02,6.046,1.591,24.63,7.7,none,True,6.043666666666667,0.0032145502536563768,0.001000000000000334,1.5856666666666666,0.0061101009265858925,0.006999999999999895,24.633333333333336,0.04509249752777371,-0.3100000000000023,7.573333333333334,0.12503332889011246,0.3200000000000003,3.1576923076923076,0.3915
2025-12-02 21:00:00,TANK_02,6.058,1.592,24.52,7.74,none,True,6.049666666666667,0.007234178138069187,0.017999999999999794,1.5873333333333335,0.007234178138051486,0.0050000000000001155,24.61,0.08185352771847651,-0.07000000000000028,7.63,0.1571623364550482,0.16999999999999993,3.127551020408163,0.2226
2025-12-02 21:10:00,TANK_02,6.05,1.59,24.82,7.49,none,True,6.051333333333333,0.006110100926607506,0.004999999999999893,1.5910000000000002,0.0009999999998595817,0.01100000000000012,24.656666666666666,0.1517673658376262,0.14000000000000057,7.6433333333333335,0.1342882471899278,0.040000000000000036,3.270092226613966,0.4193
2025-12-02 21:20:00,TANK_02,6.051,1.604,24.79,7.63,none,True,6.053,0.004358898943542153,0.004999999999999893,1.5953333333333335,0.007571877794381159,0.013000000000000123,24.709999999999997,0.1652271164184546,0.16000000000000014,7.62,0.12529964086145584,-0.07000000000000028,3.2069857697283313,0.3083
2025-12-02 21:30:00,TANK_02,6.055,1.61,24.74,7.58,none,True,6.052,0.002645751311065052,-0.0030000000000001137,1.6013333333333335,0.010263202878878922,0.018000000000000016,24.78333333333333,0.040414518842736585,0.21999999999999886,7.566666666666666,0.07094598884604503,-0.16000000000000014,3.2213541666666665,0.3664
2025-12-02 21:40:00,TANK_02,6.056,1.618,24.58,7.56,none,True,6.053999999999999,0.002645751311069668,0.006000000000000227,1.610666666666667,0.0070237691685454485,0.028000000000000025,24.703333333333333,0.10969655114583698,-0.240000000000002,7.59,0.03605551275477575,0.0699999999999994,3.2088772845953004,0.3392
2025-12-02 21:50:00,TANK_02,6.054,1.602,24.59,7.59,none,True,6.055,0.001000000000019867,0.0030000000000001137,1.61,0.007999999999979872,-0.0020000000000000018,24.636666666666667,0.08962886439809399,-0.1999999999999993,7.576666666666667,0.01527525231684008,-0.040000000000000036,3.197659297789337,0.3438
2025-12-02 22:00:00,TANK_02,6.068,1.6,24.57,7.63,none,True,6.059333333333334,0.007571877794406871,0.0129999999999999,1.6066666666666667,0.00986576572461657,-0.010000000000000009,24.580000000000002,0.009999999997977786,-0.16999999999999815,7.593333333333334,0.03511884584298146,0.04999999999999982,3.178525226390686,0.3036
2025-12-02 22:10:00,TANK_02,6.072,1.597,24.88,7.48,none,True,6.064666666666667,0.009451631252514418,0.016000000000000014,1.5996666666666666,0.0025166114783645487,-0.02100000000000013,24.680000000000003,0.1734935157288519,0.3000000000000007,7.566666666666667,0.07767453465160315,-0.07999999999999918,3.2823218997361474,0.4709
2025-12-02 22:20:00,TANK_02,6.078,1.603,24.56,7.53,none,True,6.072666666666667,0.005033222956875727,0.02400000000000002,1.5999999999999999,0.002999999999950306,0.0009999999999998899,24.669999999999998,0.18193405398648602,-0.030000000000001137,7.546666666666667,0.07637626158266161,-0.05999999999999961,3.218872870249017,0.3232
2025-12-02 22:30:00,TANK_02,6.08,1.602,24.22,7.73,none,True,6.076666666666667,0.004163331998972533,0.012000000000000455,1.6006666666666665,0.0032145502536177575,0.0020000000000000018,24.55333333333333,0.3300505011862472,-0.3500000000000014,7.580000000000001,0.13228756555326662,0.10000000000000053,3.0932311621966795,0.4138
2025-12-02 22:40:00,TANK_02,6.097,1.593,24.59,7.4,none,True,6.085000000000001,0.010440306508932113,0.025000000000000355,1.5993333333333333,0.00550757054725914,-0.0040000000000000036,24.456666666666667,0.2055075018905511,-0.28999999999999915,7.553333333333334,0.16623276853058522,-0.08000000000000007,3.2786666666666666,0.4699
2025-12-02 22:50:00,TANK_02,6.097,1.586,24.32,7.68,none,True,6.091333333333334,0.009814954576251434,0.019000000000000128,1.5936666666666668,0.008020806276992839,-0.016999999999999904,24.376666666666665,0.1913983629326442,-0.23999999999999844,7.603333333333333,0.17785762095941537,0.14999999999999947,3.1259640102827766,0.2887
2025-12-02 23:00:00,TANK_02,6.11,1.593,24.3,7.55,none,True,6.101333333333334,0.007505553499511646,0.03000000000000025,1.5906666666666667,0.00404145188429276,-0.009000000000000119,24.403333333333336,0.161967074843301,0.08000000000000185,7.543333333333333,0.14011899704659259,-0.1800000000000006,3.1764705882352944,0.2589
2025-12-02 23:10:00,TANK_02,6.105,1.587,24.33,7.65,none,True,6.104,0.006557438524358526,0.008000000000000007,1.5886666666666667,0.003785938897163783,-0.006000000000000005,24.316666666666663,0.015275252315332891,-0.26000000000000156,7.626666666666668,0.06806859285561291,0.25,3.1393548387096772,0.2453
2025-12-02 23:20:00,TANK_02,6.107,1.594,24.27,7.6,none,True,6.107333333333333,0.0025166114785821047,0.009999999999999787,1.5913333333333333,0.003785938897163177,0.008000000000000007,24.3,0.029999999999402605,-0.05000000000000071,7.6000000000000005,0.05000000000009848,-0.08000000000000007,3.151948051948052,0.1794
2025-12-02 23:30:00,TANK_02,6.106,1.587,24.36,7.73,none,True,6.106000000000001,0.0010000000003867941,-0.004000000000000448,1.5893333333333333,0.004041451884293182,-0.006000000000000005,24.319999999999997,0.0458257569491621,0.05999999999999872,7.66,0.06557438524309535,0.1800000000000006,3.111111111111111,0.1732
2025-12-02 23:40:00,TANK_02,6.094,1.569,24.04,7.66,none,True,6.102333333333334,0.007234178138118511,-0.01100000000000012,1.5833333333333333,0.012897028081425135,-0.018000000000000016,24.223333333333333,0.16502525059305115,-0.28999999999999915,7.663333333333334,0.06506407098655306,0.009999999999999787,3.097938144329897,0.231
2025-12-02 23:50:00,TANK_02,6.101,1.596,24.01,7.66,none,True,6.100333333333334,0.006027713773396415,-0.006000000000000227,1.5839999999999999,0.013747727084857879,0.0020000000000000018,24.136666666666667,0.19399312702593585,-0.259999999999998,7.683333333333334,0.04041451884339578,0.0600000000000005,3.0940721649484537,0.2099
2025-12-03 00:00:00,TANK_02,6.097,1.591,23.83,7.72,none,True,6.097333333333334,0.0035118845843705934,-0.008999999999999453,1.5853333333333335,0.014364307617600844,0.0040000000000000036,23.959999999999997,0.11357816691588314,-0.5300000000000011,7.68,0.034641016151519564,-0.010000000000000675,3.047314578005115,0.2267
2025-12-03 00:10:00,TANK_02,6.097,1.594,24.2,7.73,none,True,6.098333333333334,0.0023094010768934456,0.0030000000000001137,1.5936666666666668,0.0025166114783670124,0.025000000000000133,24.013333333333332,0.1850225211516263,0.16000000000000014,7.703333333333333,0.037859388972132264,0.07000000000000028,3.090676883780332,0.1832
2025-12-03 00:20:00,TANK_02,6.099,1.601,23.86,7.74,none,True,6.097666666666668,0.0011547005386440055,-0.0019999999999997797,1.5953333333333333,0.00513160143941871,0.004999999999999893,23.963333333333335,0.20550750189057684,-0.15000000000000213,7.73,0.010000000000495305,0.08000000000000007,3.0433673469387754,0.1735
2025-12-03 00:30:00,TANK_02,6.087,1.609,23.87,7.73,none,True,6.094333333333334,0.006429100507371554,-0.010000000000000675,1.6013333333333335,0.007505553499444855,0.018000000000000016,23.97666666666667,0.193476958145679,0.0400000000000027,7.733333333333334,0.005773502692754205,0.010000000000000675,3.0485312899106005,0.1716
2025-12-03 00:40:00,TANK_02,6.082,1.596,23.89,7.79,none,True,6.089333333333333,0.00873689494808017,-0.015000000000000568,1.602,0.006557438524278719,0.0020000000000000018,23.873333333333335,0.015275252315701001,-0.3099999999999987,7.753333333333334,0.03214550253679766,0.05999999999999961,3.0278833967046896,0.1596
2025-12-03 00:50:00,TANK_02,6.088,1.6,23.77,7.84,none,True,6.085666666666666,0.0032145502537240227,-0.01100000000000012,1.6016666666666666,0.006658328118456523,-0.0009999999999998899,23.843333333333334,0.06429100507309982,-0.08999999999999986,7.786666666666666,0.0550757054729514,0.09999999999999964,2.9937027707808563,0.0181
2025-12-03 01:00:00,TANK_02,6.071,1.594,23.52,7.85,none,True,6.080333333333333,0.008621678104268086,-0.016000000000000014,1.5966666666666667,0.0030550504632566493,-0.014999999999999902,23.72666666666667,0.18876793513018347,-0.3500000000000014,7.826666666666665,0.032145502536799105,0.11999999999999922,2.958490566037736,0.1395
2025-12-03 01:10:00,TANK_02,6.065,1.602,23.49,7.89,none,True,6.074666666666666,0.011930353445455961,-0.01699999999999946,1.5986666666666667,0.0041633319988968265,0.006000000000000005,23.593333333333334,0.15373136743461857,-0.40000000000000213,7.859999999999999,0.02645751311083634,0.09999999999999964,2.9399249061326658,0.1441
2025-12-03 01:20:00,TANK_02,6.07,1.596,23.45,7.96,none,True,6.068666666666666,0.003214550253672791,-0.017999999999999794,1.5973333333333333,0.004163331998897316,-0.0040000000000000036,23.486666666666668,0.03511884584267281,-0.3200000000000003,7.8999999999999995,0.05567764362839123,0.1200000000000001,2.909429280397022,0.071
2025-12-03 01:30:00,TANK_02,6.081,1.603,23.42,7.86,none,True,6.072,0.008185352771879305,0.010000000000000675,1.6003333333333334,0.0037859388971605845,0.008999999999999897,23.453333333333333,0.035118845842690934,-0.09999999999999787,7.903333333333333,0.05131601439456714,0.010000000000000675,2.942211055276382,0.0
2025-12-03 01:40:00,TANK_02,6.08,1.602,23.37,7.92,none,True,6.077000000000001,0.0060827625303143396,0.01499999999999968,1.6003333333333334,0.0037859388971605845,0.0,23.413333333333338,0.04041451884316478,-0.11999999999999744,7.913333333333333,0.05033222956857213,0.03000000000000025,2.9139650872817957,0.0
2025-12-03 01:50:00,TANK_02,6.079,1.609,23.22,7.68,none,True,6.080000000000001,0.0010000000001238912,0.008999999999999453,1.6046666666666667,0.0037859388971590597,0.0129999999999999,23.33666666666667,0.10408329997328342,-0.23000000000000043,7.82,0.12489995996800779,-0.28000000000000025,2.9845758354755785,0.1007
2025-12-03 02:00:00,TANK_02,6.068,1.605,23.29,7.9,none,True,6.075666666666667,0.006658328118493198,-0.013000000000000789,1.6053333333333335,0.0035118845842396452,0.0020000000000000018,23.293333333333333,0.07505553499463198,-0.13000000000000256,7.833333333333333,0.13316656236962532,0.040000000000000036,2.91125,0.0
2025-12-03 02:10:00,TANK_02,6.067,1.606,23.22,7.77,none,True,6.071333333333333,0.006658328118487995,-0.0129999999999999,1.6066666666666667,0.0020816659993899687,0.0040000000000000036,23.24333333333333,0.04041451884326235,-0.15000000000000213,7.783333333333332,0.11060440015362522,-0.15000000000000036,2.9504447268106735,0.0323
2025-12-03 02:20:00,TANK_02,6.065,1.605,22.85,8.01,none,True,6.066666666666666,0.0015275252316655807,-0.013999999999999346,1.6053333333333333,0.0005773502689189649,-0.0040000000000000036,23.12,0.23643180835074606,-0.36999999999999744,7.8933333333333335,0.12013880860630932,0.33000000000000007,2.8175092478421706,0.2305
2025-12-03 02:30:00,TANK_02,6.079,1.61,23.1,7.96,none,True,6.070333333333333,0.0075718777944069485,0.01100000000000012,1.607,0.0026457513110046136,0.0050000000000001155,23.05666666666667,0.18876793513025594,-0.18999999999999773,7.913333333333334,0.1266227994215239,0.05999999999999961,2.866004962779156,0.0
2025-12-03 02:40:00,TANK_02,6.09,1.612,22.93,7.72,none,True,6.078,0.012529964086150376,0.022999999999999687,1.609,0.0036055512754191174,0.006000000000000005,22.960000000000004,0.12767145334808372,-0.28999999999999915,7.896666666666667,0.1550268793898123,-0.04999999999999982,2.932225063938619,0.0803
2025-12-03 02:50:00,TANK_02,6.098,1.608,22.65,7.91,none,True,6.0889999999999995,0.009539392014189931,0.032999999999999474,1.61,0.0019999999999181866,0.0030000000000001137,22.89333333333333,0.2272296928954244,-0.20000000000000284,7.863333333333333,0.12662279942152332,-0.09999999999999964,2.8277153558052435,0.0864
2025-12-03 03:00:00,TANK_02,6.103,1.612,22.76,7.93,none,True,6.097,0.006557438524340584,0.02400000000000002,1.610666666666667,0.0023094010766872824,0.0020000000000000018,22.78,0.14106735979672996,-0.33999999999999986,7.853333333333333,0.11590225767146758,-0.03000000000000025,2.8343711083437113,0.0198
2025-12-03 03:10:00,TANK_02,6.08,1.628,22.37,7.93,none,True,6.093666666666667,0.012096831541101714,-0.009999999999999787,1.6159999999999999,0.010583005244242149,0.015999999999999792,22.593333333333334,0.20108041509147945,-0.5599999999999987,7.923333333333333,0.011547005384226872,0.20999999999999996,2.785803237858033,0.2364
2025-12-03 03:20:00,TANK_02,6.095,1.629,22.56,7.99,none,True,6.092666666666666,0.01167618659211045,-0.0030000000000001137,1.623,0.009539392014150758,0.020999999999999908,22.563333333333333,0.19502136635087733,-0.08999999999999986,7.95,0.03464101615152262,0.08000000000000007,2.788627935723115,0.0248
2025-12-03 03:30:00,TANK_02,6.09,1.639,22.52,8.0,none,True,6.088333333333334,0.007637626158285157,-0.0129999999999999,1.632,0.006082762530267622,0.026999999999999913,22.483333333333334,0.1001665280089401,-0.240000000000002,7.973333333333334,0.037859388972134096,0.07000000000000028,2.780246913580247,0.0
2025-12-03 03:40:00,TANK_02,6.092,1.626,22.38,7.99,none,True,6.092333333333333,0.0025166114785128268,0.011999999999999567,1.6313333333333333,0.006806859285526753,-0.0020000000000000018,22.486666666666665,0.0945163125252249,0.00999999999999801,7.993333333333333,0.005773502692759897,0.0600000000000005,2.7663782447466008,0.0
2025-12-03 03:50:00,TANK_02,6.078,1.628,22.25,7.97,none,True,6.086666666666666,0.007571877794424064,-0.01699999999999946,1.631,0.006999999999973528,-0.001000000000000112,22.383333333333336,0.13503086067032805,-0.3099999999999987,7.986666666666667,0.015275252316846484,-0.020000000000000462,2.7571251548946716,0.0266
2025-12-03 04:00:00,TANK_02,6.065,1.606,22.53,7.81,none,True,6.078333333333333,0.013503086067027473,-0.024999999999999467,1.6199999999999999,0.012165525060581786,-0.03299999999999992,22.386666666666667,0.14011899704668765,0.010000000000001563,7.923333333333333,0.09865765724637622,-0.1900000000000004,2.8482932996207335,0.1484
2025-12-03 04:10:00,TANK_02,6.054,1.607,22.47,7.9,none,True,6.065666666666668,0.0120138808606269,-0.03799999999999937,1.6136666666666668,0.01242309676904228,-0.018999999999999906,22.416666666666668,0.14742229591676,0.08999999999999986,7.8933333333333335,0.08020806277016965,-0.08999999999999986,2.80875,0.1155
2025-12-03 04:20:00,TANK_02,6.066,1.595,22.37,8.07,none,True,6.061666666666667,0.006658328118474039,-0.012000000000000455,1.6026666666666667,0.006658328118455211,-0.03299999999999992,22.456666666666667,0.08082903768676053,0.120000000000001,7.926666666666667,0.13203534880229437,0.10000000000000053,2.7380660954712366,0.0353
2025-12-03 04:30:00,TANK_02,6.059,1.598,22.1,7.94,none,True,6.059666666666666,0.006027713773332355,-0.006000000000000227,1.5999999999999999,0.006244997998372952,-0.008000000000000007,22.313333333333333,0.19139836293284157,-0.4299999999999997,7.97,0.08888194417321284,0.13000000000000078,2.7487562189054726,0.0519
2025-12-03 04:40:00,TANK_02,6.052,1.597,22.16,7.84,none,True,6.059,0.006999999999991351,-0.002000000000000668,1.5966666666666667,0.001527525231549596,-0.010000000000000009,22.209999999999997,0.1417744687877246,-0.3099999999999987,7.949999999999999,0.11532562594675205,-0.0600000000000005,2.7909319899244336,0.0341
2025-12-03 04:50:00,TANK_02,6.047,1.598,22.37,8.08,none,True,6.052666666666667,0.006027713773321145,-0.019000000000000128,1.5976666666666668,0.0005773502689177385,0.0030000000000001137,22.209999999999997,0.1417744687877246,0.0,7.953333333333333,0.120554275466876,0.009999999999999787,2.734718826405868,0.0089
2025-12-03 05:00:00,TANK_02,6.049,1.596,21.91,7.96,none,True,6.049333333333333,0.002516611478360379,-0.009999999999999787,1.5970000000000002,0.0009999999998433502,-0.0020000000000000018,22.146666666666665,0.23028967265897224,-0.19000000000000128,7.96,0.120000000000042,0.019999999999999574,2.7183622828784118,0.0904
2025-12-03 05:10:00,TANK_02,6.059,1.605,22.23,7.98,none,True,6.051666666666667,0.006429100507307925,0.007000000000000561,1.5996666666666666,0.00472581562621912,0.008000000000000007,22.17,0.2357965224511223,0.07000000000000028,8.006666666666666,0.06429100507336356,0.14000000000000057,2.751237623762376,0.0285
2025-12-03 05:20:00,TANK_02,6.072,1.606,21.9,8.17,none,True,6.06,0.011532562594666614,0.025000000000000355,1.6023333333333334,0.005507570547257199,0.008000000000000007,22.013333333333332,0.18770544300413955,-0.4700000000000024,8.036666666666667,0.11590225767146735,0.08999999999999986,2.6481257557436515,0.1258
2025-12-03 05:30:00,TANK_02,6.072,1.602,22.1,8.0,none,True,6.067666666666668,0.007505553499469613,0.022999999999999687,1.6043333333333336,0.0020816659993893845,0.006000000000000005,22.076666666666668,0.1662327685306923,0.19000000000000128,8.05,0.10440306508915274,0.040000000000000036,2.728395061728395,0.0
2025-12-03 05:40:00,TANK_02,6.084,1.616,21.91,8.01,none,True,6.0760000000000005,0.0069282032302931205,0.024999999999999467,1.6079999999999999,0.007211102550905637,0.01100000000000012,21.97,0.11269427669606034,-0.3200000000000003,8.06,0.09539392014174639,0.02999999999999936,2.701602959309495,0.0
2025-12-03 05:50:00,TANK_02,6.075,1.601,21.96,8.02,none,True,6.077000000000001,0.0062449979984197665,0.0030000000000001137,1.6063333333333336,0.008386497083586976,-0.0050000000000001155,21.99,0.09848857801820221,0.060000000000002274,8.01,0.01000000000049864,-0.15000000000000036,2.704433497536946,0.003
2025-12-03 06:00:00,TANK_02,6.069,1.604,21.81,8.03,none,True,6.0760000000000005,0.0075498344352869125,-0.0030000000000001137,1.607,0.007937253933173552,0.0020000000000000018,21.89333333333333,0.07637626158292998,-0.2900000000000027,8.020000000000001,0.010000000000498195,0.02999999999999936,2.682656826568266,0.0213
2025-12-03 06:10:00,TANK_02,6.069,1.611,22.04,8.01,none,True,6.071000000000001,0.0034641016151571685,-0.01499999999999968,1.6053333333333333,0.005131601439415597,-0.0050000000000001155,21.936666666666667,0.11676186592112366,0.129999999999999,8.020000000000001,0.010000000000498195,0.0,2.717632552404439,0.0121
2025-12-03 06:20:00,TANK_02,6.072,1.612,21.84,8.24,none,True,6.07,0.001732050807601098,-0.0030000000000001137,1.609,0.004358898943503597,0.01100000000000012,21.896666666666665,0.1250333288902759,-0.120000000000001,8.093333333333334,0.1274100990241485,0.22000000000000064,2.618705035971223,0.0
2025-12-03 06:30:00,TANK_02,6.067,1.599,21.83,8.24,none,True,6.069333333333333,0.0025166114784426134,-0.0019999999999997797,1.6073333333333333,0.007234178138048014,-0.0050000000000001155,21.903333333333332,0.11846237095965845,0.019999999999999574,8.163333333333334,0.1327905619136512,0.21000000000000085,2.6175059952038366,0.0
2025-12-03 06:40:00,TANK_02,6.069,1.594,21.51,8.1,none,True,6.069333333333334,0.0025166114784426134,0.0,1.6016666666666668,0.009291573243160338,-0.016999999999999904,21.72666666666667,0.18770544300416817,-0.5299999999999976,8.193333333333335,0.0808290376866088,0.08999999999999986,2.6231707317073174,0.0922
2025-12-03 06:50:00,TANK_02,6.066,1.583,21.55,8.0,none,True,6.067333333333333,0.0015275252316686635,-0.006000000000000227,1.5919999999999999,0.008185352771853081,-0.029000000000000137,21.63,0.17435595774180496,-0.28999999999999915,8.113333333333335,0.12055427546687658,-0.2400000000000002,2.660493827160494,0.1064
2025-12-03 07:00:00,TANK_02,6.052,1.579,21.59,8.23,none,True,6.062333333333332,0.009073771725873958,-0.015000000000000568,1.5853333333333335,0.0077674534651338304,-0.020000000000000018,21.55,0.040000000000831704,-0.23999999999999844,8.110000000000001,0.11532562594675272,-0.009999999999999787,2.5918367346938775,0.0463
2025-12-03 07:10:00,TANK_02,6.057,1.59,21.63,8.19,none,True,6.058333333333334,0.007094598884586191,-0.011999999999999567,1.5839999999999999,0.005567764362801895,-0.0040000000000000036,21.59,0.04000000000080417,0.11999999999999744,8.14,0.12288205727448656,0.08999999999999986,2.6091676718938484,0.0
2025-12-03 07:20:00,TANK_02,6.065,1.596,21.43,8.26,none,True,6.058,0.006557438524289269,-0.0009999999999994458,1.5883333333333336,0.008621678104233437,0.013000000000000123,21.55,0.10583005244289856,-0.120000000000001,8.226666666666668,0.03511884584298565,0.2599999999999998,2.563397129186603,0.0138
2025-12-03 07:30:00,TANK_02,6.069,1.586,21.46,8.23,none,True,6.063666666666667,0.0061101009266039405,0.017000000000000348,1.5906666666666667,0.005033222956815577,0.007000000000000117,21.506666666666664,0.10785793124940996,-0.129999999999999,8.226666666666668,0.03511884584298565,0.0,2.576230492196879,0.0
2025-12-03 07:40:00,TANK_02,6.075,1.59,21.41,8.19,none,True,6.0696666666666665,0.005033222956856289,0.017999999999999794,1.5906666666666667,0.005033222956815577,0.0,21.433333333333334,0.025166114785694523,-0.21999999999999886,8.226666666666667,0.03511884584298565,0.0,2.5826296743063937,0.0365
2025-12-03 07:50:00,TANK_02,6.098,1.597,21.77,7.99,none,True,6.080666666666666,0.015307950004284705,0.032999999999999474,1.591,0.0055677643628013924,0.0009999999999998899,21.546666666666667,0.1950213663509732,0.33999999999999986,8.136666666666668,0.12858201014661202,-0.2699999999999996,2.6909765142150803,0.1828
2025-12-03 08:00:00,TANK_02,6.074,1.583,21.7,8.29,none,True,6.082333333333334,0.01357694123629184,0.004999999999999893,1.5899999999999999,0.006999999999977274,-0.0030000000000001137,21.626666666666665,0.19087517736310422,0.23999999999999844,8.156666666666668,0.15275252316522725,0.05999999999999872,2.586412395709178,0.0643
2025-12-03 08:10:00,TANK_02,6.066,1.583,21.6,8.11,none,True,6.0793333333333335,0.016653327995738685,-0.009000000000000341,1.5876666666666666,0.00808290376863513,-0.007000000000000117,21.69,0.08544003745352585,0.19000000000000128,8.13,0.15099668870544816,-0.08000000000000007,2.6309378806333745,0.0168
2025-12-03 08:20:00,TANK_02,6.069,1.586,21.58,8.09,none,True,6.0696666666666665,0.004041451884338795,-0.028999999999999915,1.5839999999999999,0.0017320508074777996,-0.010999999999999899,21.626666666666665,0.06429100507377652,-0.19000000000000128,8.163333333333334,0.11015141094576736,0.09999999999999964,2.634920634920635,0.0398
2025-12-03 08:30:00,TANK_02,6.081,1.598,21.5,8.2,none,True,6.072,0.007937253933203348,0.007000000000000561,1.5889999999999997,0.007937253933173795,0.015000000000000124,21.56,0.052915026221919,-0.1999999999999993,8.133333333333335,0.05859465277090933,-0.08999999999999986,2.5903614457831328,0.0
2025-12-03 08:40:00,TANK_02,6.09,1.601,21.58,8.23,none,True,6.080000000000001,0.01053565375286864,0.02400000000000002,1.595,0.007937253933173544,0.018000000000000016,21.55333333333333,0.04618802153589095,-0.020000000000003126,8.173333333333334,0.07371114795838689,0.120000000000001,2.5906362545018005,0.0061
2025-12-03 08:50:00,TANK_02,6.09,1.599,21.76,8.13,none,True,6.087,0.005196152422754819,0.020999999999999908,1.5993333333333333,0.0015275252315461844,0.0129999999999999,21.613333333333333,0.13316656236982763,0.18000000000000327,8.186666666666667,0.051316014394563576,0.040000000000000924,2.643985419198056,0.0
2025-12-03 09:00:00,TANK_02,6.094,1.589,21.62,8.25,none,True,6.091333333333334,0.002309401076891226,0.0129999999999999,1.5963333333333332,0.006429100507303571,-0.009000000000000119,21.653333333333336,0.09451631252537838,0.120000000000001,8.203333333333335,0.06429100507336141,0.05000000000000071,2.5892215568862276,0.0
2025-12-03 09:10:00,TANK_02,6.107,1.595,21.5,8.38,none,True,6.097,0.008888194417357663,0.017000000000000348,1.5943333333333332,0.005033222956815191,-0.006000000000000005,21.62666666666667,0.1301281419731956,-0.0799999999999983,8.253333333333336,0.12503332889011237,0.15000000000000036,2.535377358490566,0.0158
2025-12-03 09:20:00,TANK_02,6.111,1.602,21.51,8.13,none,True,6.104,0.008888194417366494,0.020999999999999908,1.5953333333333333,0.00650640709862299,0.0030000000000001137,21.543333333333333,0.06658328118529348,-0.25,8.253333333333336,0.12503332889011237,0.0,2.6136087484811665,0.0
2025-12-03 09:30:00,TANK_02,6.116,1.593,21.7,8.04,none,True,6.1113333333333335,0.0045092497529435095,0.021999999999999353,1.5966666666666667,0.004725815626218511,0.0040000000000000036,21.569999999999997,0.11269427669613602,0.0799999999999983,8.183333333333335,0.17616280348967897,-0.21000000000000085,2.665847665847666,0.0
2025-12-03 09:40:00,TANK_02,6.138,1.585,21.76,8.24,none,True,6.121666666666667,0.014364307617657345,0.030999999999999694,1.5933333333333335,0.008504900548096566,-0.010000000000000009,21.656666666666666,0.13051181300324918,0.26000000000000156,8.136666666666668,0.10016652800882714,-0.14000000000000057,2.6091127098321345,0.0625
2025-12-03 09:50:00,TANK_02,6.132,1.578,21.67,8.25,none,True,6.128666666666667,0.011372481406221914,0.020999999999999908,1.5853333333333335,0.00750555349944393,-0.02400000000000002,21.709999999999997,0.04582575695021093,0.16000000000000014,8.176666666666668,0.11846237095948688,0.11999999999999922,2.5952095808383238,0.0413
2025-12-03 10:00:00,TANK_02,6.131,1.584,21.94,8.11,none,True,6.133666666666667,0.0037859388974187252,0.015000000000000568,1.5823333333333334,0.003785938897158359,-0.008999999999999897,21.790000000000003,0.13747727084888264,0.240000000000002,8.200000000000001,0.0781024967591281,0.07000000000000028,2.672350791717418,0.0
2025-12-03 10:10:00,TANK_02,6.125,1.568,21.77,8.14,none,True,6.129333333333332,0.0037859388974052556,-0.0129999999999999,1.5766666666666669,0.008082903768635127,-0.016999999999999904,21.793333333333333,0.13650396819649718,0.00999999999999801,8.166666666666668,0.07371114795838567,-0.09999999999999964,2.6419902912621356,0.0
2025-12-03 10:20:00,TANK_02,6.133,1.551,21.69,8.1,none,True,6.129666666666666,0.004163331999120003,0.001000000000000334,1.5676666666666668,0.016502525059305894,-0.027000000000000135,21.8,0.12767145334825872,0.019999999999999574,8.116666666666667,0.02081665999489833,-0.15000000000000036,2.6451219512195125,0.0915
2025-12-03 10:30:00,TANK_02,6.152,1.547,22.01,8.21,none,True,6.136666666666667,0.01386842937520619,0.020999999999999908,1.5553333333333335,0.011150485789104504,-0.037000000000000144,21.823333333333334,0.16653327995745848,0.07000000000000028,8.15,0.055677643628388895,0.10000000000000142,2.648616125150421,0.1102
2025-12-03 10:40:00,TANK_02,6.158,1.562,21.72,8.32,none,True,6.147666666666667,0.013051181300379567,0.03300000000000036,1.5533333333333335,0.007767453465133977,-0.006000000000000005,21.80666666666667,0.17672954855764703,-0.05000000000000071,8.21,0.11000000000004445,0.17999999999999972,2.579572446555819,0.0832
2025-12-03 10:50:00,TANK_02,6.153,1.563,22.01,8.29,none,True,6.154333333333334,0.003214550254009503,0.019999999999999574,1.5573333333333332,0.008962886439815002,0.01200000000000001,21.913333333333338,0.16743157806515294,0.3200000000000003,8.273333333333333,0.05686240703085773,0.1899999999999995,2.6233611442193094,0.1029
2025-12-03 11:00:00,TANK_02,6.177,1.568,22.08,8.1,none,True,6.1626666666666665,0.012662279942243901,0.024999999999999467,1.5643333333333331,0.0032145502536149334,0.02100000000000013,21.936666666666667,0.19087517736307882,0.06999999999999673,8.236666666666666,0.11930353445452914,-0.11000000000000121,2.6926829268292685,0.0912
2025-12-03 11:10:00,TANK_02,6.188,1.57,22.01,7.99,none,True,6.172666666666665,0.01789785834495283,0.02999999999999936,1.567,0.0036055512754197784,0.008000000000000007,22.03333333333333,0.040414518843912776,0.2900000000000027,8.126666666666667,0.15176736583779463,-0.33000000000000007,2.720642768850433,0.2454
2025-12-03 11:20:00,TANK_02,6.187,1.56,21.91,8.01,none,True,6.184,0.00608276253053953,0.034000000000000696,1.566,0.0052915026220991005,-0.0029999999999998916,22.0,0.08544003745348172,-0.10000000000000142,8.033333333333333,0.058594652770908986,-0.27999999999999936,2.701602959309495,0.0689
2025-12-03 11:30:00,TANK_02,6.195,1.57,22.3,7.93,none,True,6.19,0.004358898943893155,0.018000000000000682,1.5666666666666667,0.005773502691868667,0.0020000000000000018,22.073333333333334,0.20256686138997243,0.22000000000000242,7.9766666666666675,0.041633319989448504,-0.16999999999999993,2.7770859277708597,0.0718
2025-12-03 11:40:00,TANK_02,6.204,1.576,22.0,8.19,none,True,6.195333333333334,0.0085049005483033,0.016000000000000014,1.5686666666666664,0.008082903768634988,0.006000000000000005,22.070000000000004,0.2042057785667466,-0.010000000000001563,8.043333333333335,0.13316656236962457,0.1999999999999993,2.653799758745477,0.0821
2025-12-03 11:50:00,TANK_02,6.206,1.594,22.23,8.03,none,True,6.201666666666667,0.005859465277368444,0.019000000000000128,1.58,0.012489995996783725,0.03400000000000003,22.176666666666666,0.1569500982267354,0.3200000000000003,8.050000000000002,0.1311487704860771,0.019999999999999574,2.7343173431734322,0.133
2025-12-03 12:00:00,TANK_02,6.213,1.59,22.17,8.03,none,True,6.207666666666667,0.004725815626622063,0.017999999999999794,1.5866666666666667,0.009451631252487712,0.020000000000000018,22.133333333333336,0.11930353445469748,-0.129999999999999,8.083333333333334,0.09237604307039042,0.09999999999999964,2.7269372693726943,0.0062
2025-12-03 12:10:00,TANK_02,6.213,1.61,22.51,7.95,none,True,6.210666666666666,0.004041451884767198,0.009000000000000341,1.598,0.01058300524424246,0.03400000000000003,22.30333333333333,0.18147543451767192,0.5100000000000016,8.003333333333334,0.0461880215352822,-0.23999999999999932,2.796273291925466,0.2539
2025-12-03 12:20:00,TANK_02,6.199,1.608,22.37,7.86,none,True,6.208333333333333,0.00808290376887163,-0.007000000000000561,1.6026666666666667,0.011015141094556737,0.014000000000000012,22.349999999999998,0.17088007490647616,0.14000000000000057,7.946666666666668,0.08504900548121884,-0.16999999999999904,2.8103015075376887,0.0502
2025-12-03 12:30:00,TANK_02,6.201,1.598,22.39,7.98,none,True,6.2043333333333335,0.0075718777946259955,-0.012000000000000455,1.6053333333333335,0.006429100507301862,0.008000000000000007,22.423333333333332,0.07571877794427147,0.21999999999999886,7.930000000000002,0.062449979984074935,-0.049999999999998934,2.771039603960396,0.0139
2025-12-03 12:40:00,TANK_02,6.186,1.605,22.68,7.94,none,True,6.195333333333333,0.00814452781544428,-0.027000000000000135,1.6036666666666666,0.005131601439413485,-0.0050000000000001155,22.48,0.1734935157290858,0.16999999999999815,7.9266666666666685,0.061101009266171145,-0.009999999999999787,2.820895522388059,0.0374
2025-12-03 12:50:00,TANK_02,6.199,1.609,22.59,7.92,none,True,6.195333333333333,0.00814452781544428,0.0,1.604,0.005567764362799163,0.0009999999999998899,22.55333333333333,0.14843629385487045,0.21999999999999886,7.946666666666668,0.03055050463322159,0.05999999999999961,2.816708229426434,0.0
2025-12-03 13:00:00,TANK_02,6.223,1.599,22.48,7.91,none,True,6.202666666666666,0.018770544300491205,0.02200000000000024,1.6043333333333332,0.005033222956813067,0.0009999999999998899,22.583333333333332,0.1001665280089536,0.08999999999999986,7.923333333333335,0.015275252316893313,-0.07000000000000028,2.8064918851435707,0.1214
2025-12-03 13:10:00,TANK_02,6.231,1.595,22.75,7.82,none,True,6.217666666666666,0.0166533279958395,0.04499999999999993,1.601,0.007211102550904458,-0.010000000000000009,22.60666666666667,0.1357694123629017,0.07000000000000028,7.883333333333334,0.05507570547296887,-0.1200000000000001,2.8724747474747474,0.1461
2025-12-03 13:20:00,TANK_02,6.222,1.596,22.54,7.76,none,True,6.225333333333334,0.004932882862704234,0.023000000000000576,1.5966666666666667,0.0020816659993860044,-0.0129999999999999,22.59,0.14177446878770186,-0.05000000000000071,7.830000000000002,0.07549834435279025,-0.16000000000000014,2.867684478371501,0.0801
2025-12-03 13:30:00,TANK_02,6.228,1.602,22.92,8.12,none,True,6.227,0.004582575695377377,0.004999999999999893,1.5976666666666668,0.0037859388971559532,0.0030000000000001137,22.736666666666665,0.19035055380366628,0.4400000000000013,7.900000000000001,0.1928730152198892,0.20999999999999908,2.7883211678832125,0.2737
2025-12-03 13:40:00,TANK_02,6.23,1.608,23.08,7.71,none,True,6.226666666666667,0.004163331999395495,-0.0009999999999994458,1.602,0.005999999999971537,0.013000000000000123,22.846666666666664,0.27736858750290505,0.3299999999999983,7.863333333333334,0.22368132093079515,-0.11000000000000032,2.9551856594110113,0.299
2025-12-03 13:50:00,TANK_02,6.228,1.606,23.07,7.74,none,True,6.228666666666666,0.0011547005400698203,0.005999999999999339,1.6053333333333335,0.0030550504632471916,0.010000000000000009,23.023333333333337,0.08962886439841035,0.5300000000000011,7.8566666666666665,0.228546129552319,-0.019999999999999574,2.9426020408163267,0.3079
2025-12-03 14:00:00,TANK_02,6.231,1.605,23.2,7.89,none,True,6.229666666666667,0.0015275252329373348,0.0030000000000001137,1.6063333333333334,0.0015275252315380549,0.0029999999999998916,23.116666666666664,0.07234178138078179,0.2799999999999976,7.780000000000001,0.09643650760999727,-0.22999999999999954,2.9036295369211516,0.1359
2025-12-03 14:10:00,TANK_02,6.234,1.637,23.4,7.86,none,True,6.231000000000001,0.003000000000659967,0.0039999999999995595,1.6160000000000003,0.01819340539865041,0.028999999999999915,23.223333333333333,0.1662327685305752,0.3200000000000003,7.830000000000001,0.07937253933201706,0.15000000000000036,2.9396984924623113,0.2584
2025-12-03 14:20:00,TANK_02,6.244,1.637,23.31,7.81,none,True,6.2363333333333335,0.0068068592858546075,0.016000000000000014,1.6263333333333332,0.018475208614058117,0.030999999999999917,23.30333333333333,0.1001665280087951,0.23999999999999844,7.853333333333334,0.0404145188434271,0.0699999999999994,2.9469026548672566,0.2453
2025-12-03 14:30:00,TANK_02,6.259,1.649,23.15,7.7,none,True,6.245666666666668,0.012583057392290585,0.02800000000000047,1.641,0.006928203230248142,0.04400000000000004,23.286666666666665,0.12662279942150062,-0.05000000000000071,7.790000000000002,0.08185352771880502,-0.1899999999999995,2.9679487179487176,0.257
2025-12-03 14:40:00,TANK_02,6.256,1.658,23.34,7.81,none,True,6.253,0.007937253933479795,0.02200000000000024,1.648,0.010535653752834537,0.020999999999999908,23.266666666666666,0.10214368964032235,-0.05999999999999872,7.773333333333334,0.0635085296109641,-0.05000000000000071,2.9506953223767387,0.1472
2025-12-03 14:50:00,TANK_02,6.252,1.664,23.53,7.68,none,True,6.2556666666666665,0.0035118845849402987,0.008000000000000007,1.657,0.007549834435245118,0.026999999999999913,23.34,0.1900000000000067,0.22000000000000242,7.730000000000001,0.07000000000009944,-0.1299999999999999,3.0244215938303345,0.2713
2025-12-03 15:00:00,TANK_02,6.263,1.647,23.69,7.77,none,True,6.257000000000001,0.005567764363246969,0.0039999999999995595,1.6563333333333332,0.008621678104229294,-0.0020000000000000018,23.52,0.17521415467933527,0.5400000000000027,7.753333333333335,0.0665832811848963,0.0699999999999994,3.0101651842439647,0.2833
2025-12-03 15:10:00,TANK_02,6.249,1.662,23.71,7.78,none,True,6.254666666666666,0.00737111479614267,-0.007000000000000561,1.6576666666666666,0.00929157324315672,0.0040000000000000036,23.643333333333334,0.09865765724626079,0.370000000000001,7.743333333333335,0.055075705472986236,-0.02999999999999936,3.0088832487309647,0.1919
2025-12-03 15:20:00,TANK_02,6.257,1.676,23.85,7.81,none,True,6.256333333333333,0.007023769168897783,0.004999999999999893,1.6616666666666668,0.014502873278524604,0.01200000000000001,23.75,0.08717797887070902,0.3200000000000003,7.786666666666668,0.020816659994978417,0.1299999999999999,3.0151706700379273,0.2796
2025-12-03 15:30:00,TANK_02,6.255,1.668,23.67,7.78,none,True,6.253666666666667,0.004163331999479043,-0.008000000000000007,1.6686666666666667,0.007023769168540467,0.020999999999999908,23.743333333333336,0.09451631252495706,-0.019999999999999574,7.790000000000002,0.017320508076068473,0.010000000000000675,3.003807106598985,0.1831
2025-12-03 15:40:00,TANK_02,6.286,1.658,23.89,7.64,none,True,6.266000000000001,0.017349351573038498,0.03699999999999992,1.6673333333333333,0.009018499505623969,-0.0040000000000000036,23.80333333333333,0.1171893055415562,0.17999999999999972,7.743333333333335,0.09073771725885084,-0.14000000000000057,3.0865633074935404,0.387
2025-12-03 15:50:00,TANK_02,6.273,1.659,23.86,7.77,none,True,6.271333333333334,0.015567059238609422,0.016000000000000014,1.6616666666666664,0.005507570547250438,-0.016999999999999904,23.80666666666667,0.11930353445439862,0.00999999999999801,7.730000000000001,0.07810249675915626,-0.040000000000000036,3.031766200762389,0.2798
2025-12-03 16:00:00,TANK_02,6.281,1.671,23.64,7.95,none,True,6.28,0.006557438524704643,0.0259999999999998,1.6626666666666665,0.007234178138043103,0.0030000000000001137,23.796666666666667,0.13650396819621197,-0.030000000000001137,7.786666666666668,0.15567059238451791,0.16999999999999993,2.936645962732919,0.2643
2025-12-03 16:10:00,TANK_02,6.3,1.676,24.08,7.74,none,True,6.284666666666666,0.013868429375338134,0.014000000000000234,1.6686666666666667,0.008736894948031527,0.018000000000000016,23.86,0.21999999999994363,0.18999999999999773,7.820000000000001,0.11357816691606247,0.10000000000000053,3.071428571428571,0.4084
2025-12-03 16:20:00,TANK_02,6.294,1.678,23.83,7.87,none,True,6.291666666666667,0.009712534856510297,0.020999999999999908,1.675,0.0036055512754090235,0.018999999999999906,23.849999999999998,0.2206807649070843,-0.030000000000001137,7.853333333333334,0.10598742063728955,0.10000000000000053,2.989962358845671,0.3551
2025-12-03 16:30:00,TANK_02,6.299,1.669,24.03,7.7,none,True,6.297666666666667,0.003214550254559844,0.018000000000000682,1.6743333333333332,0.004725815626210705,-0.0020000000000000018,23.98,0.1322875655531118,0.39000000000000057,7.770000000000002,0.08888194417323353,-0.25,3.080769230769231,0.3582
2025-12-03 16:40:00,TANK_02,6.298,1.664,24.1,7.63,none,True,6.297,0.0026457513121492,-0.0019999999999997797,1.670333333333333,0.0070945988845698355,-0.01200000000000001,23.986666666666668,0.1401189970464467,0.020000000000003126,7.733333333333334,0.12342339054388289,-0.11000000000000032,3.1177231565329886,0.307
2025-12-03 16:50:00,TANK_02,6.284,1.66,24.13,7.65,none,True,6.293666666666667,0.00838649708394303,-0.009999999999999787,1.6643333333333332,0.00450924975277952,-0.018000000000000016,24.08666666666667,0.05131601439410365,0.3000000000000007,7.660000000000001,0.03605551275486034,-0.21999999999999975,3.113548387096774,0.3944
2025-12-03 17:00:00,TANK_02,6.293,1.656,24.31,7.81,none,True,6.291666666666667,0.0070945988849919666,-0.006000000000000227,1.6600000000000001,0.003999999999951306,-0.013000000000000123,24.180000000000003,0.11357816691581453,0.2799999999999976,7.696666666666668,0.09865765724640187,0.10999999999999943,3.0733249051833123,0.3377
2025-12-03 17:10:00,TANK_02,6.308,1.647,24.4,7.66,none,True,6.294999999999999,0.012124355653216843,0.009999999999999787,1.6543333333333334,0.006658328118450475,-0.016999999999999904,24.279999999999998,0.1374772708484952,0.29999999999999716,7.706666666666668,0.0896288643984087,0.03000000000000025,3.1443298969072164,0.385
2025-12-03 17:20:00,TANK_02,6.325,1.643,24.28,7.58,none,True,6.308666666666667,0.01601041327822083,0.04100000000000037,1.6486666666666665,0.0066583281184508765,-0.016999999999999904,24.33,0.062449979983562984,0.15000000000000213,7.6833333333333345,0.11676186592097956,-0.07000000000000028,3.1614583333333335,0.4855
2025-12-03 17:30:00,TANK_02,,1.652,24.49,7.6,none,True,6.3165000000000004,0.012020815280698047,0.0,1.6473333333333333,0.0045092497527809755,-0.0040000000000000036,24.389999999999997,0.1053565375282585,0.17999999999999972,7.613333333333334,0.04163331998952572,-0.20999999999999996,3.1805194805194805,0.3361
2025-12-03 17:40:00,TANK_02,6.345,1.673,24.21,7.98,none,True,6.335,0.014142135624216824,0.03699999999999992,1.656,0.015394804318328138,0.026000000000000023,24.326666666666668,0.14571661996244917,-0.18999999999999773,7.7200000000000015,0.22538855339172653,0.3200000000000003,2.996287128712871,0.6526
2025-12-03 17:50:00,TANK_02,6.348,1.677,24.57,7.82,none,True,6.3465,0.0021213203469646023,0.022999999999999687,1.6673333333333333,0.013428824718974332,0.03400000000000003,24.423333333333336,0.1890326250499483,0.28999999999999915,7.800000000000001,0.19078784028342516,0.2400000000000002,3.1022727272727275,0.6289
2025-12-03 18:00:00,TANK_02,6.335,1.67,24.39,7.65,none,True,6.342666666666666,0.006806859286076022,0.0,1.6733333333333331,0.0035118845842263156,0.018000000000000016,24.39,0.17999999999984312,-0.09999999999999787,7.816666666666669,0.1650252505931944,0.05000000000000071,3.1470967741935483,0.4595
2025-12-03 18:10:00,TANK_02,6.35,1.699,24.43,7.65,none,True,6.344333333333334,0.008144527815686267,0.004999999999999893,1.6819999999999997,0.015132745950407806,0.026000000000000023,24.463333333333335,0.09451631252472445,0.21999999999999886,7.706666666666668,0.09814954576231304,-0.33000000000000007,3.152258064516129,0.5439
2025-12-03 18:20:00,TANK_02,6.349,1.696,24.35,7.56,none,True,6.344666666666666,0.008386497084033214,0.001000000000000334,1.6883333333333335,0.015947831618527645,0.018999999999999906,24.39,0.03999999999929601,-0.21999999999999886,7.620000000000002,0.051961524227224956,-0.2600000000000007,3.178851174934726,0.5854
2025-12-03 18:30:00,TANK_02,6.345,1.672,24.7,7.6,none,True,6.347999999999999,0.002645751312436462,0.009999999999999787,1.689,0.01479864858693447,0.0020000000000000018,24.493333333333336,0.18339392937954463,0.3099999999999987,7.603333333333334,0.04509249752841449,-0.05000000000000071,3.207792207792208,0.5798
2025-12-03 18:40:00,TANK_02,6.344,1.676,24.47,7.83,none,True,6.346,0.002645751312425384,-0.005999999999999339,1.6813333333333331,0.012858201014641234,-0.02300000000000013,24.506666666666664,0.17785762095920565,0.03999999999999915,7.663333333333334,0.14571661996268356,0.17999999999999972,3.0857503152585117,0.5322
2025-12-03 18:50:00,TANK_02,6.343,1.677,24.86,7.29,none,True,6.344,0.001000000003571339,-0.006000000000000227,1.675,0.00264575131098862,-0.018999999999999906,24.676666666666666,0.19604421270024164,0.509999999999998,7.573333333333334,0.27098585448940044,-0.2699999999999996,3.3640054127198917,0.7682
2025-12-03 19:00:00,TANK_02,6.336,1.673,24.44,7.58,none,True,6.341,0.004358898944350574,-0.008999999999999453,1.6753333333333333,0.002081665999369348,0.001000000000000112,24.59,0.23430749027704914,-0.259999999999998,7.566666666666667,0.27024680078282265,-0.019999999999999574,3.182291666666667,0.6255
2025-12-03 19:10:00,TANK_02,6.137,1.676,24.48,7.63,none,True,6.271999999999999,0.1169658069694102,-0.20700000000000074,1.6753333333333333,0.002081665999369348,0.0,24.593333333333334,0.23180451534269647,0.010000000000001563,7.500000000000001,0.1835755975069079,-0.20000000000000018,3.1668822768434675,0.7814
2025-12-03 19:20:00,TANK_02,6.119,1.679,24.61,7.57,none,True,6.197333333333333,0.12042563403751198,-0.2240000000000002,1.6760000000000002,0.002999999999932748,0.0020000000000000018,24.51,0.08888194417278765,-0.25,7.593333333333335,0.03214550253690439,0.28000000000000025,3.208604954367666,0.7158
2025-12-03 19:30:00,TANK_02,6.134,1.678,24.69,7.42,none,True,6.13,0.009643650761081202,-0.20199999999999996,1.6776666666666669,0.0015275252315192385,0.004999999999999893,24.593333333333334,0.10598742063689709,0.25,7.540000000000002,0.10816653826400066,-0.16000000000000014,3.2832446808510642,0.592
2025-12-03 19:40:00,TANK_02,6.137,1.694,24.75,7.83,none,True,6.13,0.009643650761081202,0.0,1.6836666666666666,0.008962886439809447,0.018000000000000016,24.683333333333334,0.0702376916851389,0.2699999999999996,7.606666666666668,0.20744477176672846,0.20000000000000018,3.1210592686002525,0.4047
2025-12-03 19:50:00,TANK_02,6.164,1.692,24.62,7.64,none,True,6.145,0.01652271164192062,0.04499999999999993,1.688,0.008717797887057342,0.0129999999999999,24.686666666666667,0.06506407098588511,0.010000000000001563,7.630000000000002,0.20518284528687197,0.0699999999999994,3.180878552971577,0.4297
2025-12-03 20:00:00,TANK_02,6.177,1.697,24.88,7.6,none,True,6.159333333333333,0.020404247923796713,0.04299999999999926,1.6943333333333335,0.0025166114783389524,0.019000000000000128,24.75,0.1299999999996878,0.18999999999999773,7.690000000000001,0.12288205727450875,0.17999999999999972,3.2311688311688314,0.496
2025-12-03 20:10:00,TANK_02,6.176,1.681,24.42,7.77,none,True,6.1723333333333334,0.007234178138260531,0.03900000000000059,1.6900000000000002,0.0081853527718467,-0.0129999999999999,24.64,0.2306512518932544,-0.3299999999999983,7.670000000000001,0.08888194417324476,-0.0600000000000005,3.1029224904701405,0.3531
2025-12-03 20:20:00,TANK_02,6.167,1.669,24.74,7.58,none,True,6.173333333333333,0.005507570547538081,0.0030000000000001137,1.6823333333333335,0.014047538337122242,-0.02299999999999991,24.679999999999996,0.23579652245086813,0.11999999999999744,7.650000000000001,0.10440306508918244,-0.05999999999999961,3.2213541666666665,0.4404
2025-12-03 20:30:00,TANK_02,6.185,1.65,24.51,7.72,none,True,6.175999999999999,0.009000000000158345,0.008000000000000007,1.6666666666666667,0.015631165450245066,-0.04700000000000015,24.55666666666667,0.16502525059294526,-0.36999999999999744,7.690000000000001,0.0984885780180394,0.1200000000000001,3.134271099744246,0.4139
2025-12-03 20:40:00,TANK_02,6.19,1.658,24.59,7.59,none,True,6.180666666666666,0.012096831541206084,0.014000000000000234,1.659,0.00953939201414888,-0.02300000000000013,24.613333333333333,0.1167618659206024,0.16999999999999815,7.630000000000002,0.07810249675917139,-0.17999999999999972,3.197659297789337,0.3154
2025-12-03 20:50:00,TANK_02,6.178,1.674,24.69,7.69,none,True,6.184333333333334,0.00602771377359765,0.01100000000000012,1.6606666666666665,0.01222020185319938,0.004999999999999893,24.596666666666668,0.09018499505606432,-0.04999999999999716,7.666666666666668,0.0680685928556565,0.11000000000000032,3.1694480102695763,0.2441
2025-12-03 21:00:00,TANK_02,6.175,1.668,24.57,7.54,none,True,6.181,0.007937253933382687,-0.009999999999999787,1.6666666666666667,0.008082903768629898,0.018000000000000016,24.616666666666664,0.06429100507272373,0.05999999999999872,7.606666666666668,0.07637626158270765,-0.17999999999999972,3.2159685863874348,0.3116
2025-12-03 21:10:00,TANK_02,6.189,1.666,24.64,7.54,none,True,6.180666666666666,0.00737111479603473,-0.001000000000000334,1.6693333333333333,0.004163331998883609,0.008000000000000007,24.633333333333336,0.0602771377328065,0.05000000000000071,7.590000000000001,0.08660254037854288,-0.04999999999999982,3.2251308900523563,0.289
2025-12-03 21:20:00,TANK_02,6.198,1.663,24.52,7.53,none,True,6.187333333333334,0.011590225767279538,0.020000000000000462,1.6656666666666666,0.002516611478343562,-0.010999999999999899,24.576666666666668,0.06027713773283948,-0.1700000000000017,7.536666666666668,0.005773502693460215,-0.16000000000000014,3.2136304062909566,0.4335
2025-12-03 21:30:00,TANK_02,6.205,1.669,24.54,7.76,none,True,6.197333333333333,0.008020806277225866,0.03000000000000025,1.6659999999999997,0.0029999999999329135,0.001000000000000112,24.566666666666666,0.0642910050727501,-0.030000000000001137,7.610000000000002,0.13000000000006437,0.21999999999999975,3.122137404580153,0.3011
2025-12-03 21:40:00,TANK_02,6.194,1.661,24.43,7.76,none,True,6.199000000000001,0.005567764363144416,0.004999999999999893,1.6643333333333334,0.004163331998884082,-0.004999999999999893,24.496666666666666,0.05859465277027093,-0.21000000000000085,7.6833333333333345,0.13279056191367222,0.21999999999999975,3.108142493638677,0.2485
2025-12-03 21:50:00,TANK_02,6.181,1.645,24.45,7.75,none,True,6.1933333333333325,0.012013880860766053,-0.017000000000000348,1.6583333333333332,0.012220201853199386,-0.018000000000000016,24.473333333333333,0.05859465277028366,-0.07000000000000028,7.756666666666668,0.005773502693133014,0.21999999999999975,3.1146496815286624,0.3355
2025-12-03 22:00:00,TANK_02,6.176,1.652,24.41,7.49,none,True,6.183666666666667,0.009291573243343646,-0.028999999999999915,1.6526666666666667,0.008020806276986288,-0.017000000000000126,24.429999999999996,0.019999999998490902,-0.129999999999999,7.666666666666668,0.1530795000427851,-0.2699999999999996,3.216073781291173,0.4271
2025-12-03 22:10:00,TANK_02,6.182,1.656,24.23,7.62,none,True,6.179666666666667,0.0032145502541274986,-0.011999999999999567,1.6509999999999998,0.005567764362794982,-0.0050000000000001155,24.363333333333333,0.11718930554140654,-0.1999999999999993,7.620000000000001,0.13000000000006345,-0.13999999999999968,3.13860103626943,0.197
2025-12-03 22:20:00,TANK_02,6.168,1.663,24.33,7.55,none,True,6.175333333333334,0.007023769168772339,-0.0129999999999999,1.657,0.005567764362794623,0.018000000000000016,24.323333333333334,0.09018499505616087,-0.120000000000001,7.553333333333335,0.0650640709866125,-0.20000000000000018,3.180392156862745,0.271
2025-12-03 22:30:00,TANK_02,6.163,1.663,24.44,7.52,none,True,6.171,0.009848857801935527,-0.0129999999999999,1.6606666666666665,0.004041451884278188,0.01100000000000012,24.333333333333332,0.10503967504366685,0.030000000000001137,7.563333333333335,0.05131601439463922,0.02999999999999936,3.2073490813648298,0.2586
2025-12-03 22:40:00,TANK_02,6.174,1.652,24.35,7.54,none,True,6.168333333333333,0.0055075705475288745,-0.008000000000000007,1.6593333333333333,0.006350852961054667,-0.0040000000000000036,24.373333333333335,0.05859465277033702,0.120000000000001,7.536666666666668,0.015275252317105805,-0.08000000000000007,3.18717277486911,0.2726
2025-12-03 22:50:00,TANK_02,6.17,1.646,24.12,7.74,none,True,6.1690000000000005,0.005567764363071673,0.0019999999999997797,1.6536666666666664,0.008621678104228913,-0.017000000000000126,24.30333333333333,0.1650252505929952,-0.2099999999999973,7.600000000000001,0.12165525060603374,0.1900000000000004,3.0765306122448983,0.2109
2025-12-03 23:00:00,TANK_02,6.175,1.641,24.11,7.77,none,True,6.172999999999999,0.0026457513115926714,0.011999999999999567,1.6463333333333334,0.0055075705472506795,-0.02200000000000002,24.19333333333334,0.1357694123626095,-0.33000000000000185,7.6833333333333345,0.12503332889013458,0.25,3.063532401524778,0.2484
2025-12-03 23:10:00,TANK_02,6.18,1.641,24.22,7.84,none,True,6.175,0.005000000000284544,0.005999999999999339,1.6426666666666667,0.002886751345880844,-0.010999999999999899,24.149999999999995,0.06082762530263325,-0.13000000000000256,7.783333333333335,0.051316014394598465,0.2999999999999998,3.050377833753149,0.176
2025-12-03 23:20:00,TANK_02,6.17,1.636,24.04,7.78,none,True,6.175,0.005000000000284544,0.0,1.639333333333333,0.0028867513458810043,-0.010000000000000009,24.123333333333335,0.0907377172585515,-0.08000000000000185,7.796666666666667,0.03785938897217438,0.040000000000000036,3.050761421319797,0.068
2025-12-03 23:30:00,TANK_02,6.171,1.654,24.09,7.78,none,True,6.173666666666667,0.005507570547541091,-0.0039999999999995595,1.6436666666666664,0.00929157324315666,0.0129999999999999,24.116666666666664,0.09291573243156008,-0.019999999999999574,7.800000000000001,0.034641016151565146,0.010000000000000675,3.0571065989847717,0.0652
2025-12-03 23:40:00,TANK_02,6.172,1.669,23.97,7.88,none,True,6.170999999999999,0.0010000000013694833,-0.008000000000000007,1.6529999999999998,0.01652271164184656,0.028000000000000025,24.03333333333333,0.06027713773313274,-0.25,7.813333333333335,0.05773502691907289,0.040000000000000036,3.0037593984962405,0.2448
2025-12-03 23:50:00,TANK_02,6.176,1.67,23.9,7.75,none,True,6.172999999999999,0.002645751311593161,0.006000000000000227,1.6643333333333334,0.008962886439810537,0.03400000000000003,23.986666666666665,0.09609023536917018,-0.14000000000000057,7.803333333333335,0.06806859285563525,-0.03000000000000025,3.0445859872611463,0.1135
2025-12-04 00:00:00,TANK_02,6.171,1.681,23.85,7.87,none,True,6.173000000000001,0.002645751311593161,0.0,1.6733333333333331,0.006658328118449477,0.027000000000000135,23.906666666666666,0.06027713773320683,-0.23999999999999844,7.833333333333335,0.07234178138078808,0.08999999999999986,2.9924717691342537,0.1104
2025-12-04 00:10:00,TANK_02,6.17,1.668,23.82,7.61,none,True,6.1723333333333334,0.003214550254096345,-0.0019999999999997797,1.673,0.00699999999997162,-0.001000000000000112,23.856666666666666,0.040414518843005634,-0.14999999999999858,7.743333333333335,0.1301281419730081,-0.2699999999999996,3.0894941634241246,0.19
2025-12-04 00:20:00,TANK_02,6.155,1.665,23.59,7.78,none,True,6.165333333333334,0.008962886439976031,-0.020999999999999908,1.6713333333333333,0.008504900548092135,-0.004999999999999893,23.753333333333334,0.14224392195563015,-0.3099999999999987,7.753333333333335,0.13203534880230816,0.03000000000000025,2.9936548223350252,0.145
2025-12-04 00:30:00,TANK_02,6.16,1.653,23.48,7.7,none,True,6.161666666666666,0.007637626158421168,-0.01100000000000012,1.662,0.007937253933169483,-0.028000000000000025,23.63,0.17349351572896018,-0.370000000000001,7.696666666666668,0.0850490054812411,-0.16999999999999993,3.01025641025641,0.22
2025-12-04 00:40:00,TANK_02,6.157,1.663,23.68,7.95,none,True,6.157333333333334,0.002516611478889884,-0.0129999999999999,1.6603333333333332,0.006429100507298835,-0.004999999999999893,23.583333333333332,0.10016652800876917,-0.14000000000000057,7.810000000000001,0.12767145334808752,0.33999999999999986,2.9416149068322976,0.1097
2025-12-04 00:50:00,TANK_02,6.161,1.667,23.54,7.72,none,True,6.1593333333333335,0.0020816660000434087,0.005999999999999339,1.6609999999999998,0.007211102550901361,0.0020000000000000018,23.566666666666666,0.10263202878893446,-0.05000000000000071,7.790000000000002,0.13892443989454567,-0.0600000000000005,3.010230179028133,0.0421
2025-12-04 01:00:00,TANK_02,6.168,1.689,23.48,7.8,none,True,6.162,0.005567764363052942,0.008000000000000007,1.673,0.013999999999985729,0.03600000000000003,23.566666666666663,0.10263202878893446,0.0,7.823333333333334,0.11676186592096778,0.09999999999999964,2.9721518987341775,0.1176
2025-12-04 01:10:00,TANK_02,6.17,1.694,23.39,7.89,none,True,6.166333333333333,0.00472581562652879,0.0129999999999999,1.6833333333333333,0.014364307617595693,0.030999999999999917,23.47,0.07549834435274577,-0.28999999999999915,7.803333333333335,0.08504900548123027,-0.0600000000000005,2.9274092615769716,0.1306
2025-12-04 01:20:00,TANK_02,6.157,1.708,23.15,8.21,none,True,6.165,0.0070000000001834975,-0.0039999999999995595,1.697,0.00984885780177405,0.040999999999999925,23.34,0.17058722109236635,-0.39000000000000057,7.966666666666669,0.2154839514519446,0.4900000000000011,2.7858002406738867,0.3831
2025-12-04 01:30:00,TANK_02,6.157,1.714,23.28,7.77,none,True,6.161333333333334,0.007505553499628956,-0.01100000000000012,1.7053333333333331,0.010263202878872018,0.02499999999999991,23.27333333333333,0.12013880860635413,-0.1999999999999993,7.956666666666668,0.22744962812311684,-0.03000000000000025,2.958068614993647,0.1224
2025-12-04 01:40:00,TANK_02,6.152,1.713,22.94,7.98,none,True,6.155333333333334,0.00288675134634441,-0.017999999999999794,1.7116666666666667,0.0032145502535933525,0.019000000000000128,23.123333333333335,0.1715614564328639,-0.4499999999999993,7.986666666666668,0.22007574453661102,0.09000000000000075,2.839108910891089,0.2368
2025-12-04 01:50:00,TANK_02,6.154,1.714,23.0,8.01,none,True,6.154333333333334,0.0025166114788726926,-0.0030000000000001137,1.7136666666666667,0.0005773502687919885,0.006000000000000005,23.073333333333334,0.18147543451764966,-0.14999999999999858,7.920000000000002,0.13076696830626267,-0.20000000000000107,2.836004932182491,0.0778
2025-12-04 02:00:00,TANK_02,6.169,1.724,22.82,8.05,none,True,6.158333333333332,0.00929157324330473,0.011999999999999567,1.7169999999999999,0.006082762530260056,0.010000000000000009,22.92,0.09165151389938397,-0.46000000000000085,8.013333333333335,0.035118845842983,0.28000000000000114,2.8,0.1398
2025-12-04 02:10:00,TANK_02,6.151,1.707,22.94,7.75,none,True,6.158,0.009643650761115032,-0.001000000000000334,1.7149999999999999,0.00854400374529052,-0.006000000000000005,22.92,0.09165151389938397,0.0,7.936666666666667,0.16289055630497418,-0.23000000000000043,2.9222929936305735,0.0531
2025-12-04 02:20:00,TANK_02,6.152,1.707,22.92,7.78,none,True,6.157333333333334,0.010115993937111076,-0.0019999999999997797,1.7126666666666666,0.009814954576200307,-0.006999999999999895,22.893333333333334,0.06429100507368395,-0.0799999999999983,7.860000000000002,0.16522711641861781,-0.22999999999999954,2.908629441624366,0.07
2025-12-04 02:30:00,TANK_02,6.156,1.72,22.72,8.03,none,True,6.153,0.0026457513114839333,-0.0129999999999999,1.7113333333333334,0.0075055534994348,-0.0040000000000000036,22.86,0.12165525060618536,-0.10000000000000142,7.853333333333334,0.15373136743470606,-0.02000000000000135,2.794587945879459,0.0158
2025-12-04 02:40:00,TANK_02,6.143,1.719,22.93,7.97,none,True,6.150333333333333,0.006658328118640225,-0.008000000000000007,1.7153333333333334,0.0072341781380384235,0.01200000000000001,22.856666666666666,0.11846237095967314,-0.010000000000001563,7.926666666666667,0.13051181300305262,0.21999999999999975,2.841387856257745,0.0
2025-12-04 02:50:00,TANK_02,6.159,1.724,22.59,7.96,none,True,6.152666666666666,0.008504900548245157,0.006999999999999673,1.721,0.002645751310976193,0.016999999999999904,22.746666666666666,0.1715614564329498,-0.33000000000000185,7.986666666666667,0.03785938897213173,0.17999999999999972,2.80272952853598,0.1005
2025-12-04 03:00:00,TANK_02,6.152,1.702,22.54,7.94,none,True,6.1513333333333335,0.008020806277145924,-0.0039999999999995595,1.7149999999999999,0.01153256259465093,-0.018000000000000016,22.686666666666667,0.2122105872321162,-0.17999999999999972,7.956666666666668,0.015275252316852431,-0.08999999999999897,2.8034825870646762,0.1372
2025-12-04 03:10:00,TANK_02,6.15,1.704,22.61,8.03,none,True,6.153666666666666,0.004725815626488924,0.007000000000000561,1.71,0.012165525060577897,-0.015000000000000124,22.58,0.03605551275567599,-0.3200000000000003,7.9766666666666675,0.04725815626263052,0.05999999999999961,2.781057810578106,0.0821
2025-12-04 03:20:00,TANK_02,6.138,1.71,22.18,7.86,none,True,6.146666666666667,0.007571877794534609,-0.020999999999999908,1.7053333333333331,0.004163331998878831,-0.014000000000000012,22.44333333333333,0.2307234997424815,-0.41000000000000014,7.943333333333334,0.08504900548121426,-0.09999999999999964,2.78643216080402,0.1655
2025-12-04 03:30:00,TANK_02,6.126,1.72,22.25,8.01,none,True,6.138000000000001,0.012000000000073698,-0.0259999999999998,1.7113333333333334,0.008082903768626666,0.018000000000000016,22.346666666666668,0.23072349974249806,-0.28999999999999915,7.966666666666668,0.09291573243182928,0.0699999999999994,2.743526510480888,0.1079
2025-12-04 03:40:00,TANK_02,6.131,1.73,22.44,7.92,none,True,6.131666666666667,0.006027713773472563,-0.019000000000000128,1.72,0.009999999999976649,0.026000000000000023,22.290000000000003,0.13453624047110055,-0.16999999999999815,7.930000000000002,0.07549834435277733,-0.10999999999999943,2.7980049875311725,0.0221
2025-12-04 03:50:00,TANK_02,6.137,1.722,22.14,8.07,none,True,6.131333333333333,0.005507570547428394,-0.001000000000000334,1.7240000000000002,0.005291502622084578,0.01200000000000001,22.276666666666667,0.15176736583808867,-0.03999999999999915,8.000000000000002,0.07549834435277084,0.20999999999999996,2.7099143206854346,0.0
2025-12-04 04:00:00,TANK_02,6.137,1.713,22.07,8.25,none,True,6.134999999999999,0.003464101615380571,0.010999999999999233,1.7216666666666667,0.008504900548087762,-0.006999999999999895,22.21666666666667,0.19655363983767143,-0.17999999999999972,8.08,0.16522711641860807,0.2400000000000002,2.64311377245509,0.1086
2025-12-04 04:10:00,TANK_02,6.143,1.728,22.22,8.12,none,True,6.138999999999999,0.0034641016153996724,0.011999999999999567,1.721,0.007549834435239672,-0.0020000000000000018,22.143333333333334,0.07505553499537847,-0.22000000000000242,8.146666666666667,0.09291573243181472,0.1999999999999993,2.7031630170316303,0.0074
2025-12-04 04:20:00,TANK_02,6.13,1.719,22.02,8.19,none,True,6.136666666666667,0.006506407098780948,-0.006999999999999673,1.72,0.007549834435239778,-0.0029999999999998916,22.103333333333335,0.10408329997384637,-0.120000000000001,8.186666666666667,0.06506407098652835,0.11999999999999922,2.6562123039806997,0.0
2025-12-04 04:30:00,TANK_02,6.141,1.724,22.1,8.08,none,True,6.137999999999999,0.007000000000127147,0.004000000000000448,1.7236666666666667,0.0045092497527703486,0.010999999999999899,22.113333333333333,0.10066445913749741,0.030000000000001137,8.13,0.055677643628366635,-0.16999999999999993,2.701711491442543,0.0
2025-12-04 04:40:00,TANK_02,6.155,1.722,21.75,7.96,none,True,6.142,0.0125299640862183,0.012000000000000455,1.7216666666666667,0.0025166114783303087,-0.006000000000000005,21.956666666666667,0.183393929380061,-0.46999999999999886,8.076666666666668,0.11503622617828475,-0.15999999999999925,2.6985111662531014,0.152
2025-12-04 04:50:00,TANK_02,6.142,1.717,21.77,8.16,none,True,6.146000000000001,0.00781024967603794,0.012000000000000455,1.721,0.0036055512753990823,-0.0020000000000000018,21.873333333333335,0.19655363983774554,-0.25,8.066666666666668,0.10066445913698488,-0.02999999999999936,2.635593220338983,0.0135
2025-12-04 05:00:00,TANK_02,6.125,1.713,21.7,7.97,none,True,6.140666666666667,0.015044378795258427,-0.016000000000000014,1.7173333333333334,0.004509249752771865,-0.010999999999999899,21.74,0.03605551275664216,-0.40000000000000213,8.030000000000001,0.11269427669588603,-0.11000000000000032,2.688971499380421,0.1764
2025-12-04 05:10:00,TANK_02,6.116,1.712,21.66,8.28,none,True,6.127666666666666,0.013203534880282053,-0.03900000000000059,1.7140000000000002,0.002645751310979125,-0.010000000000000009,21.709999999999997,0.05567764362962095,-0.08999999999999986,8.136666666666668,0.15631165450260195,0.3199999999999994,2.5847255369928406,0.1928
2025-12-04 05:20:00,TANK_02,6.129,1.716,21.84,8.03,none,True,6.123333333333334,0.0066583281185808,-0.013000000000000789,1.7136666666666667,0.0020816659993575996,-0.001000000000000112,21.733333333333334,0.09451631252581956,0.07000000000000028,8.093333333333334,0.16441816606853796,-0.13000000000000078,2.686346863468635,0.036
2025-12-04 05:30:00,TANK_02,6.129,1.726,21.65,8.27,none,True,6.124666666666666,0.007505553499557681,0.0039999999999995595,1.718,0.007211102550895858,0.0129999999999999,21.716666666666665,0.10692676621632116,-0.05000000000000071,8.193333333333335,0.1415391583037713,0.2999999999999998,2.5866188769414578,0.043
2025-12-04 05:40:00,TANK_02,6.138,1.708,21.66,8.04,none,True,6.132000000000001,0.005196152422860958,0.02200000000000024,1.7166666666666668,0.009018499505620366,-0.0040000000000000036,21.71666666666667,0.10692676621632116,0.0,8.113333333333335,0.1357694123628038,-0.2400000000000002,2.660933660933661,0.0167
2025-12-04 05:50:00,TANK_02,6.131,1.713,21.81,8.35,none,True,6.132666666666666,0.004725815626424266,0.002000000000000668,1.7156666666666667,0.009291573243153025,-0.0029999999999998916,21.706666666666663,0.08962886439914645,-0.030000000000001137,8.22,0.16093476939433146,0.3200000000000003,2.5810650887573967,0.1226
2025-12-04 06:00:00,TANK_02,6.128,1.71,21.37,8.05,none,True,6.132333333333334,0.005131601439603981,-0.0009999999999994458,1.7103333333333335,0.002516611478335999,-0.016000000000000014,21.613333333333333,0.22368132093111223,-0.2799999999999976,8.146666666666667,0.17616280348967128,-0.21999999999999886,2.622085889570552,0.1726
2025-12-04 06:10:00,TANK_02,6.125,1.718,21.44,8.27,none,True,6.128,0.003000000000249816,-0.0129999999999999,1.7136666666666667,0.0040414518842714865,0.010000000000000009,21.540000000000003,0.23643180835107513,-0.21999999999999886,8.223333333333334,0.15534906930310036,0.23000000000000043,2.561529271206691,0.176
2025-12-04 06:20:00,TANK_02,6.129,1.729,21.36,8.1,none,True,6.127333333333333,0.0020816659998214786,-0.002000000000000668,1.719,0.009539392014144854,0.016000000000000014,21.39,0.04358898943738862,-0.4499999999999993,8.14,0.11532562594673999,-0.25,2.604878048780488,0.1396
2025-12-04 06:30:00,TANK_02,6.121,1.739,21.46,7.94,none,True,6.125,0.004000000000176816,-0.006999999999999673,1.7286666666666666,0.010503967504368515,0.029000000000000137,21.42,0.052915026222901715,0.08999999999999986,8.103333333333333,0.16502525059317774,-0.11000000000000032,2.6691542288557213,0.1049
2025-12-04 06:40:00,TANK_02,6.118,1.742,21.5,8.05,none,True,6.1226666666666665,0.0056862407031960166,-0.006999999999999673,1.7366666666666666,0.006806859285514892,0.02400000000000002,21.44,0.07211102551045008,0.05999999999999872,8.030000000000001,0.08185352771877807,-0.21999999999999886,2.638036809815951,0.0321
2025-12-04 06:50:00,TANK_02,6.125,1.744,21.41,8.06,none,True,6.121333333333333,0.0035118845844716536,-0.0039999999999995595,1.7416666666666665,0.0025166114783143328,0.014999999999999902,21.456666666666667,0.045092497530084805,0.05000000000000071,8.016666666666667,0.06658328118486173,-0.03999999999999915,2.6237745098039214,0.0165
2025-12-04 07:00:00,TANK_02,6.12,1.743,21.4,8.32,none,True,6.1209999999999996,0.0036055512756453583,-0.001000000000000334,1.743,0.0009999999997229814,0.0040000000000000036,21.436666666666667,0.055075705474394804,-0.060000000000002274,8.143333333333334,0.15307950004275794,0.3799999999999999,2.5415676959619953,0.1784
2025-12-04 07:10:00,TANK_02,6.124,1.751,21.28,8.18,none,True,6.123,0.0026457513113215723,0.005999999999999339,1.7460000000000002,0.004358898943475832,0.008999999999999897,21.363333333333333,0.07234178138190696,-0.21999999999999886,8.186666666666667,0.13012814197298073,0.129999999999999,2.5700483091787443,0.0319
2025-12-04 07:20:00,TANK_02,6.124,1.759,21.26,8.08,none,True,6.122666666666667,0.002309401077050845,-0.001000000000000334,1.7510000000000001,0.007999999999963607,0.014999999999999902,21.313333333333333,0.07571877794517969,-0.14999999999999858,8.193333333333333,0.12055427546686302,0.019999999999999574,2.5990220048899757,0.0299
2025-12-04 07:30:00,TANK_02,6.125,1.755,21.28,8.25,none,True,6.1243333333333325,0.0005773502703940467,0.004999999999999893,1.755,0.003999999999925871,0.011999999999999789,21.273333333333337,0.011547005391656215,-0.11999999999999744,8.17,0.08544003745321797,-0.07000000000000028,2.5485029940119763,0.1207
2025-12-04 07:40:00,TANK_02,6.113,1.746,21.22,8.33,none,True,6.120666666666668,0.006658328118577499,-0.010999999999999233,1.7533333333333332,0.006658328118435175,-0.004999999999999893,21.253333333333334,0.030550504636039744,-0.060000000000002274,8.22,0.1276714533480623,0.15000000000000036,2.5172004744958483,0.091
2025-12-04 07:50:00,TANK_02,6.11,1.745,21.28,8.34,none,True,6.116,0.007937253933269581,-0.013999999999999346,1.7486666666666666,0.0055075705472339325,-0.01399999999999979,21.26,0.03464101615401573,0.019999999999999574,8.306666666666667,0.04932882862321114,0.2599999999999998,2.5213270142180098,0.1724
2025-12-04 08:00:00,TANK_02,6.107,1.764,21.32,8.13,none,True,6.11,0.0030000000001780217,-0.017999999999999794,1.7516666666666667,0.010692676621536312,0.009000000000000119,21.27333333333333,0.05033222957027617,0.03999999999999915,8.266666666666667,0.11846237095946954,-0.11999999999999922,2.5905224787363306,0.0931
2025-12-04 08:10:00,TANK_02,6.106,1.762,21.18,8.07,none,True,6.107666666666667,0.0020816659997095316,-0.007000000000000561,1.7570000000000003,0.010440306508881681,0.016000000000000014,21.26,0.07211102551054754,-0.03999999999999915,8.180000000000001,0.14177446878760544,-0.2599999999999998,2.5924112607099143,0.0971
2025-12-04 08:20:00,TANK_02,6.1,1.759,21.5,8.29,none,True,6.104333333333333,0.003785938897323468,-0.010000000000000675,1.7616666666666667,0.002516611478300916,0.01399999999999979,21.333333333333332,0.1604161255407637,0.21999999999999886,8.163333333333334,0.11372481406158214,-0.05000000000000071,2.5625744934445773,0.0729
2025-12-04 08:30:00,TANK_02,6.103,1.764,21.23,8.29,none,True,6.103000000000001,0.003000000000149859,-0.004000000000000448,1.7616666666666667,0.002516611478300916,0.0,21.303333333333335,0.17214335111619142,-0.08999999999999986,8.216666666666667,0.12701705922174486,0.15999999999999837,2.5303933253873665,0.08
2025-12-04 08:40:00,TANK_02,6.114,1.767,21.18,8.24,none,True,6.105666666666667,0.007371114795897595,0.008000000000000007,1.7633333333333334,0.004041451884250311,0.004999999999999893,21.303333333333335,0.17214335111619142,0.0,8.273333333333333,0.028867513459581405,0.16999999999999993,2.539568345323741,0.0951
2025-12-04 08:50:00,TANK_02,6.122,1.748,21.25,8.17,none,True,6.1129999999999995,0.009539392014229856,0.02200000000000024,1.7596666666666667,0.01021436896399982,-0.010999999999999899,21.22,0.03605551275721473,-0.25,8.233333333333334,0.06027713773347287,-0.11999999999999922,2.569528415961306,0.1416
2025-12-04 09:00:00,TANK_02,6.126,1.737,21.12,8.27,none,True,6.120666666666666,0.006110100926717408,0.023000000000000576,1.7506666666666666,0.01517673658375706,-0.026999999999999913,21.183333333333334,0.06506407098792504,-0.10999999999999943,8.226666666666667,0.0513160143945361,-0.019999999999999574,2.523297491039427,0.202
2025-12-04 09:10:00,TANK_02,6.136,1.758,21.34,8.18,none,True,6.128,0.007211102551032956,0.02200000000000024,1.7476666666666667,0.01050396750436529,-0.008999999999999897,21.236666666666668,0.11060440015441343,0.16000000000000014,8.206666666666665,0.05507570547292858,-0.0600000000000005,2.5772946859903385,0.0664
2025-12-04 09:20:00,TANK_02,6.159,1.757,21.37,8.42,none,True,6.140333333333333,0.01692138686204942,0.03699999999999992,1.7506666666666666,0.011846237095920096,0.008999999999999897,21.276666666666667,0.1365039681969525,0.120000000000001,8.290000000000001,0.1212435565298423,0.25,2.508215962441315,0.3253
2025-12-04 09:30:00,TANK_02,6.151,1.735,21.45,8.06,none,True,6.148666666666666,0.011676186592177205,0.024999999999999467,1.75,0.012999999999977781,-0.0020000000000000018,21.386666666666667,0.05686240703229366,0.3299999999999983,8.22,0.18330302779825267,-0.20999999999999908,2.628676470588235,0.2242
2025-12-04 09:40:00,TANK_02,6.16,1.734,21.42,8.07,none,True,6.156666666666666,0.0049328828625380405,0.02400000000000002,1.742,0.012999999999978602,-0.02400000000000002,21.413333333333338,0.04041451884538772,0.08000000000000185,8.183333333333335,0.20502032419577648,-0.10999999999999943,2.6217870257037945,0.21
2025-12-04 09:50:00,TANK_02,6.147,1.734,21.35,8.06,none,True,6.152666666666668,0.006658328118637182,-0.011999999999999567,1.7343333333333335,0.0005773502687281751,-0.02299999999999991,21.406666666666666,0.051316014396137734,-0.019999999999999574,8.063333333333334,0.005773502692871898,-0.35999999999999943,2.6164215686274512,0.2554
2025-12-04 10:00:00,TANK_02,6.145,1.732,21.56,8.25,none,True,6.150666666666667,0.008144527815373708,-0.006000000000000227,1.7333333333333334,0.001154700538149809,-0.0030000000000001137,21.44333333333333,0.10692676621642441,0.10999999999999943,8.126666666666667,0.10692676621567952,0.1899999999999995,2.5820359281437124,0.046
2025-12-04 10:10:00,TANK_02,6.141,1.729,21.37,8.06,none,True,6.144333333333333,0.0030550504636204724,-0.019000000000000128,1.7316666666666667,0.002516611478319177,-0.004999999999999893,21.426666666666666,0.11590225767215685,-0.05000000000000071,8.123333333333335,0.10969655114607135,-0.009999999999999787,2.618872549019608,0.0334
2025-12-04 10:20:00,TANK_02,6.145,1.73,21.56,8.22,none,True,6.1436666666666655,0.0023094010771740913,-0.002000000000000668,1.7303333333333333,0.0015275252314812062,-0.0040000000000000036,21.496666666666666,0.10969655114677972,0.2099999999999973,8.176666666666668,0.10214368964033504,0.16000000000000014,2.5913461538461537,0.0491
2025-12-04 10:30:00,TANK_02,,1.73,21.66,8.01,none,True,6.142999999999999,0.002828427125420446,0.0,1.7296666666666667,0.000577350268739729,-0.0020000000000000018,21.53,0.1473091986271128,0.10000000000000142,8.096666666666666,0.1096965511460751,-0.2400000000000002,2.6707768187422936,0.0399
2025-12-04 10:40:00,TANK_02,6.177,1.737,21.39,8.15,none,True,6.161,0.022627416998069406,0.03599999999999959,1.7323333333333333,0.004041451884261986,0.008000000000000007,21.536666666666665,0.13650396819688138,0.019999999999999574,8.126666666666667,0.1069267662156798,0.08999999999999986,2.5927272727272728,0.1586
2025-12-04 10:50:00,TANK_02,6.165,1.735,21.49,8.2,none,True,6.170999999999999,0.00848528137452791,0.020000000000000462,1.734,0.0036055512753897807,0.0050000000000001155,21.513333333333332,0.13650396819688865,-0.07000000000000028,8.120000000000001,0.09848857801800878,-0.02000000000000135,2.5891566265060244,0.0087
2025-12-04 11:00:00,TANK_02,6.162,1.734,21.68,8.09,none,True,6.167999999999999,0.00793725393334495,0.0,1.7353333333333332,0.0015275252314750588,0.0040000000000000036,21.52,0.14730919862711597,0.019999999999999574,8.146666666666667,0.055075705472940065,0.08000000000000007,2.647130647130647,0.0111
2025-12-04 11:10:00,TANK_02,6.149,1.754,21.59,8.11,none,True,6.158666666666666,0.008504900548246899,-0.02799999999999958,1.7409999999999999,0.011269427669559729,0.016999999999999904,21.586666666666662,0.09504384953005027,0.1999999999999993,8.133333333333333,0.05859465277089988,-0.040000000000000924,2.6297198538367845,0.0966
2025-12-04 11:20:00,TANK_02,6.164,1.74,21.75,8.13,none,True,6.158333333333334,0.008144527815384007,-0.001000000000000334,1.7426666666666666,0.01026320287886616,0.004999999999999893,21.673333333333336,0.08020806277104288,0.26000000000000156,8.110000000000001,0.02000000000023862,-0.06999999999999851,2.64277035236938,0.0882
2025-12-04 11:30:00,TANK_02,6.165,1.746,21.94,8.16,none,True,6.1593333333333335,0.008962886439957943,0.0030000000000001137,1.7466666666666668,0.007023769168527068,0.01200000000000001,21.76,0.17521415467976195,0.26000000000000156,8.133333333333333,0.025166114784416327,0.07000000000000028,2.6561743341404362,0.0817
2025-12-04 11:40:00,TANK_02,6.161,1.74,22.12,8.03,none,True,6.163333333333333,0.002081666000023661,0.011999999999999567,1.742,0.0034641016150563126,-0.014000000000000012,21.936666666666667,0.18502252115205425,0.5300000000000011,8.106666666666667,0.0680685928556112,-0.08000000000000007,2.720787207872079,0.1959
2025-12-04 11:50:00,TANK_02,6.165,1.761,22.19,8.04,none,True,6.163666666666667,0.0023094010772624464,0.001000000000000334,1.7489999999999999,0.010816653826364441,0.020999999999999908,22.083333333333332,0.12897028081480463,0.4400000000000013,8.076666666666666,0.072341781380773,-0.09000000000000163,2.726044226044227,0.1107
2025-12-04 12:00:00,TANK_02,6.159,1.759,21.8,8.22,none,True,6.161666666666666,0.0030550504636792193,-0.006000000000000227,1.7533333333333332,0.011590225767115948,0.0129999999999999,22.036666666666672,0.20792626898363215,-0.14000000000000057,8.096666666666666,0.10692676621568192,0.0600000000000005,2.6201923076923075,0.0908
2025-12-04 12:10:00,TANK_02,6.166,1.747,21.94,8.05,none,True,6.163333333333334,0.0037859388975067954,0.005000000000000782,1.7556666666666665,0.007571877794359027,0.007000000000000117,21.97666666666667,0.19756855350348448,-0.17999999999999972,8.103333333333333,0.10115993937000393,0.02000000000000135,2.6920245398773006,0.0193
2025-12-04 12:20:00,TANK_02,6.168,1.756,22.03,8.07,none,True,6.164333333333334,0.004725815626499974,0.0030000000000001137,1.7539999999999998,0.006244997998348894,-0.004999999999999893,21.923333333333336,0.11590225767198922,-0.16000000000000014,8.113333333333335,0.09291573243182505,0.030000000000001137,2.696450428396573,0.0
2025-12-04 12:30:00,TANK_02,6.172,1.768,22.05,8.05,none,True,6.168666666666667,0.003055050463696869,0.0129999999999999,1.7570000000000003,0.010535653752822813,0.009000000000000119,22.00666666666667,0.058594652771876185,0.25,8.056666666666667,0.011547005384250023,-0.16999999999999993,2.705521472392638,0.1375
2025-12-04 12:40:00,TANK_02,6.182,1.747,22.27,8.05,none,True,6.1739999999999995,0.007211102551100588,0.016000000000000014,1.757,0.010535653752822813,0.0,22.11666666666667,0.13316656237001603,0.3299999999999983,8.056666666666667,0.011547005384250023,0.0,2.7325153374233127,0.1089
2025-12-04 12:50:00,TANK_02,6.171,1.743,22.36,8.03,none,True,6.175000000000001,0.006082762530504143,0.0030000000000001137,1.7526666666666666,0.013428824718966292,-0.0129999999999999,22.22666666666667,0.15947831618573724,0.3299999999999983,8.043333333333335,0.011547005384265407,-0.040000000000000924,2.750307503075031,0.1313
2025-12-04 13:00:00,TANK_02,6.157,1.742,22.38,7.9,none,True,6.170000000000001,0.012529964086238967,-0.01499999999999968,1.744,0.002645751310956122,-0.026000000000000023,22.336666666666662,0.05859465277163943,0.3299999999999983,7.993333333333335,0.08144527815254564,-0.15000000000000036,2.7975,0.1707
2025-12-04 13:10:00,TANK_02,6.146,1.761,22.48,8.08,none,True,6.158,0.012529964086231844,-0.036000000000000476,1.7486666666666668,0.0106926766215357,0.01399999999999979,22.406666666666666,0.06429100507398575,0.21000000000000085,8.003333333333334,0.09291573243184005,0.02999999999999936,2.748166259168704,0.137
2025-12-04 13:20:00,TANK_02,6.152,1.781,22.39,7.85,none,True,6.151666666666667,0.005507570547482224,-0.019000000000000128,1.7613333333333332,0.019502136635063318,0.03799999999999981,22.416666666666668,0.055075705473669564,0.030000000000001137,7.943333333333334,0.1209683154108826,-0.17999999999999972,2.816352201257862,0.2315
2025-12-04 13:30:00,TANK_02,6.155,1.785,22.41,7.73,none,True,6.151000000000001,0.004582575695190611,-0.0019999999999997797,1.7756666666666667,0.012858201014629414,0.04299999999999993,22.426666666666666,0.04725815626345862,0.030000000000001137,7.886666666666668,0.1778576209594295,-0.16999999999999993,2.8620689655172415,0.2522
2025-12-04 13:40:00,TANK_02,6.161,1.785,22.7,7.8,none,True,6.156,0.0045825756951978795,0.01499999999999968,1.7836666666666663,0.002309401076595635,0.02400000000000002,22.5,0.1734935157292077,0.21999999999999886,7.793333333333334,0.06027713773355767,-0.28000000000000025,2.8734177215189876,0.1945
2025-12-04 13:50:00,TANK_02,6.175,1.797,22.81,7.98,none,True,6.163666666666667,0.010263202879007425,0.022999999999999687,1.789,0.006928203230219484,0.016000000000000014,22.639999999999997,0.2066397831978802,0.41999999999999815,7.836666666666667,0.12897028081441644,0.13000000000000078,2.8230198019801978,0.2041
2025-12-04 14:00:00,TANK_02,6.184,1.794,22.64,7.76,none,True,6.173333333333333,0.011590225767249726,0.028999999999999915,1.7919999999999998,0.006244997998335185,0.009000000000000119,22.71666666666667,0.08621678104286225,0.23000000000000043,7.846666666666668,0.11718930554171433,0.02999999999999936,2.880407124681934,0.1305
2025-12-04 14:10:00,TANK_02,6.19,1.801,23.02,7.88,none,True,6.183,0.007549834435444351,0.029000000000000803,1.7973333333333332,0.0035118845841685133,0.016000000000000014,22.823333333333334,0.19035055380371768,0.3200000000000003,7.873333333333334,0.11015141094579178,0.08000000000000007,2.8847117794486214,0.1496
2025-12-04 14:20:00,TANK_02,6.176,1.812,22.83,8.01,none,True,6.183333333333334,0.0070237691687553535,0.001000000000000334,1.8023333333333333,0.009073771725831575,0.015000000000000124,22.83,0.19000000000012635,0.019999999999999574,7.883333333333333,0.12503332889013402,0.02999999999999936,2.815043156596794,0.1011
2025-12-04 14:30:00,TANK_02,6.177,1.799,22.93,8.08,none,True,6.181,0.007810249676072885,-0.007000000000000561,1.804,0.006999999999940106,0.004999999999999893,22.926666666666666,0.09504384952942802,0.28999999999999915,7.990000000000001,0.10148891565098597,0.3200000000000003,2.8031784841075793,0.1284
2025-12-04 14:40:00,TANK_02,6.18,1.799,23.22,7.89,none,True,6.177666666666666,0.002081666000078059,-0.010000000000000675,1.8033333333333335,0.007505553499409484,-0.0020000000000000018,22.993333333333336,0.20256686138992774,0.1999999999999993,7.993333333333335,0.09609023536939754,0.009999999999999787,2.9061326658322906,0.1382
2025-12-04 14:50:00,TANK_02,6.188,1.791,23.28,7.81,none,True,6.1816666666666675,0.0056862407033051125,0.011999999999999567,1.7963333333333331,0.004618802153429796,-0.02100000000000013,23.143333333333334,0.18717193521827039,0.45000000000000284,7.926666666666667,0.1386842937514826,-0.20000000000000018,2.9431099873577753,0.2623
2025-12-04 15:00:00,TANK_02,6.177,1.791,23.2,7.9,none,True,6.1816666666666675,0.0056862407033051125,0.0,1.7936666666666667,0.004618802153431062,-0.008000000000000007,23.23333333333333,0.04163331998945721,0.2699999999999996,7.866666666666667,0.04932882862331764,-0.17999999999999972,2.9,0.1222
2025-12-04 15:10:00,TANK_02,6.168,1.802,23.1,7.86,none,True,6.177666666666667,0.010016652801005048,-0.011999999999999567,1.7946666666666664,0.006350852961023064,0.0030000000000001137,23.19333333333333,0.09018499505653897,-0.11999999999999744,7.8566666666666665,0.04509249752840104,-0.02999999999999936,2.9020100502512567,0.0442
2025-12-04 15:20:00,TANK_02,6.152,1.804,23.18,7.97,none,True,6.165666666666667,0.01266227994224508,-0.03599999999999959,1.7990000000000002,0.006999999999941623,0.013000000000000123,23.159999999999997,0.052915026221457405,-0.10000000000000142,7.910000000000001,0.05567764362842907,0.16000000000000014,2.872366790582404,0.1384
2025-12-04 15:30:00,TANK_02,6.14,1.807,23.44,7.87,none,True,6.153333333333333,0.014047538337221268,-0.03699999999999992,1.8043333333333333,0.002516611478256428,0.016000000000000014,23.24,0.1777638883463419,0.240000000000002,7.900000000000001,0.060827625303101956,-0.03000000000000025,2.941028858218319,0.2371
2025-12-04 15:40:00,TANK_02,6.133,1.797,23.41,7.94,none,True,6.141666666666667,0.009609023537050912,-0.03500000000000014,1.8026666666666669,0.005131601439365622,-0.0050000000000001155,23.343333333333334,0.1422439219556851,0.3099999999999987,7.926666666666667,0.05131601439460538,0.08000000000000007,2.911691542288557,0.1244
2025-12-04 15:50:00,TANK_02,6.119,1.805,23.63,7.72,none,True,6.1306666666666665,0.01069267662166556,-0.03300000000000036,1.803,0.005291502622050239,0.0009999999999998899,23.493333333333336,0.11930353445444093,0.4499999999999993,7.843333333333334,0.11239810200065317,-0.25,3.0217391304347827,0.2233
2025-12-04 16:00:00,TANK_02,6.135,1.793,23.52,7.8,none,True,6.1290000000000004,0.008717797887205761,-0.004999999999999893,1.7983333333333331,0.006110100926540973,-0.014000000000000012,23.52,0.10999999999993909,0.0799999999999983,7.82,0.11135528725667412,-0.07000000000000028,2.977215189873418,0.0439
2025-12-04 16:10:00,TANK_02,6.125,1.802,23.67,7.8,none,True,6.126333333333332,0.008082903768787427,-0.008000000000000007,1.8,0.0062449979983324674,0.0050000000000001155,23.606666666666666,0.07767453465141229,0.26000000000000156,7.773333333333333,0.04618802153535795,-0.14000000000000057,2.99620253164557,0.0783
2025-12-04 16:20:00,TANK_02,6.12,1.795,23.6,7.89,none,True,6.126666666666666,0.007637626158399973,0.001000000000000334,1.7966666666666666,0.004725815626166998,-0.010000000000000009,23.596666666666668,0.07505553499452458,-0.029999999999997584,7.830000000000001,0.051961524227220855,0.16999999999999993,2.95369211514393,0.0393
2025-12-04 16:30:00,TANK_02,6.115,1.778,23.91,7.8,none,True,6.12,0.005000000000207737,-0.019999999999999574,1.7916666666666667,0.012342339054350443,-0.014999999999999902,23.72666666666667,0.16258331197666925,0.39000000000000057,7.830000000000001,0.051961524227220855,0.0,3.026582278481013,0.208
2025-12-04 16:40:00,TANK_02,6.129,1.793,23.5,7.75,none,True,6.121333333333333,0.007094598884744768,0.0039999999999995595,1.7886666666666666,0.00929157324313573,-0.009000000000000119,23.67,0.21377558326425938,-0.1700000000000017,7.8133333333333335,0.07094598884609163,-0.04999999999999982,2.993630573248408,0.1193
2025-12-04 16:50:00,TANK_02,6.131,1.789,23.67,7.66,none,True,6.125,0.0087177978872035,0.01100000000000012,1.7866666666666668,0.007767453465104519,-0.006000000000000005,23.69333333333333,0.20599352740633822,0.07000000000000028,7.736666666666667,0.07094598884610374,-0.22999999999999954,3.050257731958763,0.1979
2025-12-04 17:00:00,TANK_02,6.109,1.797,24.03,7.83,none,True,6.123,0.012165525060683304,-0.006000000000000227,1.793,0.003999999999900805,0.018999999999999906,23.733333333333334,0.27061657993054156,0.120000000000001,7.746666666666667,0.08504900548125933,0.03000000000000025,3.0302648171500635,0.2767
2025-12-04 17:10:00,TANK_02,6.103,1.801,24.05,7.68,none,True,6.114333333333334,0.014742229591733172,-0.0259999999999998,1.7956666666666665,0.006110100926542003,0.008000000000000007,23.916666666666668,0.21385353243116983,0.5500000000000007,7.723333333333334,0.09291573243187522,-0.07000000000000028,3.091259640102828,0.3948
2025-12-04 17:20:00,TANK_02,6.099,1.806,23.99,7.58,none,True,6.103666666666666,0.0050332229570380395,-0.03200000000000003,1.8013333333333332,0.004509249752731509,0.017000000000000126,24.023333333333337,0.03055050463219435,0.31999999999999673,7.696666666666666,0.12583057392125513,-0.08000000000000007,3.1236979166666665,0.2839
2025-12-04 17:30:00,TANK_02,6.093,1.809,24.13,7.51,none,True,6.098333333333334,0.00503322295703157,-0.016000000000000014,1.8053333333333335,0.004041451884223494,0.01200000000000001,24.05666666666667,0.07023769168529814,0.09999999999999787,7.590000000000001,0.08544003745330161,-0.3200000000000003,3.1708278580814717,0.3088
2025-12-04 17:40:00,TANK_02,6.087,1.799,23.93,7.65,none,True,6.093,0.00600000000014935,-0.016000000000000014,1.8046666666666666,0.005131601439365352,-0.0020000000000000018,24.016666666666666,0.10263202878868745,-0.120000000000001,7.580000000000001,0.07000000000015626,-0.02999999999999936,3.087741935483871,0.1709
2025-12-04 17:50:00,TANK_02,6.283,1.803,24.2,7.57,none,True,6.154333333333334,0.11146897924237079,0.18400000000000016,1.8036666666666665,0.005033222956764441,-0.0030000000000001137,24.08666666666667,0.14011899704635597,0.21000000000000085,7.576666666666667,0.07023769168584124,-0.009999999999999787,3.1551499348109515,0.6355
2025-12-04 18:00:00,TANK_02,6.093,1.808,24.04,7.8,none,True,6.154333333333334,0.11146897924237079,0.0,1.8033333333333335,0.004509249752730776,-0.0009999999999998899,24.05666666666667,0.13576941236257511,-0.08999999999999986,7.673333333333335,0.1167618659209966,0.29000000000000004,3.0430379746835445,0.4958
2025-12-04 18:10:00,TANK_02,6.082,1.8,24.02,7.73,none,True,6.152666666666666,0.11300589955102364,-0.004999999999999893,1.8036666666666665,0.00404145188422434,0.001000000000000112,24.086666666666662,0.09865765724603846,0.08999999999999986,7.7,0.11789826122559563,0.08000000000000007,3.0676883780332056,0.4284
2025-12-04 18:20:00,TANK_02,6.087,1.807,24.07,7.82,none,True,6.0873333333333335,0.005507570547429276,-0.19600000000000062,1.805,0.004358898943444501,0.0040000000000000036,24.043333333333333,0.02516611478316692,-0.129999999999999,7.783333333333334,0.04725815626270211,0.25,3.0391414141414144,0.4103
2025-12-04 18:30:00,TANK_02,6.088,1.811,24.24,7.76,none,True,6.085666666666666,0.00321455025390492,-0.004999999999999893,1.806,0.005567764362754379,0.0029999999999998916,24.11,0.11532562594645589,0.1999999999999993,7.7700000000000005,0.04582575694974375,-0.040000000000000036,3.0839694656488548,0.1284
2025-12-04 18:40:00,TANK_02,6.093,1.799,24.28,7.68,none,True,6.089333333333333,0.003214550253914291,0.01100000000000012,1.8056666666666665,0.00611010092653904,-0.001000000000000112,24.19666666666667,0.11150485789090107,0.26000000000000156,7.753333333333334,0.0702376916858092,-0.05000000000000071,3.1208226221079696,0.1455
2025-12-04 18:50:00,TANK_02,6.114,1.808,24.4,7.61,none,True,6.098333333333333,0.013796134724447,0.027000000000000135,1.806,0.006244997998331033,0.001000000000000112,24.30666666666667,0.08326663997822509,0.3299999999999983,7.683333333333334,0.07505553499477957,-0.20999999999999996,3.1647211413748377,0.3204
2025-12-04 19:00:00,TANK_02,6.109,1.823,24.15,7.77,none,True,6.105333333333333,0.010969655114688599,0.020999999999999908,1.8099999999999998,0.012124355652946736,0.01200000000000001,24.276666666666667,0.12503332888980245,-0.08999999999999986,7.686666666666667,0.08020806277022584,0.009999999999999787,3.06861499364676,0.2268
2025-12-04 19:10:00,TANK_02,6.098,1.827,24.26,7.79,none,True,6.106999999999999,0.008185352771989085,0.004999999999999893,1.8193333333333335,0.010016652800832916,0.028000000000000025,24.27,0.12529964086114778,-0.019999999999999574,7.723333333333334,0.09865765724641694,0.11000000000000032,3.0747782002534856,0.185
2025-12-04 19:20:00,TANK_02,6.116,1.816,24.18,7.78,none,True,6.107666666666667,0.00907377172598313,0.0019999999999997797,1.822,0.005567764362748201,0.008000000000000007,24.19666666666667,0.05686240703023048,-0.21999999999999886,7.780000000000001,0.010000000000832432,0.16999999999999993,3.068527918781726,0.2172
2025-12-04 19:30:00,TANK_02,6.123,1.833,24.51,7.54,none,True,6.112333333333333,0.01289702808151256,0.014000000000000234,1.8253333333333333,0.008621678104198012,0.010000000000000009,24.316666666666666,0.17214335111546822,0.360000000000003,7.703333333333334,0.1415391583038142,-0.22999999999999954,3.2081151832460737,0.4227
2025-12-04 19:40:00,TANK_02,6.121,1.826,24.23,7.64,none,True,6.12,0.0036055512757545123,0.023000000000000576,1.825,0.008544003745263441,-0.0009999999999998899,24.30666666666667,0.17785762095919327,-0.030000000000001137,7.653333333333333,0.12055427546691828,-0.15000000000000036,3.130490956072352,0.2554
2025-12-04 19:50:00,TANK_02,6.129,1.832,24.17,7.85,none,True,6.124333333333333,0.004163331999190045,0.0129999999999999,1.8303333333333331,0.0037859388970751537,0.016000000000000014,24.30333333333333,0.18147543451735806,-0.00999999999999801,7.676666666666667,0.15821925715080618,0.0699999999999994,3.0402515723270445,0.248
2025-12-04 20:00:00,TANK_02,6.12,1.825,24.29,7.7,none,True,6.123333333333332,0.004932882862532335,-0.0030000000000001137,1.8276666666666666,0.0037859388970765614,-0.008000000000000007,24.23,0.05999999999945766,-0.22000000000000242,7.73,0.10816653826400369,0.16000000000000014,3.114102564102564,0.2004
2025-12-04 20:10:00,TANK_02,6.12,1.828,24.34,7.76,none,True,6.123,0.005196152422911294,-0.001000000000000334,1.8283333333333334,0.0035118845841506483,0.0020000000000000018,24.266666666666666,0.08736894948015532,0.10999999999999943,7.7700000000000005,0.07549834435282007,0.1200000000000001,3.0966921119592876,0.1369
2025-12-04 20:20:00,TANK_02,6.108,1.835,24.25,7.66,none,True,6.116,0.006928203230421397,-0.020999999999999908,1.8293333333333333,0.005131601439355124,0.0029999999999998916,24.293333333333333,0.04509249752746626,0.0799999999999983,7.706666666666668,0.05033222956865909,-0.1899999999999995,3.125,0.2408
2025-12-04 20:30:00,TANK_02,6.103,1.818,24.25,7.76,none,True,6.110333333333333,0.008736894948164554,-0.017000000000000348,1.827,0.00854400374526279,-0.006999999999999895,24.28,0.05196152422641188,-0.03999999999999915,7.726666666666667,0.05773502691912077,0.05999999999999961,3.0852417302798982,0.1822
2025-12-04 20:40:00,TANK_02,6.115,1.824,24.18,7.65,none,True,6.108666666666667,0.006027713773499363,-0.004999999999999893,1.8256666666666668,0.008621678104197688,-0.0040000000000000036,24.226666666666663,0.04041451884246964,-0.16000000000000014,7.69,0.06082762530314131,-0.10999999999999943,3.12,0.2072
2025-12-04 20:50:00,TANK_02,6.099,1.825,24.26,7.76,none,True,6.105666666666667,0.008326663997975912,-0.008999999999999453,1.8223333333333336,0.003785938897078534,-0.010000000000000009,24.23,0.04358898943465971,0.010000000000001563,7.723333333333334,0.06350852961100323,0.09999999999999964,3.0865139949109417,0.1653
2025-12-04 21:00:00,TANK_02,6.099,1.835,24.38,7.74,none,True,6.104333333333334,0.009237604307133225,-0.0039999999999995595,1.828,0.006082762530221223,0.016999999999999904,24.27333333333333,0.10066445913660758,0.129999999999999,7.716666666666668,0.05859465277098154,-0.019999999999999574,3.1096938775510203,0.1619
2025-12-04 21:10:00,TANK_02,6.105,1.835,24.0,7.56,none,True,6.101,0.0034641016153952515,-0.009999999999999787,1.8316666666666668,0.005773502691814242,0.010999999999999899,24.213333333333335,0.19425069712428122,-0.17999999999999972,7.686666666666667,0.11015141094581056,-0.09000000000000075,3.133159268929504,0.2456
2025-12-04 21:20:00,TANK_02,6.084,1.838,24.14,7.8,none,True,6.096,0.010816653826471638,-0.015000000000000568,1.836,0.0017320508072916835,0.013000000000000123,24.173333333333332,0.19218047073849948,-0.120000000000001,7.7,0.12489995996804437,0.040000000000000036,3.055696202531646,0.2891
2025-12-04 21:30:00,TANK_02,6.096,1.841,23.98,7.77,none,True,6.095,0.01053565375293387,-0.0030000000000001137,1.838,0.0029999999998390017,0.006000000000000005,24.040000000000003,0.0871779788704969,-0.3999999999999986,7.710000000000001,0.13076696830629195,0.02999999999999936,3.0470139771283358,0.2532
2025-12-04 21:40:00,TANK_02,6.076,1.833,24.19,7.75,none,True,6.085333333333334,0.010066445913772249,-0.029000000000000803,1.8373333333333335,0.004041451884208148,-0.0020000000000000018,24.103333333333335,0.10969655114576403,0.19000000000000128,7.773333333333333,0.02516611478457071,0.1900000000000004,3.0815286624203826,0.2583
2025-12-04 21:50:00,TANK_02,6.084,1.839,23.87,7.66,none,True,6.085333333333334,0.010066445913772249,0.0,1.8376666666666666,0.004163331998816391,0.0009999999999998899,24.013333333333335,0.1625833119765962,-0.2699999999999996,7.726666666666667,0.058594652770978674,-0.13999999999999968,3.0760309278350517,0.2158
2025-12-04 22:00:00,TANK_02,6.084,1.822,24.07,7.65,none,True,6.081333333333333,0.004618802153680204,-0.012000000000000455,1.8313333333333333,0.008621678104196883,-0.018999999999999906,24.043333333333333,0.16165807537292368,0.08999999999999986,7.686666666666667,0.05507570547303699,-0.11999999999999922,3.1058064516129034,0.2176
2025-12-04 22:10:00,TANK_02,6.096,1.819,24.14,7.93,none,True,6.088,0.00692820323039055,0.020000000000000462,1.8266666666666669,0.010785793124865852,-0.014000000000000012,24.02666666666667,0.14011899704636172,-0.05000000000000071,7.746666666666667,0.15885003409930692,0.17999999999999972,3.006226650062267,0.2123
2025-12-04 22:20:00,TANK_02,6.095,1.819,24.1,7.57,none,True,6.091666666666666,0.0066583281186024254,0.01100000000000012,1.82,0.0017320508073072431,-0.020000000000000018,24.103333333333335,0.03511884584201401,0.23000000000000043,7.716666666666668,0.18903262505015297,-0.08999999999999986,3.142112125162973,0.3219
2025-12-04 22:30:00,TANK_02,6.116,1.806,23.86,7.78,none,True,6.102333333333333,0.011846237096018626,0.03200000000000003,1.8146666666666667,0.007505553499405915,-0.016000000000000014,24.03333333333333,0.15143755588782706,-0.21000000000000085,7.760000000000001,0.180831413200299,0.1299999999999999,3.027918781725888,0.2524
2025-12-04 22:40:00,TANK_02,6.108,1.814,24.01,7.73,none,True,6.106333333333333,0.010598742063808087,0.011999999999999567,1.813,0.006557438524234668,-0.004999999999999893,23.99,0.1212435565296049,-0.129999999999999,7.693333333333334,0.1096965511461159,-0.1999999999999993,3.066411238825032,0.1551
2025-12-04 22:50:00,TANK_02,6.116,1.815,23.91,7.59,none,True,6.113333333333333,0.004618802153720963,0.020999999999999908,1.8116666666666668,0.0049328828622272804,-0.0040000000000000036,23.926666666666666,0.07637626158227227,-0.19000000000000128,7.7,0.09848857801805744,0.019999999999999574,3.1092327698309496,0.1754
2025-12-04 23:00:00,TANK_02,6.126,1.821,23.67,7.57,none,True,6.116666666666667,0.009018499505753206,0.010000000000000675,1.8166666666666667,0.003785938897081956,0.014999999999999902,23.863333333333333,0.17473789896094827,-0.18999999999999773,7.63,0.08717797887093288,-0.20999999999999996,3.0860495436766624,0.2382
2025-12-04 23:10:00,TANK_02,6.119,1.829,23.53,7.6,none,True,6.120333333333332,0.0051316014396403185,0.01100000000000012,1.8216666666666665,0.0070237691685036355,0.014999999999999902,23.703333333333333,0.19218047073856043,-0.4800000000000004,7.586666666666667,0.015275252317235647,-0.13000000000000078,3.0558441558441563,0.3602
2025-12-04 23:20:00,TANK_02,6.117,1.815,23.6,7.74,none,True,6.120666666666666,0.004725815626463067,0.001000000000000334,1.8216666666666665,0.0070237691685036355,0.0,23.600000000000005,0.06999999999976247,-0.3099999999999987,7.636666666666667,0.09073771725888864,0.15000000000000036,3.0102040816326534,0.1807
2025-12-04 23:30:00,TANK_02,6.113,1.807,23.65,7.73,none,True,6.116333333333333,0.0030550504636193054,-0.0129999999999999,1.8170000000000002,0.01113552872561972,-0.014000000000000012,23.593333333333334,0.060277137733142576,-0.020000000000003126,7.69,0.07810249675919084,0.16000000000000014,3.020434227330779,0.1776
2025-12-04 23:40:00,TANK_02,6.102,1.799,23.64,7.85,none,True,6.110666666666667,0.007767453465273084,-0.01699999999999946,1.8069999999999997,0.00799999999994553,-0.030000000000000027,23.63,0.02645751310998348,0.10999999999999943,7.773333333333334,0.06658328118492346,0.25,2.9735849056603776,0.1942
2025-12-04 23:50:00,TANK_02,6.099,1.81,23.57,7.82,none,True,6.104666666666667,0.007371114795952172,-0.017999999999999794,1.8053333333333335,0.005686240703001146,-0.004999999999999893,23.62,0.043588989435013034,-0.030000000000001137,7.800000000000001,0.06244997998411718,0.08000000000000007,2.976010101010101,0.0695
2025-12-05 00:00:00,TANK_02,6.106,1.815,23.5,7.75,none,True,6.102333333333334,0.0035118845845313576,-0.007000000000000561,1.8079999999999998,0.008185352771819051,0.008000000000000007,23.570000000000004,0.06999999999977848,-0.14999999999999858,7.8066666666666675,0.05131601439462986,0.019999999999999574,2.993630573248408,0.0594
2025-12-05 00:10:00,TANK_02,6.124,1.793,23.36,7.79,none,True,6.109666666666667,0.012897028081506407,0.021999999999999353,1.806,0.011532562594633151,-0.006000000000000005,23.47666666666667,0.10692676621551941,-0.28000000000000114,7.786666666666668,0.035118845843084986,-0.05999999999999961,2.9607097591888465,0.1607
2025-12-05 00:20:00,TANK_02,6.121,1.791,23.38,7.83,none,True,6.117,0.009643650761093355,0.02200000000000024,1.7996666666666667,0.013316656236926875,-0.019000000000000128,23.41333333333333,0.07571877794386538,-0.19000000000000128,7.790000000000002,0.040000000000211935,0.009999999999999787,2.948297604035309,0.1488
2025-12-05 00:30:00,TANK_02,6.127,1.814,23.33,7.86,none,True,6.124,0.0030000000003379294,0.020999999999999908,1.7993333333333332,0.01274100990237768,-0.0009999999999998899,23.356666666666666,0.02516611478389447,-0.1700000000000017,7.826666666666668,0.03511884584307133,0.11000000000000032,2.930904522613065,0.142
2025-12-05 00:40:00,TANK_02,6.132,1.816,23.19,7.8,none,True,6.126666666666668,0.00550757054747308,0.008000000000000007,1.8069999999999997,0.013892443989418463,0.02300000000000013,23.3,0.09848857801789174,-0.16999999999999815,7.830000000000001,0.030000000000266824,0.009999999999999787,2.935443037974684,0.0857
2025-12-05 00:50:00,TANK_02,6.134,1.827,23.32,7.79,none,True,6.131,0.0036055512757581587,0.0129999999999999,1.8190000000000002,0.00699999999993483,0.03600000000000003,23.28,0.07810249675898832,-0.05999999999999872,7.816666666666667,0.03785938897221788,-0.040000000000000036,2.955640050697085,0.1213
2025-12-05 01:00:00,TANK_02,6.136,1.826,22.96,8.0,none,True,6.134,0.0020000000005394765,0.009000000000000341,1.8230000000000002,0.006082762530222198,0.01200000000000001,23.156666666666666,0.18230011885166097,-0.36999999999999744,7.863333333333334,0.11846237095951004,0.13999999999999968,2.834567901234568,0.1578
2025-12-05 01:10:00,TANK_02,6.111,1.823,23.0,7.93,none,True,6.127,0.013892443989524805,-0.020999999999999908,1.8253333333333333,0.0020816659992423615,0.006999999999999895,23.093333333333334,0.19731531449265244,-0.19000000000000128,7.906666666666667,0.10692676621570257,0.1299999999999999,2.8642590286425906,0.1469
2025-12-05 01:20:00,TANK_02,6.103,1.818,22.9,7.93,none,True,6.116666666666667,0.01721433511162433,-0.031000000000000583,1.8223333333333336,0.004041451884213288,-0.008999999999999897,22.953333333333333,0.050332229568589126,-0.4200000000000017,7.953333333333334,0.04041451884343626,0.13999999999999968,2.851805728518057,0.227
2025-12-05 01:30:00,TANK_02,6.108,1.815,23.01,8.03,none,True,6.107333333333333,0.004041451884556746,-0.02800000000000047,1.8186666666666664,0.0040414518842148495,-0.01100000000000012,22.97,0.060827625303069004,0.05000000000000071,7.963333333333334,0.05773502691907386,0.02999999999999936,2.8302583025830264,0.0513
2025-12-05 01:40:00,TANK_02,6.117,1.799,22.78,7.96,none,True,6.109333333333333,0.007094598884730071,0.006000000000000227,1.8106666666666669,0.010214368963986583,-0.02400000000000002,22.896666666666665,0.11503622617832028,-0.21999999999999886,7.973333333333334,0.05131601439459173,0.03000000000000025,2.826302729528536,0.0613
2025-12-05 01:50:00,TANK_02,6.127,1.787,22.87,7.9,none,True,6.117333333333334,0.009504384953026064,0.02400000000000002,1.8003333333333333,0.014047538337106896,-0.03100000000000014,22.886666666666667,0.11590225767149841,-0.029999999999997584,7.963333333333334,0.06506407098657553,-0.02999999999999936,2.85875,0.093
2025-12-05 02:00:00,TANK_02,6.126,1.797,22.61,8.01,none,True,6.123333333333332,0.005507570547471352,0.018000000000000682,1.7943333333333333,0.00642910050726453,-0.018000000000000016,22.75333333333333,0.13203534880235832,-0.40000000000000213,7.956666666666668,0.0550757054729788,-0.019999999999999574,2.7879161528976573,0.0762
2025-12-05 02:10:00,TANK_02,6.129,1.798,22.54,7.96,none,True,6.127333333333333,0.0015275252323337645,0.011999999999999567,1.7939999999999998,0.006082762530230593,-0.0009999999999998899,22.673333333333332,0.17387735141002808,-0.240000000000002,7.956666666666667,0.0550757054729788,0.0,2.7965260545905704,0.0374
2025-12-05 02:20:00,TANK_02,6.119,1.79,22.55,7.87,none,True,6.124666666666667,0.005131601439647516,-0.008000000000000007,1.795,0.004358898943445764,0.0030000000000001137,22.566666666666666,0.037859388972533964,-0.3200000000000003,7.946666666666668,0.07094598884606886,-0.03000000000000025,2.8293601003764115,0.052
2025-12-05 02:30:00,TANK_02,6.119,1.801,22.27,7.88,none,True,6.122333333333333,0.00577350269207268,-0.007000000000000561,1.7963333333333333,0.0056862407030041605,0.0040000000000000036,22.453333333333333,0.15885003409940512,-0.33999999999999986,7.903333333333333,0.049328828623306585,-0.1299999999999999,2.7907268170426067,0.0649
2025-12-05 02:40:00,TANK_02,6.116,1.803,22.32,7.95,none,True,6.117999999999999,0.0017320508081463172,-0.0129999999999999,1.798,0.006999999999940124,0.004999999999999893,22.38,0.14933184523086368,-0.21999999999999886,7.900000000000001,0.043588989435570755,-0.009999999999999787,2.772670807453416,0.0468
2025-12-05 02:50:00,TANK_02,6.102,1.81,22.28,7.96,none,True,6.112333333333333,0.009073771725984574,-0.01699999999999946,1.8046666666666666,0.004725815626161424,0.020000000000000018,22.290000000000003,0.026457513111814365,-0.2699999999999996,7.930000000000001,0.04358898943556212,0.08999999999999986,2.764267990074442,0.1008
2025-12-05 03:00:00,TANK_02,6.095,1.836,22.23,8.03,none,True,6.104333333333333,0.010692676621651366,-0.02400000000000002,1.8163333333333334,0.017387735140967215,0.03500000000000014,22.276666666666667,0.045092497528925315,-0.03999999999999915,7.98,0.04358898943554709,0.14999999999999947,2.7343173431734322,0.2107
2025-12-05 03:10:00,TANK_02,6.09,1.863,22.15,7.93,none,True,6.095666666666666,0.006027713773491725,-0.0259999999999998,1.8363333333333334,0.02650157228038254,0.06000000000000005,22.22,0.06557438524353197,-0.1700000000000017,7.973333333333334,0.05131601439458987,-0.020000000000000462,2.7584059775840597,0.2959
2025-12-05 03:20:00,TANK_02,6.098,1.854,22.02,8.18,none,True,6.094333333333334,0.004041451884549263,-0.004000000000000448,1.851,0.013747727084829226,0.04400000000000004,22.133333333333336,0.1059874206375746,-0.26000000000000156,8.046666666666667,0.12583057392122066,0.21999999999999975,2.6594202898550727,0.225
2025-12-05 03:30:00,TANK_02,6.105,1.85,22.15,8.1,none,True,6.097666666666666,0.007505553499586559,0.010000000000000675,1.8556666666666668,0.006658328118398767,0.014000000000000012,22.106666666666666,0.07505553499514662,-0.08000000000000185,8.07,0.1276714533480753,0.07000000000000028,2.701219512195122,0.044
2025-12-05 03:40:00,TANK_02,6.097,1.838,22.01,8.18,none,True,6.1000000000000005,0.004358898943751425,0.007000000000000561,1.8473333333333335,0.008326663997802167,-0.02499999999999991,22.060000000000002,0.07810249675956013,-0.13999999999999702,8.153333333333334,0.046188021535249306,0.25,2.658212560386474,0.1395
2025-12-05 03:50:00,TANK_02,6.104,1.834,21.74,7.97,none,True,6.102,0.004358898943752647,0.006000000000000227,1.8406666666666667,0.008326663997803766,-0.020000000000000018,21.96666666666667,0.2084066537647405,-0.28000000000000114,8.083333333333334,0.10598742063727531,-0.20999999999999996,2.6939281288723667,0.189
2025-12-05 04:00:00,TANK_02,6.107,1.835,21.69,8.1,none,True,6.102666666666667,0.005131601439627214,0.0019999999999997797,1.8356666666666666,0.0020816659992277495,-0.015000000000000124,21.813333333333333,0.17214335111593917,-0.4599999999999973,8.083333333333334,0.10598742063727531,0.0,2.6451219512195125,0.1382
2025-12-05 04:10:00,TANK_02,6.113,1.834,21.69,8.16,none,True,6.108,0.004582575695161077,0.016000000000000014,1.8343333333333334,0.0005773502683347156,-0.0040000000000000036,21.706666666666667,0.028867513461186867,-0.3200000000000003,8.076666666666666,0.09712534856227249,-0.019999999999999574,2.6259079903147704,0.1254
2025-12-05 04:20:00,TANK_02,6.093,1.837,21.65,8.2,none,True,6.104333333333334,0.010263202878984683,-0.01100000000000012,1.8353333333333335,0.00152752523132752,0.0029999999999998916,21.676666666666666,0.023094010769761638,-0.08999999999999986,8.153333333333334,0.0503322295685433,0.22999999999999954,2.608433734939759,0.127
2025-12-05 04:30:00,TANK_02,6.087,1.831,21.41,8.17,none,True,6.097666666666666,0.013613718571175723,-0.020000000000000462,1.8340000000000003,0.0029999999998356476,-0.0040000000000000036,21.583333333333332,0.15143755588835767,-0.28000000000000114,8.176666666666668,0.02081665999481798,0.07000000000000028,2.588875453446191,0.1704
2025-12-05 04:40:00,TANK_02,6.081,1.829,21.85,8.15,none,True,6.087,0.0060000000001490025,-0.03200000000000003,1.8323333333333334,0.004163331998814572,-0.0050000000000001155,21.636666666666667,0.2203028218916777,0.16000000000000014,8.173333333333334,0.025166114784367036,-0.009999999999999787,2.6484848484848484,0.2084
2025-12-05 04:50:00,TANK_02,6.077,1.823,21.56,8.28,none,True,6.081666666666667,0.005033222957022685,-0.016000000000000014,1.8276666666666666,0.004163331998816656,-0.014000000000000012,21.606666666666666,0.2236813209310027,-0.08999999999999986,8.200000000000001,0.07000000000004122,0.08000000000000007,2.5727923627684968,0.16
2025-12-05 05:00:00,TANK_02,6.093,1.807,21.36,8.08,none,True,6.083666666666667,0.008326663997971306,0.006000000000000227,1.8196666666666665,0.011372481406113667,-0.02400000000000002,21.590000000000003,0.24637369989531405,-0.05000000000000071,8.17,0.10148891565095447,-0.08999999999999986,2.611246943765281,0.1657
2025-12-05 05:10:00,TANK_02,6.085,1.804,21.57,8.21,none,True,6.085000000000001,0.008000000000111654,0.0039999999999995595,1.8113333333333335,0.010214368963985528,-0.02499999999999991,21.496666666666666,0.11846237095991656,-0.28000000000000114,8.190000000000001,0.10148891565095185,0.0600000000000005,2.595667870036101,0.0904
2025-12-05 05:20:00,TANK_02,6.094,1.799,21.47,8.09,none,True,6.0906666666666665,0.0049328828625008194,0.017000000000000348,1.8033333333333335,0.004041451884219545,-0.02400000000000002,21.46666666666667,0.10503967504446533,-0.08999999999999986,8.126666666666669,0.07234178138075813,-0.1899999999999995,2.6214896214896215,0.0766
2025-12-05 05:30:00,TANK_02,6.095,1.788,21.23,8.17,none,True,6.091333333333334,0.0055075705474516715,0.0019999999999997797,1.797,0.008185352771820654,-0.018999999999999906,21.423333333333332,0.17473789896141417,-0.129999999999999,8.156666666666668,0.06110100926613595,0.08999999999999986,2.5671100362756953,0.0553
2025-12-05 05:40:00,TANK_02,6.087,1.796,21.12,8.27,none,True,6.092,0.0043588989437504996,0.0019999999999997797,1.7943333333333333,0.005686240703003613,-0.008000000000000007,21.273333333333333,0.17897858344913303,-0.4499999999999993,8.176666666666668,0.09018499505649344,0.05999999999999872,2.523297491039427,0.1303
2025-12-05 05:50:00,TANK_02,6.091,1.81,21.09,8.02,none,True,6.091,0.004000000000227736,-0.0030000000000001137,1.798,0.011135528725621775,0.01100000000000012,21.146666666666665,0.07371114795922555,-0.379999999999999,8.153333333333334,0.12583057392120756,-0.07000000000000028,2.597290640394089,0.1332
2025-12-05 06:00:00,TANK_02,6.095,1.788,21.19,8.35,none,True,6.091,0.004000000000227736,0.0,1.798,0.011135528725621775,0.0,21.133333333333333,0.05131601439577967,-0.03999999999999915,8.213333333333333,0.17214335111568743,0.17999999999999972,2.507692307692308,0.1715
2025-12-05 06:10:00,TANK_02,6.092,1.802,21.31,8.14,none,True,6.092666666666666,0.0020816659999064514,0.004999999999999893,1.8,0.011135528725621407,0.006000000000000005,21.19666666666667,0.11015141094631493,0.18999999999999773,8.170000000000002,0.16703293088492055,-0.129999999999999,2.586165048543689,0.115
2025-12-05 06:20:00,TANK_02,6.089,1.801,21.29,8.12,none,True,6.092,0.00300000000030467,-0.0019999999999997797,1.797,0.007810249675852292,-0.009000000000000119,21.263333333333332,0.0642910050742715,0.1999999999999993,8.203333333333333,0.12741009902413183,0.09999999999999964,2.5900243309002438,0.0537
2025-12-05 06:30:00,TANK_02,6.09,1.803,21.22,8.2,none,True,6.090333333333334,0.001527525232247178,-0.004999999999999893,1.8019999999999998,0.0009999999995647841,0.014999999999999902,21.27333333333333,0.04725815626386126,0.029999999999997584,8.153333333333334,0.04163331998940803,-0.15000000000000036,2.5566265060240965,0.1205
2025-12-05 06:40:00,TANK_02,6.086,1.801,21.03,8.28,none,True,6.088333333333334,0.0020816659998996075,-0.005999999999999339,1.8016666666666667,0.0011547005380029686,-0.001000000000000112,21.179999999999996,0.13453624047122417,-0.2799999999999976,8.200000000000001,0.08000000000003804,0.1399999999999988,2.5095465393794756,0.1411
2025-12-05 06:50:00,TANK_02,6.079,1.78,21.01,8.16,none,True,6.085,0.005567764362990006,-0.010000000000000675,1.7946666666666669,0.012741009902378057,-0.020999999999999908,21.08666666666667,0.11590225767201277,-0.2799999999999976,8.213333333333335,0.06110100926612502,0.040000000000000924,2.5435835351089593,0.1555
2025-12-05 07:00:00,TANK_02,6.08,1.778,21.07,8.22,none,True,6.081666666666666,0.0037859388974320857,-0.009999999999999787,1.7863333333333333,0.012741009902379618,-0.02499999999999991,21.03666666666667,0.030550504635324577,-0.14999999999999858,8.22,0.060000000000046835,0.02000000000000135,2.532451923076923,0.1765
2025-12-05 07:10:00,TANK_02,6.067,1.779,21.0,8.2,none,True,6.075333333333333,0.007234178138187768,-0.019000000000000128,1.779,0.0009999999996188394,-0.02200000000000002,21.026666666666667,0.03785938897385352,-0.030000000000001137,8.193333333333335,0.030550504633139224,-0.08000000000000007,2.530120481927711,0.2072
2025-12-05 07:20:00,TANK_02,6.045,1.77,20.91,8.43,none,True,6.064,0.01769180601299961,-0.03399999999999981,1.7756666666666667,0.004932882862240413,-0.010000000000000009,20.993333333333336,0.08020806277099085,-0.10000000000000142,8.283333333333333,0.12741009902412756,0.2699999999999996,2.4513481828839394,0.3553
2025-12-05 07:30:00,TANK_02,6.035,1.771,20.84,8.18,none,True,6.0489999999999995,0.01637070554378994,-0.04499999999999993,1.7733333333333334,0.004932882862241359,-0.007000000000000117,20.916666666666668,0.08020806277101632,-0.23000000000000043,8.270000000000001,0.1389244398945158,-0.040000000000000924,2.5169082125603865,0.283
2025-12-05 07:40:00,TANK_02,6.027,1.757,21.12,8.37,none,True,6.035666666666667,0.009018499505720683,-0.040000000000000036,1.766,0.0078102496758613,-0.02200000000000002,20.956666666666667,0.14571661996312338,0.120000000000001,8.326666666666666,0.13051181300302803,0.16999999999999993,2.493506493506494,0.2983
2025-12-05 07:50:00,TANK_02,6.036,1.755,21.08,8.22,none,True,6.032666666666667,0.004932882862450756,-0.009000000000000341,1.761,0.008717797887041882,-0.015000000000000124,21.013333333333335,0.15143755588847277,0.16999999999999815,8.256666666666668,0.1001665280088034,-0.20999999999999908,2.533653846153846,0.1923
2025-12-05 08:00:00,TANK_02,6.038,1.749,21.04,8.28,none,True,6.033666666666666,0.005859465277196243,0.0030000000000001137,1.7536666666666667,0.0041633319988531375,-0.021999999999999797,21.08,0.040000000001723005,0.1999999999999993,8.290000000000001,0.07549834435273779,0.09999999999999964,2.5107398568019095,0.197
2025-12-05 08:10:00,TANK_02,6.032,1.761,20.83,8.28,none,True,6.035333333333333,0.003055050463524636,0.004999999999999893,1.7550000000000001,0.005999999999944671,0.0040000000000000036,20.98333333333333,0.1342882471904223,-0.2900000000000027,8.26,0.03464101615145033,-0.08999999999999986,2.4856801909307875,0.1754
2025-12-05 08:20:00,TANK_02,6.035,1.782,20.8,8.24,none,True,6.035,0.003000000000224485,-0.0009999999999994458,1.764,0.016703293088469157,0.027000000000000135,20.889999999999997,0.13076696830678247,-0.2799999999999976,8.266666666666667,0.0230940107676929,0.019999999999999574,2.4940047961630696,0.331
2025-12-05 08:30:00,TANK_02,6.03,1.783,20.88,8.26,none,True,6.032333333333334,0.0025166114786871127,-0.008000000000000007,1.7753333333333332,0.012423096769026355,0.03399999999999981,20.836666666666662,0.04041451884512441,-0.16000000000000014,8.26,0.02000000000012781,-0.019999999999999574,2.4976076555023923,0.3198
2025-12-05 08:40:00,TANK_02,6.016,1.787,20.89,7.98,none,True,6.027000000000001,0.009848857801861986,-0.016000000000000014,1.784,0.0026457513109180352,0.026000000000000023,20.856666666666666,0.04932882862467045,0.060000000000002274,8.160000000000002,0.1562049935181541,-0.29999999999999893,2.5853960396039604,0.3042
2025-12-05 08:50:00,TANK_02,6.005,1.797,21.08,8.48,none,True,6.017,0.01252996408619172,-0.03000000000000025,1.789,0.007211102550872835,0.014999999999999902,20.95,0.1126942766964892,0.2799999999999976,8.240000000000002,0.250599281722844,0.2400000000000002,2.4568764568764565,0.4369
2025-12-05 09:00:00,TANK_02,5.997,1.782,21.12,8.14,none,True,6.006,0.00953939201423247,-0.03300000000000036,1.7886666666666666,0.0076376261582077115,-0.0009999999999998899,21.03,0.12288205727502079,0.240000000000002,8.200000000000003,0.25534290669608567,-0.11999999999999922,2.563106796116505,0.3144
2025-12-05 09:10:00,TANK_02,6.005,1.794,20.8,8.44,none,True,6.002333333333333,0.004618802153645253,-0.01100000000000012,1.7910000000000001,0.007937253933143094,0.007000000000000117,21.0,0.1743559577420359,-0.08999999999999986,8.353333333333333,0.18583146486356233,0.4599999999999991,2.435597189695551,0.4336
2025-12-05 09:20:00,TANK_02,6.004,1.803,21.31,8.4,none,True,6.002,0.0043588989436763705,-0.001000000000000334,1.7930000000000001,0.01053565375281412,0.006000000000000005,21.076666666666668,0.25774664562991345,0.23000000000000043,8.326666666666668,0.16289055630495472,-0.08000000000000007,2.5070588235294116,0.369
2025-12-05 09:30:00,TANK_02,5.996,1.812,21.01,8.16,none,True,6.001666666666668,0.004932882862435375,-0.0009999999999994458,1.8030000000000002,0.008999999999952385,0.030000000000000027,21.040000000000003,0.2563201123597996,-0.10999999999999943,8.333333333333336,0.15143755588802116,0.019999999999999574,2.5435835351089593,0.3691
2025-12-05 09:40:00,TANK_02,6.001,1.817,21.18,8.43,none,True,6.000333333333334,0.004041451884471685,-0.0039999999999995595,1.8106666666666664,0.007094598884534706,0.02299999999999991,21.166666666666668,0.15044378795240787,0.379999999999999,8.33,0.147986485869502,-0.009999999999999787,2.483001172332943,0.3016
2025-12-05 09:50:00,TANK_02,5.991,1.822,21.03,8.14,none,True,5.9959999999999996,0.005000000000114036,-0.0129999999999999,1.817,0.004999999999907677,0.019000000000000128,21.073333333333334,0.0929157324325266,-0.2799999999999976,8.243333333333334,0.1619670748434339,-0.2599999999999998,2.5521844660194177,0.3057
2025-12-05 10:00:00,TANK_02,6.006,1.823,21.23,8.29,none,True,5.999333333333333,0.007637626158335748,0.009999999999999787,1.8206666666666667,0.003214550253517803,0.010999999999999899,21.146666666666665,0.10408329997396196,0.21999999999999886,8.286666666666667,0.1450287327853965,0.129999999999999,2.5303933253873665,0.198
2025-12-05 10:10:00,TANK_02,6.016,1.82,21.12,8.22,none,True,6.004333333333332,0.012583057392165121,0.01499999999999968,1.8216666666666665,0.0015275252313418023,0.0030000000000001137,21.12666666666667,0.10016652800946385,-0.05999999999999872,8.216666666666667,0.07505553499468838,-0.20999999999999908,2.5384615384615383,0.2234
2025-12-05 10:20:00,TANK_02,6.029,1.829,21.02,8.14,none,True,6.0169999999999995,0.011532562594724738,0.038000000000000256,1.8239999999999998,0.004582575694851016,0.006999999999999895,21.123333333333335,0.1050396750445803,-0.010000000000001563,8.216666666666669,0.07505553499468838,0.0,2.5509708737864076,0.1964
2025-12-05 10:30:00,TANK_02,6.028,1.818,21.38,8.29,none,True,6.024333333333334,0.007234178138158919,0.021999999999999353,1.8223333333333336,0.005859465277001065,-0.004999999999999893,21.173333333333332,0.1858314648639161,0.14999999999999858,8.216666666666669,0.07505553499468838,0.0,2.548271752085817,0.164
2025-12-05 10:40:00,TANK_02,6.022,1.819,21.23,8.11,none,True,6.0263333333333335,0.003785938897371166,0.006000000000000227,1.822,0.006082762530220139,-0.001000000000000112,21.209999999999997,0.18083141320062265,0.10999999999999943,8.180000000000001,0.09643650760996138,-0.11000000000000121,2.585870889159562,0.1303
2025-12-05 10:50:00,TANK_02,6.018,1.814,21.36,8.26,none,True,6.022666666666667,0.005033222956973405,-0.01100000000000012,1.8170000000000002,0.0026457513108904913,-0.014999999999999902,21.323333333333334,0.08144527815327045,0.33999999999999986,8.22,0.0964365076099587,0.11999999999999922,2.5550239234449763,0.1733
2025-12-05 11:00:00,TANK_02,6.022,1.801,21.43,8.19,none,True,6.020666666666667,0.002309401077030935,-0.005999999999999339,1.811333333333333,0.009291573243129791,-0.017000000000000126,21.340000000000003,0.10148891565156172,0.05000000000000071,8.186666666666667,0.07505553499469197,-0.09999999999999964,2.5850422195416165,0.1207
2025-12-05 11:10:00,TANK_02,6.028,1.807,21.46,7.97,none,True,6.022666666666666,0.005033222956973405,0.005999999999999339,1.8073333333333332,0.00650640709858125,-0.01200000000000001,21.416666666666668,0.051316014395709514,0.23000000000000043,8.14,0.15132745950423765,-0.13999999999999968,2.6592317224287485,0.1465
2025-12-05 11:20:00,TANK_02,6.027,1.796,21.4,8.19,none,True,6.025666666666666,0.003214550253865049,0.009000000000000341,1.8013333333333332,0.005507570547210668,-0.018000000000000016,21.429999999999996,0.030000000002113923,0.03999999999999915,8.116666666666669,0.12701705922174503,-0.07000000000000028,2.581423401688782,0.108
2025-12-05 11:30:00,TANK_02,6.044,1.814,21.41,8.11,none,True,6.033,0.009539392014239622,0.021999999999999353,1.8056666666666665,0.009073771725830253,0.013000000000000123,21.423333333333332,0.03214550253861887,-0.019999999999999574,8.090000000000002,0.11135528725663318,-0.08000000000000007,2.6077953714981734,0.1101
2025-12-05 11:40:00,TANK_02,6.05,1.823,21.69,8.16,none,True,6.040333333333333,0.011930353445506655,0.02200000000000024,1.811,0.01374772708483507,0.016000000000000014,21.5,0.16462077633192246,0.23000000000000043,8.153333333333334,0.04041451884335507,0.1900000000000004,2.6259079903147704,0.1949
2025-12-05 11:50:00,TANK_02,6.067,1.832,21.75,8.03,none,True,6.053666666666666,0.011930353445510255,0.040000000000000036,1.8229999999999997,0.00899999999994613,0.03600000000000003,21.616666666666664,0.1814754345178816,0.3500000000000014,8.100000000000001,0.06557438524307642,-0.16000000000000014,2.675276752767528,0.2898
2025-12-05 12:00:00,TANK_02,6.058,1.836,21.72,8.07,none,True,6.058333333333334,0.008504900548202864,0.014000000000000234,1.8303333333333331,0.006658328118403063,0.02200000000000002,21.72,0.030000000001953218,0.3099999999999987,8.086666666666668,0.06658328118485098,-0.03999999999999915,2.658506731946144,0.1328
2025-12-05 12:10:00,TANK_02,6.053,1.846,21.89,8.11,none,True,6.059333333333332,0.007094598884702983,0.0030000000000001137,1.838,0.007211102550853903,0.02300000000000013,21.786666666666665,0.09073771725941095,0.1999999999999993,8.07,0.04000000000009718,-0.05000000000000071,2.6662606577344707,0.1155
2025-12-05 12:20:00,TANK_02,6.046,1.838,21.68,8.13,none,True,6.052333333333333,0.006027713773461882,-0.020999999999999908,1.84,0.0052915026220269916,0.006000000000000005,21.763333333333332,0.11150485789170568,-0.07000000000000028,8.103333333333333,0.03055050463315675,0.10000000000000142,2.634264884568651,0.0976
2025-12-05 12:30:00,TANK_02,6.052,1.847,21.89,8.14,none,True,6.050333333333334,0.003785938897390151,-0.006000000000000227,1.8436666666666666,0.004932882862204097,0.010999999999999899,21.820000000000004,0.12124355653029338,0.1700000000000017,8.126666666666667,0.015275252316743284,0.07000000000000028,2.6565533980582523,0.1167
2025-12-05 12:40:00,TANK_02,6.043,1.853,21.99,8.0,none,True,6.047,0.00458257569511117,-0.009999999999999787,1.846,0.0075498344351963955,0.006999999999999895,21.853333333333335,0.15821925715110075,0.09999999999999787,8.090000000000002,0.07810249675911407,-0.10999999999999943,2.714814814814815,0.0894
2025-12-05 12:50:00,TANK_02,6.047,1.845,22.25,8.1,none,True,6.0473333333333334,0.004509249752980939,0.0009999999999994458,1.8483333333333334,0.0041633319987956,0.006999999999999895,22.043333333333333,0.18583146486383484,0.5700000000000003,8.08,0.07211102550933196,-0.030000000000001137,2.713414634146342,0.2209
2025-12-05 13:00:00,TANK_02,6.051,1.841,22.28,8.04,none,True,6.047000000000001,0.004000000000178193,-0.0009999999999994458,1.8463333333333332,0.006110100926515777,-0.006000000000000005,22.173333333333332,0.15947831618572436,0.39000000000000057,8.046666666666667,0.05033222956855134,-0.10000000000000142,2.7371007371007376,0.1317
2025-12-05 13:10:00,TANK_02,6.062,1.839,22.28,7.94,none,True,6.053333333333334,0.007767453465247794,0.019000000000000128,1.8416666666666668,0.0030550504631252314,-0.014000000000000012,22.27,0.017320508078465982,0.2900000000000027,8.026666666666667,0.08082903768659835,-0.05999999999999961,2.771144278606965,0.1772
2025-12-05 13:20:00,TANK_02,6.072,1.845,22.18,8.07,none,True,6.0616666666666665,0.010503967504463248,0.025000000000000355,1.8416666666666668,0.0030550504631252314,0.0,22.24666666666667,0.057735026919804616,-0.07000000000000028,8.016666666666667,0.06806859285560196,-0.02999999999999936,2.7148102815177477,0.0969
2025-12-05 13:30:00,TANK_02,6.079,1.837,22.24,8.03,none,True,6.071000000000001,0.008544003745406254,0.02799999999999958,1.8403333333333334,0.004163331998802365,-0.0040000000000000036,22.233333333333334,0.05033222956944219,-0.0400000000000027,8.013333333333334,0.06658328118485725,-0.009999999999999787,2.735547355473555,0.0741
2025-12-05 13:40:00,TANK_02,6.08,1.826,22.26,7.89,none,True,6.077000000000001,0.004358898943717398,0.017999999999999794,1.836,0.009539392014114427,-0.0129999999999999,22.22666666666667,0.04163331999049885,-0.019999999999999574,7.996666666666667,0.09451631252509826,-0.05000000000000071,2.7859824780976226,0.0944
2025-12-05 13:50:00,TANK_02,6.08,1.826,22.42,7.96,none,True,6.079666666666667,0.000577350270530822,0.008000000000000007,1.829666666666667,0.006350852961006951,-0.018999999999999906,22.30666666666667,0.098657657246811,0.240000000000002,7.960000000000001,0.07000000000006522,-0.11000000000000032,2.7816377171215882,0.1166
2025-12-05 14:00:00,TANK_02,6.076,1.805,22.67,7.86,none,True,6.078666666666667,0.002309401077093115,-0.0030000000000001137,1.819,0.012124355652944254,-0.03200000000000003,22.450000000000003,0.2066397831979412,0.43000000000000327,7.903333333333333,0.05131601439456566,-0.16999999999999904,2.8479899497487438,0.2979
2025-12-05 14:10:00,TANK_02,6.067,1.794,22.51,7.91,none,True,6.074333333333333,0.006658328118593806,-0.0129999999999999,1.8083333333333333,0.016258331197650557,-0.03200000000000003,22.53333333333333,0.12662279942183902,0.25,7.91,0.05000000000009838,0.020000000000000462,2.810237203495631,0.1728
2025-12-05 14:20:00,TANK_02,6.073,1.804,22.6,7.97,none,True,6.072,0.0045825756951209185,-0.006999999999999673,1.8010000000000002,0.00608276253023426,-0.02200000000000002,22.593333333333334,0.08020806277065522,0.17999999999999972,7.913333333333334,0.05507570547294992,0.009999999999999787,2.800495662949195,0.0556
2025-12-05 14:30:00,TANK_02,6.072,1.805,22.76,7.95,none,True,6.070666666666667,0.0032145502538989093,-0.0039999999999995595,1.8010000000000002,0.00608276253023426,0.0,22.623333333333335,0.12662279942182925,0.08999999999999986,7.943333333333334,0.030550504633193202,0.08999999999999986,2.8273291925465838,0.0159
2025-12-05 14:40:00,TANK_02,6.074,1.807,22.85,7.99,none,True,6.073,0.0010000000007593887,0.006999999999999673,1.8053333333333332,0.0015275252313853623,0.0129999999999999,22.736666666666668,0.12662279942181892,0.33999999999999986,7.9700000000000015,0.020000000000227447,0.08000000000000007,2.824474660074166,0.1465
2025-12-05 14:50:00,TANK_02,6.091,1.804,22.73,8.03,none,True,6.079,0.010440306508984571,0.017999999999999794,1.8053333333333335,0.0015275252313853623,0.0,22.78,0.062449979984655686,0.129999999999999,7.989999999999999,0.04000000000011042,0.05999999999999961,2.7958179581795823,0.0669
2025-12-05 15:00:00,TANK_02,6.084,1.808,22.87,7.94,none,True,6.082999999999999,0.008544003745408927,0.011999999999999567,1.8063333333333336,0.002081665999268456,0.0030000000000001137,22.816666666666666,0.07571877794455154,0.10999999999999943,7.986666666666667,0.04509249752832693,-0.009999999999999787,2.8445273631840795,0.0272
2025-12-05 15:10:00,TANK_02,6.093,1.809,22.85,7.87,none,True,6.089333333333333,0.004725815626420867,0.019000000000000128,1.8069999999999997,0.0026457513109078854,0.0020000000000000018,22.816666666666666,0.07571877794455154,0.0,7.946666666666666,0.08020806277016385,-0.1200000000000001,2.8670012547051447,0.0209
2025-12-05 15:20:00,TANK_02,6.101,1.809,22.99,7.88,none,True,6.092666666666666,0.008504900548210079,0.009999999999999787,1.8086666666666666,0.0005773502684586826,0.004999999999999893,22.903333333333336,0.07571877794453426,0.259999999999998,7.896666666666667,0.03785938897213067,-0.14999999999999947,2.880952380952381,0.0874
2025-12-05 15:30:00,TANK_02,6.095,1.798,23.12,7.96,none,True,6.096333333333333,0.004163331999128127,0.01100000000000012,1.8053333333333335,0.006350852961021593,-0.010000000000000009,22.986666666666665,0.13503086067048195,0.25,7.903333333333333,0.04932882862326035,0.019999999999999574,2.86848635235732,0.021
2025-12-05 15:40:00,TANK_02,6.098,1.8,23.18,8.03,none,True,6.097999999999999,0.0030000000002734744,0.004999999999999893,1.8023333333333333,0.005859465277014748,-0.008999999999999897,23.096666666666668,0.09712534856260459,0.3299999999999983,7.956666666666667,0.07505553499471176,0.15999999999999925,2.8511685116851173,0.0613
2025-12-05 15:50:00,TANK_02,6.085,1.813,23.32,7.87,none,True,6.092666666666666,0.006806859285672237,-0.016000000000000014,1.8036666666666665,0.008144527815197871,0.0040000000000000036,23.206666666666667,0.1026320287892767,0.33000000000000185,7.953333333333334,0.08020806277016317,-0.009999999999999787,2.925972396486826,0.0539
2025-12-05 16:00:00,TANK_02,6.078,1.813,23.41,7.86,none,True,6.087000000000001,0.010148891565169483,-0.01699999999999946,1.8086666666666666,0.007505553499409245,0.014999999999999902,23.30333333333333,0.11590225767170718,0.28999999999999915,7.920000000000001,0.09539392014174386,-0.09999999999999964,2.940954773869347,0.0955
2025-12-05 16:10:00,TANK_02,6.081,1.809,23.33,7.86,none,True,6.081333333333333,0.0035118845845025504,-0.01699999999999946,1.8116666666666665,0.0023094010765722806,0.008999999999999897,23.353333333333335,0.04932882862380274,0.14999999999999858,7.863333333333334,0.005773502692771034,-0.16999999999999904,2.930904522613065,0.1674
2025-12-05 16:20:00,TANK_02,6.091,1.822,23.3,7.79,none,True,6.083333333333333,0.0068068592856672895,0.006000000000000227,1.8146666666666667,0.006658328118413063,0.009000000000000119,23.346666666666664,0.056862407031332156,-0.019999999999999574,7.836666666666667,0.040414518843401775,-0.08000000000000007,2.953105196451204,0.0361
2025-12-05 16:30:00,TANK_02,6.08,1.826,23.34,7.75,none,True,6.0840000000000005,0.006082762530425234,0.0019999999999997797,1.819,0.0088881944172639,0.013000000000000123,23.323333333333334,0.020816659996217995,-0.07000000000000028,7.800000000000001,0.05567764362839613,-0.11000000000000032,2.9732484076433123,0.1071
2025-12-05 16:40:00,TANK_02,6.099,1.843,23.49,7.72,none,True,6.090000000000001,0.009539392014251814,0.017999999999999794,1.8303333333333331,0.011150485789072857,0.03400000000000003,23.376666666666665,0.10016652800908502,0.16000000000000014,7.753333333333334,0.03511884584300089,-0.14000000000000057,3.00383631713555,0.2293
2025-12-05 16:50:00,TANK_02,6.097,1.841,23.52,7.59,none,True,6.092,0.01044030650898626,0.006000000000000227,1.8366666666666667,0.009291573243119905,0.018999999999999906,23.45,0.09643650761022744,0.21999999999999886,7.686666666666667,0.08504900548122317,-0.20000000000000018,3.05851755526658,0.2259
2025-12-05 17:00:00,TANK_02,6.096,1.845,23.62,7.66,none,True,6.097333333333334,0.0015275252321764194,0.016000000000000014,1.843,0.0019999999997186526,0.018999999999999906,23.543333333333333,0.06806859285592899,0.28000000000000114,7.656666666666667,0.06506407098657005,-0.08999999999999986,3.043814432989691,0.2404
2025-12-05 17:10:00,TANK_02,6.091,1.85,23.53,7.78,none,True,6.094666666666666,0.0032145502539124285,-0.008000000000000007,1.8453333333333335,0.004509249752695841,0.007000000000000117,23.55666666666667,0.05507570547333366,0.0400000000000027,7.676666666666667,0.09609023536939246,0.0600000000000005,2.986040609137056,0.1388
2025-12-05 17:20:00,TANK_02,6.093,1.837,23.78,7.56,none,True,6.093333333333334,0.002516611478739692,-0.004000000000000448,1.844,0.006557438524215543,-0.0040000000000000036,23.643333333333334,0.12662279942166824,0.26000000000000156,7.666666666666668,0.11015141094577685,-0.03000000000000025,3.1044386422976507,0.2058
2025-12-05 17:30:00,TANK_02,6.099,1.818,23.71,7.81,none,True,6.094333333333334,0.004163331999123924,0.0030000000000001137,1.8350000000000002,0.01609347693939838,-0.026999999999999913,23.673333333333332,0.12897028081452744,0.08999999999999986,7.716666666666668,0.13650396819633054,0.14999999999999947,2.9974715549936795,0.2464
2025-12-05 17:40:00,TANK_02,6.097,1.816,23.7,7.63,none,True,6.096333333333334,0.0030550504635663616,0.006000000000000227,1.8236666666666668,0.011590225767101435,-0.03400000000000003,23.73,0.04358898943587759,0.16999999999999815,7.666666666666667,0.12897028081440073,-0.15000000000000036,3.0659767141009056,0.293
2025-12-05 17:50:00,TANK_02,6.09,1.814,23.96,7.77,none,True,6.0953333333333335,0.004725815626421824,-0.0030000000000001137,1.816,0.001999999999779785,-0.02299999999999991,23.790000000000003,0.14730919862668754,0.17999999999999972,7.736666666666667,0.09451631252511114,0.20999999999999996,3.0444726810673446,0.1927
2025-12-05 18:00:00,TANK_02,6.09,1.815,23.86,7.86,none,True,6.092333333333333,0.004041451884523161,-0.009000000000000341,1.8150000000000002,0.000999999999564286,-0.0030000000000001137,23.840000000000003,0.13114877048616774,0.14999999999999858,7.753333333333334,0.11590225767147228,0.05000000000000071,2.9974874371859297,0.1241
2025-12-05 18:10:00,TANK_02,6.089,1.825,23.89,7.58,none,True,6.089666666666666,0.0005773502705453229,-0.008000000000000007,1.8180000000000003,0.00608276253022418,0.008999999999999897,23.903333333333336,0.0513160143947545,0.19000000000000128,7.736666666666667,0.14294521094931634,-0.04999999999999982,3.1106770833333335,0.2196
2025-12-05 18:20:00,TANK_02,6.077,1.82,23.99,7.54,none,True,6.085333333333334,0.007234178138177077,-0.0129999999999999,1.82,0.00499999999990806,0.006000000000000005,23.91333333333333,0.06806859285575077,0.029999999999997584,7.660000000000001,0.17435595774166168,-0.22999999999999954,3.1400523560209423,0.2622
2025-12-05 18:30:00,TANK_02,6.064,1.824,24.08,7.62,none,True,6.076666666666667,0.012503332889067924,-0.0259999999999998,1.8229999999999997,0.0026457513108854628,0.009000000000000119,23.986666666666665,0.09504384952935133,0.21999999999999886,7.580000000000001,0.0400000000001619,-0.2400000000000002,3.1191709844559585,0.3295
2025-12-05 18:40:00,TANK_02,6.072,1.806,24.0,7.73,none,True,6.071000000000001,0.006557438524415014,-0.017000000000000348,1.8166666666666667,0.009451631252458107,-0.018999999999999906,24.02333333333333,0.0493288286233953,0.10999999999999943,7.63,0.09539392014175996,0.15000000000000036,3.0651340996168583,0.2483
2025-12-05 18:50:00,TANK_02,6.071,1.803,23.96,7.76,none,True,6.069,0.004358898943709206,-0.006000000000000227,1.811,0.011357816691563657,-0.017000000000000126,24.013333333333335,0.061101009266269934,-0.029999999999997584,7.703333333333334,0.07371114795839938,0.21999999999999975,3.048346055979644,0.207
2025-12-05 19:00:00,TANK_02,6.067,1.804,24.01,7.75,none,True,6.07,0.002645751311343084,0.0030000000000001137,1.8043333333333333,0.0015275252313969466,-0.020000000000000018,23.99,0.02645751311111933,-0.06999999999999673,7.746666666666667,0.015275252316889618,0.1299999999999999,3.05859872611465,0.2589
2025-12-05 19:10:00,TANK_02,6.059,1.815,24.16,7.71,none,True,6.065666666666666,0.006110100926725723,-0.0129999999999999,1.8073333333333332,0.006658328118418939,0.008999999999999897,24.043333333333337,0.10408329997340865,0.16000000000000014,7.740000000000001,0.02645751311086086,-0.020000000000000462,3.093469910371319,0.1931
2025-12-05 19:20:00,TANK_02,6.068,1.821,24.18,7.64,none,True,6.064666666666667,0.004932882862461555,-0.0030000000000001137,1.8133333333333332,0.00862167810420201,0.018000000000000016,24.116666666666664,0.09291573243186123,0.21999999999999886,7.7,0.05567764362840559,-0.1200000000000001,3.124031007751938,0.1978
2025-12-05 19:30:00,TANK_02,6.071,1.816,24.2,7.79,none,True,6.066,0.00624499799851358,0.0039999999999995595,1.8173333333333332,0.0032145502535259668,0.01200000000000001,24.179999999999996,0.020000000000283288,0.18999999999999773,7.713333333333334,0.07505553499472867,0.040000000000000036,3.0671736375158427,0.212
2025-12-05 19:40:00,TANK_02,6.082,1.832,23.95,7.62,none,True,6.073666666666665,0.007371114795932809,0.022999999999999687,1.8230000000000002,0.008185352771815224,0.017000000000000126,24.11,0.1389244398945578,-0.21000000000000085,7.683333333333334,0.09291573243183987,-0.08999999999999986,3.1023316062176165,0.2089
2025-12-05 19:50:00,TANK_02,6.081,1.843,24.2,7.64,none,True,6.078,0.006082762530422728,0.013000000000000789,1.8303333333333331,0.013576941236240677,0.02200000000000002,24.116666666666664,0.14433756729746183,0.019999999999999574,7.683333333333334,0.09291573243183987,0.0,3.1266149870801034,0.233
2025-12-05 20:00:00,TANK_02,6.079,1.845,24.01,7.51,none,True,6.080666666666666,0.0015275252321531345,0.008000000000000007,1.84,0.006999999999922533,0.028999999999999915,24.05333333333333,0.13051181300309245,-0.18999999999999773,7.590000000000001,0.07000000000009339,-0.28000000000000025,3.1550591327201056,0.3531
2025-12-05 20:10:00,TANK_02,6.083,1.844,24.05,7.82,none,True,6.081,0.002000000000383437,0.001000000000000334,1.844,0.0009999999994405886,0.01200000000000001,24.086666666666662,0.10016652800886867,0.10000000000000142,7.656666666666667,0.15567059238451442,0.20000000000000018,3.0366161616161618,0.263
2025-12-05 20:20:00,TANK_02,6.079,1.843,23.85,7.75,none,True,6.080333333333333,0.002309401077089416,-0.002000000000000668,1.844,0.0009999999994405886,0.0,23.97,0.10583005244271718,-0.34999999999999787,7.693333333333334,0.162583311976799,0.11000000000000032,3.0382165605095546,0.2784
2025-12-05 20:30:00,TANK_02,6.068,1.856,23.97,7.78,none,True,6.076666666666667,0.007767453465250596,-0.01100000000000012,1.8476666666666668,0.007234178137990669,0.01100000000000012,23.956666666666667,0.10066445913708942,-0.0400000000000027,7.783333333333334,0.0351188458429923,0.27000000000000046,3.041878172588832,0.2194
2025-12-05 20:40:00,TANK_02,6.076,1.851,23.97,7.75,none,True,6.074333333333333,0.005686240703207218,-0.007000000000000561,1.8499999999999999,0.006557438524212673,0.006999999999999895,23.929999999999996,0.06928203230298302,-0.08000000000000185,7.760000000000001,0.017320508076002605,-0.07000000000000028,3.053503184713376,0.1854
2025-12-05 20:50:00,TANK_02,6.067,1.858,23.95,7.7,none,True,6.070333333333333,0.0049328828624623875,-0.011999999999999567,1.8550000000000002,0.0036055512752954546,0.015000000000000124,23.963333333333335,0.011547005385045125,0.09999999999999787,7.743333333333335,0.04041451884341137,-0.04999999999999982,3.0705128205128207,0.2624
2025-12-05 21:00:00,TANK_02,6.092,1.862,24.08,7.58,none,True,6.078333333333333,0.012662279942207677,0.02400000000000002,1.8570000000000002,0.00556776436271939,0.006000000000000005,24.0,0.0700000000001853,0.10999999999999943,7.676666666666667,0.08736894948061054,-0.20000000000000018,3.1354166666666665,0.3026
2025-12-05 21:10:00,TANK_02,6.092,1.87,23.98,7.77,none,True,6.083666666666666,0.01443375672979397,0.016000000000000014,1.8633333333333335,0.006110100926502578,0.019000000000000128,24.00333333333333,0.06806859285572887,0.010000000000001563,7.683333333333334,0.09609023536939315,0.019999999999999574,3.0470139771283358,0.2395
2025-12-05 21:20:00,TANK_02,6.093,1.886,23.82,7.77,none,True,6.092333333333333,0.0005773502705840155,0.0259999999999998,1.8726666666666667,0.012220201853159791,0.027999999999999803,23.959999999999997,0.13114877048614992,-0.129999999999999,7.706666666666667,0.10969655114608211,0.0699999999999994,3.0266836086404068,0.2959
