timestamp,tank_id,pH,EC_mS_cm,temp_C,do_mg_L
2025-12-01 00:00:00,TANK_01,5.837,1.579,22.47,8.37
2025-12-01 00:10:00,TANK_01,5.843,1.559,22.2,8.02
2025-12-01 00:20:00,TANK_01,5.845,1.579,22.31,8.15
2025-12-01 00:30:00,TANK_01,5.835,1.568,22.06,8.17
2025-12-01 00:40:00,TANK_01,5.844,1.564,22.4,8.13
2025-12-01 00:50:00,TANK_01,5.845,1.569,22.22,8.25
2025-12-01 01:00:00,TANK_01,5.837,1.546,22.12,8.1
2025-12-01 01:10:00,TANK_01,5.837,1.562,21.9,8.27
2025-12-01 01:20:00,TANK_01,5.847,1.566,22.1,8.12
2025-12-01 01:30:00,TANK_01,5.841,1.576,21.99,8.32
2025-12-01 01:40:00,TANK_01,5.844,1.592,21.8,8.11
2025-12-01 01:50:00,TANK_01,5.824,1.581,21.87,8.06
2025-12-01 02:00:00,TANK_01,5.82,1.602,21.8,8.39
2025-12-01 02:10:00,TANK_01,5.81,1.577,21.82,8.08
2025-12-01 02:20:00,TANK_01,5.812,1.578,21.45,8.43
2025-12-01 02:30:00,TANK_01,5.828,1.584,21.5,8.29
2025-12-01 02:40:00,TANK_01,5.817,1.581,21.42,8.2
2025-12-01 02:50:00,TANK_01,5.826,1.566,21.31,8.08
2025-12-01 03:00:00,TANK_01,5.832,1.573,21.38,8.58
2025-12-01 03:10:00,TANK_01,5.842,1.564,21.56,8.17
2025-12-01 03:20:00,TANK_01,5.85,1.571,21.07,8.48
2025-12-01 03:30:00,TANK_01,5.854,1.576,21.03,8.48
2025-12-01 03:40:00,TANK_01,5.846,1.558,21.22,8.28
2025-12-01 03:50:00,TANK_01,5.847,1.577,21.13,8.4
2025-12-01 04:00:00,TANK_01,5.858,1.569,21.02,8.46
2025-12-01 04:10:00,TANK_01,5.866,1.567,20.43,8.51
2025-12-01 04:20:00,TANK_01,5.868,1.563,20.91,8.4
2025-12-01 04:30:00,TANK_01,5.871,1.548,20.59,8.47
2025-12-01 04:40:00,TANK_01,5.872,1.549,20.73,8.44
2025-12-01 04:50:00,TANK_01,5.873,1.55,20.69,8.5
2025-12-01 05:00:00,TANK_01,5.868,1.557,20.69,8.42
2025-12-01 05:10:00,TANK_01,5.864,1.561,20.67,8.31
2025-12-01 05:20:00,TANK_01,5.865,1.561,20.45,8.39
2025-12-01 05:30:00,TANK_01,5.85,1.55,20.3,8.42
2025-12-01 05:40:00,TANK_01,5.845,1.544,20.49,8.43
2025-12-01 05:50:00,TANK_01,5.838,1.536,20.27,8.47
2025-12-01 06:00:00,TANK_01,5.836,1.552,20.56,8.58
2025-12-01 06:10:00,TANK_01,5.858,1.54,20.43,8.53
2025-12-01 06:20:00,TANK_01,5.863,1.56,20.62,8.52
2025-12-01 06:30:00,TANK_01,5.87,1.549,20.16,8.57
2025-12-01 06:40:00,TANK_01,5.87,1.535,20.25,8.52
2025-12-01 06:50:00,TANK_01,5.88,1.534,20.22,8.5
2025-12-01 07:00:00,TANK_01,5.882,1.522,20.33,8.69
2025-12-01 07:10:00,TANK_01,5.891,1.507,20.23,8.32
2025-12-01 07:20:00,TANK_01,5.873,1.513,20.21,8.43
2025-12-01 07:30:00,TANK_01,5.852,1.5,20.22,8.5
2025-12-01 07:40:00,TANK_01,5.86,1.515,20.15,8.55
2025-12-01 07:50:00,TANK_01,5.859,1.51,20.16,8.6
2025-12-01 08:00:00,TANK_01,5.849,1.521,20.37,8.47
2025-12-01 08:10:00,TANK_01,5.852,1.506,20.48,8.54
2025-12-01 08:20:00,TANK_01,5.854,1.507,20.26,8.42
2025-12-01 08:30:00,TANK_01,5.858,1.497,20.27,8.42
2025-12-01 08:40:00,TANK_01,5.867,1.495,20.26,8.78
2025-12-01 08:50:00,TANK_01,5.876,1.498,20.25,8.39
2025-12-01 09:00:00,TANK_01,5.887,1.513,20.27,8.65
2025-12-01 09:10:00,TANK_01,5.887,1.495,20.2,7.47
2025-12-01 09:20:00,TANK_01,5.893,1.486,20.3,7.66
2025-12-01 09:30:00,TANK_01,5.885,1.486,20.44,7.56
2025-12-01 09:40:00,TANK_01,5.884,1.489,20.3,7.51
2025-12-01 09:50:00,TANK_01,5.874,1.487,20.33,7.75
2025-12-01 10:00:00,TANK_01,5.879,1.49,20.3,7.46
2025-12-01 10:10:00,TANK_01,5.886,1.484,20.39,7.28
2025-12-01 10:20:00,TANK_01,5.889,1.488,20.56,7.47
2025-12-01 10:30:00,TANK_01,5.898,1.486,20.28,7.8
2025-12-01 10:40:00,TANK_01,5.912,1.503,20.69,7.2
2025-12-01 10:50:00,TANK_01,5.902,1.505,20.68,6.99
2025-12-01 11:00:00,TANK_01,5.897,1.498,20.73,7.64
2025-12-01 11:10:00,TANK_01,5.891,1.502,20.58,7.53
2025-12-01 11:20:00,TANK_01,5.887,1.5,21.03,7.46
2025-12-01 11:30:00,TANK_01,5.886,1.509,20.92,7.24
2025-12-01 11:40:00,TANK_01,5.876,1.486,20.92,7.35
2025-12-01 11:50:00,TANK_01,5.871,1.483,21.05,8.41
2025-12-01 12:00:00,TANK_01,5.884,1.461,20.85,8.53
2025-12-01 12:10:00,TANK_01,5.891,1.469,21.08,8.3
2025-12-01 12:20:00,TANK_01,5.893,1.459,20.99,8.25
2025-12-01 12:30:00,TANK_01,5.895,1.465,21.44,8.32
2025-12-01 12:40:00,TANK_01,5.9,1.482,21.21,8.23
2025-12-01 12:50:00,TANK_01,5.896,1.48,21.62,8.22
2025-12-01 13:00:00,TANK_01,5.909,1.475,21.5,8.34
2025-12-01 13:10:00,TANK_01,5.915,1.482,21.43,8.42
2025-12-01 13:20:00,TANK_01,5.925,1.475,21.65,8.14
2025-12-01 13:30:00,TANK_01,5.927,1.463,21.74,8.52
2025-12-01 13:40:00,TANK_01,5.942,1.47,21.62,8.29
2025-12-01 13:50:00,TANK_01,5.954,1.469,21.82,8.05
2025-12-01 14:00:00,TANK_01,5.946,1.45,22.1,8.21
2025-12-01 14:10:00,TANK_01,5.954,1.448,21.77,8.24
2025-12-01 14:20:00,TANK_01,5.948,1.437,22.02,8.19
2025-12-01 14:30:00,TANK_01,5.947,1.429,21.97,8.19
2025-12-01 14:40:00,TANK_01,5.96,1.413,22.08,8.15
2025-12-01 14:50:00,TANK_01,5.959,1.407,22.46,8.14
2025-12-01 15:00:00,TANK_01,5.949,1.388,22.28,8.28
2025-12-01 15:10:00,TANK_01,5.952,1.364,22.2,8.16
2025-12-01 15:20:00,TANK_01,5.963,1.365,22.45,8.21
2025-12-01 15:30:00,TANK_01,5.976,1.358,22.56,7.99
2025-12-01 15:40:00,TANK_01,5.966,1.364,22.4,8.13
2025-12-01 15:50:00,TANK_01,5.969,1.372,22.5,8.13
2025-12-01 16:00:00,TANK_01,5.969,1.386,22.61,7.97
2025-12-01 16:10:00,TANK_01,5.974,1.377,22.6,8.17
2025-12-01 16:20:00,TANK_01,5.979,1.346,22.71,7.95
2025-12-01 16:30:00,TANK_01,5.986,1.36,23.13,8.05
2025-12-01 16:40:00,TANK_01,5.975,1.349,22.82,8.09
2025-12-01 16:50:00,TANK_01,5.989,1.329,23.06,8.09
2025-12-01 17:00:00,TANK_01,5.992,1.361,23.11,7.99
2025-12-01 17:10:00,TANK_01,5.999,1.355,22.96,8.06
2025-12-01 17:20:00,TANK_01,6.011,1.454,23.25,7.93
2025-12-01 17:30:00,TANK_01,6.028,1.354,23.25,8.04
2025-12-01 17:40:00,TANK_01,6.015,1.352,23.45,7.93
2025-12-01 17:50:00,TANK_01,6.029,1.361,23.05,8.07
2025-12-01 18:00:00,TANK_01,6.019,1.363,23.26,7.96
2025-12-01 18:10:00,TANK_01,6.019,1.365,23.29,7.82
2025-12-01 18:20:00,TANK_01,6.009,1.374,23.58,7.93
2025-12-01 18:30:00,TANK_01,6.018,1.383,23.24,7.78
2025-12-01 18:40:00,TANK_01,6.018,1.364,23.4,7.79
2025-12-01 18:50:00,TANK_01,6.012,1.356,23.52,7.85
2025-12-01 19:00:00,TANK_01,6.001,1.356,23.84,7.91
2025-12-01 19:10:00,TANK_01,5.982,1.357,23.81,7.88
2025-12-01 19:20:00,TANK_01,5.996,1.368,23.66,7.99
2025-12-01 19:30:00,TANK_01,5.999,1.365,23.49,7.93
2025-12-01 19:40:00,TANK_01,6.004,1.352,23.5,7.92
2025-12-01 19:50:00,TANK_01,6.005,1.349,23.64,7.89
2025-12-01 20:00:00,TANK_01,6.002,1.336,23.45,7.95
2025-12-01 20:10:00,TANK_01,6.004,1.315,23.66,7.82
2025-12-01 20:20:00,TANK_01,5.995,1.326,23.68,7.82
2025-12-01 20:30:00,TANK_01,5.992,1.314,23.63,7.98
2025-12-01 20:40:00,TANK_01,5.988,1.327,23.64,7.88
2025-12-01 20:50:00,TANK_01,5.996,1.31,23.48,7.95
2025-12-01 21:00:00,TANK_01,5.997,1.33,23.54,7.95
2025-12-01 21:10:00,TANK_01,5.984,1.328,23.39,8.17
2025-12-01 21:20:00,TANK_01,5.98,1.329,23.61,7.96
2025-12-01 21:30:00,TANK_01,5.967,1.335,23.52,7.9
2025-12-01 21:40:00,TANK_01,5.972,1.336,23.25,7.91
2025-12-01 21:50:00,TANK_01,5.972,1.33,23.45,8.03
2025-12-01 22:00:00,TANK_01,5.976,1.325,23.51,7.93
2025-12-01 22:10:00,TANK_01,5.98,1.318,23.29,8.05
2025-12-01 22:20:00,TANK_01,5.988,1.315,23.28,7.98
2025-12-01 22:30:00,TANK_01,5.979,1.313,23.18,7.84
2025-12-01 22:40:00,TANK_01,5.981,1.311,23.02,7.93
2025-12-01 22:50:00,TANK_01,5.98,1.282,23.18,8.0
2025-12-01 23:00:00,TANK_01,5.987,1.276,22.94,8.08
2025-12-01 23:10:00,TANK_01,5.974,1.281,22.98,7.91
2025-12-01 23:20:00,TANK_01,5.978,1.292,22.99,7.99
2025-12-01 23:30:00,TANK_01,5.961,1.3,22.96,7.99
2025-12-01 23:40:00,TANK_01,5.975,1.284,22.84,8.04
2025-12-01 23:50:00,TANK_01,5.972,1.259,22.89,8.02
2025-12-02 00:00:00,TANK_01,5.983,1.279,22.76,8.09
2025-12-02 00:10:00,TANK_01,5.986,1.28,22.71,8.1
2025-12-02 00:20:00,TANK_01,5.998,1.271,22.89,8.08
2025-12-02 00:30:00,TANK_01,6.001,1.249,22.6,7.98
2025-12-02 00:40:00,TANK_01,6.008,1.258,22.68,8.05
2025-12-02 00:50:00,TANK_01,6.007,1.262,22.22,8.1
2025-12-02 01:00:00,TANK_01,6.002,1.267,22.35,8.19
2025-12-02 01:10:00,TANK_01,6.001,1.275,22.61,8.23
2025-12-02 01:20:00,TANK_01,6.011,1.286,22.23,8.07
2025-12-02 01:30:00,TANK_01,6.003,1.288,22.38,8.04
2025-12-02 01:40:00,TANK_01,6.008,1.275,21.99,8.27
2025-12-02 01:50:00,TANK_01,6.002,1.267,22.31,8.14
2025-12-02 02:00:00,TANK_01,6.002,1.265,22.05,8.1
2025-12-02 02:10:00,TANK_01,6.003,1.275,21.9,7.97
2025-12-02 02:20:00,TANK_01,5.997,1.282,22.0,8.22
2025-12-02 02:30:00,TANK_01,6.012,1.272,21.95,8.21
2025-12-02 02:40:00,TANK_01,6.019,1.243,21.84,8.23
2025-12-02 02:50:00,TANK_01,6.039,1.244,21.55,8.18
2025-12-02 03:00:00,TANK_01,6.043,1.247,21.52,8.16
2025-12-02 03:10:00,TANK_01,6.059,1.244,21.52,8.21
2025-12-02 03:20:00,TANK_01,6.073,1.255,21.34,8.29
2025-12-02 03:30:00,TANK_01,6.065,1.273,21.46,8.25
2025-12-02 03:40:00,TANK_01,6.062,1.278,21.31,8.45
2025-12-02 03:50:00,TANK_01,6.053,1.266,21.45,8.24
2025-12-02 04:00:00,TANK_01,6.068,1.274,21.06,8.29
2025-12-02 04:10:00,TANK_01,6.069,1.272,21.2,8.26
2025-12-02 04:20:00,TANK_01,6.068,1.281,21.26,8.23
2025-12-02 04:30:00,TANK_01,6.067,1.28,20.89,8.47
2025-12-02 04:40:00,TANK_01,6.073,1.284,20.98,8.45
2025-12-02 04:50:00,TANK_01,6.083,1.296,20.92,8.41
2025-12-02 05:00:00,TANK_01,6.08,1.292,21.01,8.36
2025-12-02 05:10:00,TANK_01,6.079,1.298,20.93,8.3
2025-12-02 05:20:00,TANK_01,6.073,1.305,20.87,8.36
2025-12-02 05:30:00,TANK_01,6.085,1.303,20.53,8.36
2025-12-02 05:40:00,TANK_01,6.071,1.314,20.78,8.41
2025-12-02 05:50:00,TANK_01,6.048,1.299,20.66,8.24
2025-12-02 06:00:00,TANK_01,6.058,1.298,20.63,8.42
2025-12-02 06:10:00,TANK_01,6.049,1.287,20.39,8.47
2025-12-02 06:20:00,TANK_01,6.054,1.284,20.55,8.34
2025-12-02 06:30:00,TANK_01,6.057,1.259,20.43,8.39
2025-12-02 06:40:00,TANK_01,6.052,1.261,20.51,8.46
2025-12-02 06:50:00,TANK_01,6.065,1.275,20.59,8.55
2025-12-02 07:00:00,TANK_01,6.083,1.278,20.33,8.57
2025-12-02 07:10:00,TANK_01,6.073,1.296,20.69,8.36
2025-12-02 07:20:00,TANK_01,6.063,1.289,20.46,8.58
2025-12-02 07:30:00,TANK_01,6.051,1.298,20.21,8.61
2025-12-02 07:40:00,TANK_01,6.051,1.299,20.44,8.55
2025-12-02 07:50:00,TANK_01,6.055,1.316,20.23,8.4
2025-12-02 08:00:00,TANK_01,6.042,1.323,20.24,8.73
2025-12-02 08:10:00,TANK_01,6.044,1.334,20.33,8.49
2025-12-02 08:20:00,TANK_01,6.05,1.327,20.43,8.61
2025-12-02 08:30:00,TANK_01,6.064,1.332,20.7,8.22
2025-12-02 08:40:00,TANK_01,6.067,1.328,20.64,8.53
2025-12-02 08:50:00,TANK_01,6.079,1.322,20.55,8.54
2025-12-02 09:00:00,TANK_01,6.093,1.312,20.42,8.48
2025-12-02 09:10:00,TANK_01,6.107,1.318,20.69,8.22
2025-12-02 09:20:00,TANK_01,6.105,1.323,20.58,8.25
2025-12-02 09:30:00,TANK_01,6.117,1.326,20.52,8.56
2025-12-02 09:40:00,TANK_01,6.1,1.32,20.71,8.45
2025-12-02 09:50:00,TANK_01,6.098,1.319,20.61,8.51
2025-12-02 10:00:00,TANK_01,6.096,1.325,20.42,8.58
2025-12-02 10:10:00,TANK_01,6.12,1.33,20.7,8.36
2025-12-02 10:20:00,TANK_01,6.128,1.323,20.65,8.21
2025-12-02 10:30:00,TANK_01,6.131,1.32,20.76,8.4
2025-12-02 10:40:00,TANK_01,6.124,1.321,20.7,8.4
2025-12-02 10:50:00,TANK_01,6.122,1.304,20.73,8.35
2025-12-02 11:00:00,TANK_01,6.117,1.306,20.88,8.37
2025-12-02 11:10:00,TANK_01,6.113,1.28,20.96,8.28
2025-12-02 11:20:00,TANK_01,6.112,1.272,21.11,8.33
2025-12-02 11:30:00,TANK_01,6.12,1.279,21.02,8.43
2025-12-02 11:40:00,TANK_01,6.123,1.268,21.13,8.34
2025-12-02 11:50:00,TANK_01,6.136,1.264,21.39,8.36
2025-12-02 12:00:00,TANK_01,6.115,1.254,21.33,8.16
2025-12-02 12:10:00,TANK_01,6.12,1.267,21.29,8.44
2025-12-02 12:20:00,TANK_01,6.134,1.266,21.38,8.31
2025-12-02 12:30:00,TANK_01,6.139,1.25,21.43,8.12
2025-12-02 12:40:00,TANK_01,6.136,1.248,21.3,8.18
2025-12-02 12:50:00,TANK_01,6.133,1.269,21.42,8.3
2025-12-02 13:00:00,TANK_01,6.124,1.265,21.77,8.25
2025-12-02 13:10:00,TANK_01,6.129,1.269,21.79,8.01
2025-12-02 13:20:00,TANK_01,6.133,1.268,21.84,8.29
2025-12-02 13:30:00,TANK_01,6.138,1.275,21.72,8.28
2025-12-02 13:40:00,TANK_01,6.138,1.274,22.08,8.12
2025-12-02 13:50:00,TANK_01,6.131,1.26,21.96,8.29
2025-12-02 14:00:00,TANK_01,6.115,1.262,21.76,8.16
2025-12-02 14:10:00,TANK_01,6.12,1.256,21.99,8.15
2025-12-02 14:20:00,TANK_01,6.131,1.271,22.39,8.18
2025-12-02 14:30:00,TANK_01,6.135,1.281,22.14,8.06
2025-12-02 14:40:00,TANK_01,6.148,1.289,22.45,8.12
2025-12-02 14:50:00,TANK_01,6.14,1.278,22.53,8.2
2025-12-02 15:00:00,TANK_01,6.13,1.27,22.47,8.18
2025-12-02 15:10:00,TANK_01,6.127,1.261,22.67,8.12
2025-12-02 15:20:00,TANK_01,6.12,1.254,22.75,7.93
2025-12-02 15:30:00,TANK_01,6.118,1.258,22.7,8.15
2025-12-02 15:40:00,TANK_01,6.101,1.258,22.78,8.08
2025-12-02 15:50:00,TANK_01,6.108,1.246,22.98,8.05
2025-12-02 16:00:00,TANK_01,6.114,1.24,22.89,8.16
2025-12-02 16:10:00,TANK_01,6.114,1.241,22.97,7.85
2025-12-02 16:20:00,TANK_01,6.113,1.248,22.93,8.02
2025-12-02 16:30:00,TANK_01,6.113,1.232,23.14,7.85
2025-12-02 16:40:00,TANK_01,6.118,1.23,23.06,8.0
2025-12-02 16:50:00,TANK_01,6.126,1.238,23.1,7.97
2025-12-02 17:00:00,TANK_01,6.118,1.223,23.32,7.84
2025-12-02 17:10:00,TANK_01,6.111,1.226,23.09,8.04
2025-12-02 17:20:00,TANK_01,6.103,1.215,23.23,7.88
2025-12-02 17:30:00,TANK_01,6.106,1.229,23.42,7.98
2025-12-02 17:40:00,TANK_01,6.1,1.226,23.39,7.93
2025-12-02 17:50:00,TANK_01,6.102,1.213,23.63,7.76
2025-12-02 18:00:00,TANK_01,6.101,1.221,23.36,8.04
2025-12-02 18:10:00,TANK_01,6.087,1.213,23.2,8.07
2025-12-02 18:20:00,TANK_01,6.075,1.205,23.61,7.93
2025-12-02 18:30:00,TANK_01,6.085,1.21,23.65,7.84
2025-12-02 18:40:00,TANK_01,6.084,1.217,23.66,7.98
2025-12-02 18:50:00,TANK_01,6.076,1.205,23.44,7.88
2025-12-02 19:00:00,TANK_01,6.075,1.192,23.59,7.96
2025-12-02 19:10:00,TANK_01,6.085,1.185,23.69,7.75
2025-12-02 19:20:00,TANK_01,6.078,1.185,23.56,7.83
2025-12-02 19:30:00,TANK_01,6.081,1.174,23.66,7.87
2025-12-02 19:40:00,TANK_01,6.086,1.181,23.67,7.83
2025-12-02 19:50:00,TANK_01,6.096,1.182,23.56,7.92
2025-12-02 20:00:00,TANK_01,6.09,1.155,23.55,7.87
2025-12-02 20:10:00,TANK_01,6.085,1.139,23.62,7.93
2025-12-02 20:20:00,TANK_01,6.073,1.141,23.41,7.98
2025-12-02 20:30:00,TANK_01,6.067,1.126,23.78,7.91
2025-12-02 20:40:00,TANK_01,6.077,1.128,23.68,7.84
2025-12-02 20:50:00,TANK_01,6.081,1.126,23.55,7.89
2025-12-02 21:00:00,TANK_01,6.068,1.125,23.66,7.9
2025-12-02 21:10:00,TANK_01,6.073,1.121,23.59,7.9
2025-12-02 21:20:00,TANK_01,6.092,1.107,23.81,7.79
2025-12-02 21:30:00,TANK_01,6.089,1.109,23.61,7.89
2025-12-02 21:40:00,TANK_01,6.091,1.121,23.82,7.9
2025-12-02 21:50:00,TANK_01,6.098,1.119,23.68,7.87
2025-12-02 22:00:00,TANK_01,6.102,1.108,23.13,8.2
2025-12-02 22:10:00,TANK_01,6.113,1.116,23.3,7.79
2025-12-02 22:20:00,TANK_01,6.11,1.703,23.46,7.92
2025-12-02 22:30:00,TANK_01,6.123,1.119,23.37,8.05
2025-12-02 22:40:00,TANK_01,6.116,1.122,23.22,7.9
2025-12-02 22:50:00,TANK_01,6.131,1.131,23.3,8.07
2025-12-02 23:00:00,TANK_01,6.135,1.144,23.09,7.97
2025-12-02 23:10:00,TANK_01,6.138,1.133,23.06,7.87
2025-12-02 23:20:00,TANK_01,6.145,1.127,23.12,8.03
2025-12-02 23:30:00,TANK_01,6.144,1.127,23.05,8.03
2025-12-02 23:40:00,TANK_01,6.157,1.115,22.99,7.89
2025-12-02 23:50:00,TANK_01,6.171,1.096,22.94,7.97
2025-12-03 00:00:00,TANK_01,6.165,1.102,22.92,7.92
2025-12-03 00:10:00,TANK_01,6.17,1.104,22.71,7.91
2025-12-03 00:20:00,TANK_01,6.178,1.11,22.79,7.99
2025-12-03 00:30:00,TANK_01,6.19,1.143,22.69,8.11
2025-12-03 00:40:00,TANK_01,6.181,1.134,22.81,8.25
2025-12-03 00:50:00,TANK_01,6.179,1.127,22.42,8.04
2025-12-03 01:00:00,TANK_01,6.179,1.113,22.38,8.2
2025-12-03 01:10:00,TANK_01,6.177,1.105,22.26,8.23
2025-12-03 01:20:00,TANK_01,6.167,1.102,22.44,8.15
2025-12-03 01:30:00,TANK_01,6.169,1.104,22.14,8.08
2025-12-03 01:40:00,TANK_01,6.164,1.074,22.14,8.14
2025-12-03 01:50:00,TANK_01,6.163,1.072,22.14,8.18
2025-12-03 02:00:00,TANK_01,6.179,1.072,22.15,8.09
2025-12-03 02:10:00,TANK_01,6.182,1.074,21.95,8.02
2025-12-03 02:20:00,TANK_01,6.168,1.077,21.9,8.17
2025-12-03 02:30:00,TANK_01,6.161,1.077,21.9,8.37
2025-12-03 02:40:00,TANK_01,6.161,1.074,21.8,8.33
2025-12-03 02:50:00,TANK_01,6.184,1.079,21.53,8.26
2025-12-03 03:00:00,TANK_01,6.173,1.069,21.85,8.17
2025-12-03 03:10:00,TANK_01,6.166,1.081,21.57,8.14
2025-12-03 03:20:00,TANK_01,6.166,1.067,21.39,8.3
2025-12-03 03:30:00,TANK_01,6.141,1.073,21.46,8.36
2025-12-03 03:40:00,TANK_01,6.138,1.077,21.25,8.22
2025-12-03 03:50:00,TANK_01,6.139,1.077,21.3,8.43
2025-12-03 04:00:00,TANK_01,6.136,1.081,21.28,8.32
2025-12-03 04:10:00,TANK_01,6.141,1.063,21.12,8.44
2025-12-03 04:20:00,TANK_01,6.138,1.069,21.18,8.03
2025-12-03 04:30:00,TANK_01,6.126,1.062,20.98,8.32
2025-12-03 04:40:00,TANK_01,6.122,1.053,20.93,8.18
2025-12-03 04:50:00,TANK_01,6.141,1.067,21.06,8.34
2025-12-03 05:00:00,TANK_01,6.132,1.09,20.79,8.53
2025-12-03 05:10:00,TANK_01,6.136,1.081,20.76,8.36
2025-12-03 05:20:00,TANK_01,6.13,1.066,20.86,8.29
2025-12-03 05:30:00,TANK_01,6.138,1.063,20.78,8.4
2025-12-03 05:40:00,TANK_01,6.134,1.062,20.74,8.63
2025-12-03 05:50:00,TANK_01,6.121,1.054,20.63,8.3
2025-12-03 06:00:00,TANK_01,6.108,1.038,20.63,8.36
2025-12-03 06:10:00,TANK_01,6.11,1.023,20.5,8.53
2025-12-03 06:20:00,TANK_01,6.117,1.006,20.67,8.36
2025-12-03 06:30:00,TANK_01,6.106,1.013,20.65,8.17
2025-12-03 06:40:00,TANK_01,6.115,1.006,20.45,8.41
2025-12-03 06:50:00,TANK_01,6.125,1.018,20.53,8.51
2025-12-03 07:00:00,TANK_01,6.146,1.016,20.35,8.51
2025-12-03 07:10:00,TANK_01,6.152,1.013,20.43,8.66
2025-12-03 07:20:00,TANK_01,6.149,1.003,20.11,8.58
2025-12-03 07:30:00,TANK_01,6.161,0.99,20.49,8.4
2025-12-03 07:40:00,TANK_01,6.161,0.983,20.41,8.54
2025-12-03 07:50:00,TANK_01,6.156,0.975,20.29,8.58
2025-12-03 08:00:00,TANK_01,6.147,0.98,20.26,8.27
2025-12-03 08:10:00,TANK_01,6.141,0.981,20.54,8.51
2025-12-03 08:20:00,TANK_01,6.144,0.955,20.47,8.3
2025-12-03 08:30:00,TANK_01,6.137,0.971,20.54,8.33
2025-12-03 08:40:00,TANK_01,6.133,0.978,20.41,8.43
2025-12-03 08:50:00,TANK_01,6.122,0.982,20.52,8.36
2025-12-03 09:00:00,TANK_01,6.101,0.999,20.37,8.5
2025-12-03 09:10:00,TANK_01,6.092,0.991,20.59,8.39
2025-12-03 09:20:00,TANK_01,6.1,0.998,20.44,8.48
2025-12-03 09:30:00,TANK_01,6.108,1.009,20.49,8.44
2025-12-03 09:40:00,TANK_01,6.098,1.016,20.56,8.3
2025-12-03 09:50:00,TANK_01,6.095,1.014,20.51,8.37
2025-12-03 10:00:00,TANK_01,6.078,1.014,20.56,8.52
2025-12-03 10:10:00,TANK_01,6.077,1.021,20.5,8.48
2025-12-03 10:20:00,TANK_01,6.084,1.028,20.65,8.33
2025-12-03 10:30:00,TANK_01,6.101,1.025,20.58,8.41
2025-12-03 10:40:00,TANK_01,6.105,1.018,20.82,8.47
2025-12-03 10:50:00,TANK_01,6.104,1.027,20.8,8.34
2025-12-03 11:00:00,TANK_01,6.12,1.033,20.87,8.2
2025-12-03 11:10:00,TANK_01,6.107,1.015,20.9,8.37
2025-12-03 11:20:00,TANK_01,6.111,1.025,20.78,8.26
2025-12-03 11:30:00,TANK_01,6.102,1.029,21.05,8.25
2025-12-03 11:40:00,TANK_01,6.096,1.032,21.08,8.44
2025-12-03 11:50:00,TANK_01,6.088,1.03,21.01,8.47
2025-12-03 12:00:00,TANK_01,6.098,1.035,21.3,8.44
2025-12-03 12:10:00,TANK_01,6.113,1.051,21.16,8.25
2025-12-03 12:20:00,TANK_01,6.126,1.046,21.09,8.3
2025-12-03 12:30:00,TANK_01,6.137,1.041,21.46,8.31
2025-12-03 12:40:00,TANK_01,6.124,1.045,21.43,8.23
2025-12-03 12:50:00,TANK_01,6.11,1.061,21.39,8.09
2025-12-03 13:00:00,TANK_01,6.119,1.056,21.7,8.22
2025-12-03 13:10:00,TANK_01,6.119,1.062,21.64,8.26
2025-12-03 13:20:00,TANK_01,6.131,1.052,21.76,8.25
2025-12-03 13:30:00,TANK_01,6.115,1.063,21.85,8.36
2025-12-03 13:40:00,TANK_01,6.111,1.052,22.2,8.05
2025-12-03 13:50:00,TANK_01,6.104,1.057,21.85,8.25
2025-12-03 14:00:00,TANK_01,6.091,1.039,21.9,8.27
2025-12-03 14:10:00,TANK_01,6.091,1.051,22.0,8.2
2025-12-03 14:20:00,TANK_01,6.083,1.036,21.96,8.11
2025-12-03 14:30:00,TANK_01,6.103,1.023,22.06,8.3
2025-12-03 14:40:00,TANK_01,6.097,1.028,21.96,8.09
2025-12-03 14:50:00,TANK_01,6.102,1.011,22.32,8.13
2025-12-03 15:00:00,TANK_01,6.097,1.008,22.45,8.1
2025-12-03 15:10:00,TANK_01,6.108,1.015,22.62,8.03
2025-12-03 15:20:00,TANK_01,6.11,1.004,22.57,8.01
2025-12-03 15:30:00,TANK_01,6.116,1.001,22.54,8.11
2025-12-03 15:40:00,TANK_01,6.109,0.994,22.55,8.03
2025-12-03 15:50:00,TANK_01,6.116,0.99,22.62,8.15
2025-12-03 16:00:00,TANK_01,6.123,0.988,23.04,7.9
2025-12-03 16:10:00,TANK_01,6.14,0.99,22.92,7.99
2025-12-03 16:20:00,TANK_01,6.152,0.98,22.95,8.04
2025-12-03 16:30:00,TANK_01,6.161,0.974,22.96,7.94
2025-12-03 16:40:00,TANK_01,6.158,0.971,22.89,7.98
2025-12-03 16:50:00,TANK_01,6.146,0.969,23.19,8.25
2025-12-03 17:00:00,TANK_01,6.138,0.961,23.1,8.04
2025-12-03 17:10:00,TANK_01,6.126,0.938,23.14,8.11
2025-12-03 17:20:00,TANK_01,6.14,0.937,23.32,7.93
2025-12-03 17:30:00,TANK_01,6.127,0.936,23.32,7.96
2025-12-03 17:40:00,TANK_01,6.121,0.936,23.28,7.97
2025-12-03 17:50:00,TANK_01,6.125,0.939,23.4,7.95
2025-12-03 18:00:00,TANK_01,6.124,0.942,23.38,7.77
2025-12-03 18:10:00,TANK_01,6.136,0.959,23.34,8.01
2025-12-03 18:20:00,TANK_01,6.129,0.965,23.27,7.98
2025-12-03 18:30:00,TANK_01,6.135,0.957,23.26,7.93
2025-12-03 18:40:00,TANK_01,6.13,0.953,23.29,8.06
2025-12-03 18:50:00,TANK_01,6.128,0.957,23.24,7.91
2025-12-03 19:00:00,TANK_01,6.144,0.948,23.49,8.12
2025-12-03 19:10:00,TANK_01,6.144,0.963,23.36,7.9
2025-12-03 19:20:00,TANK_01,6.144,0.957,23.52,7.74
2025-12-03 19:30:00,TANK_01,6.134,0.969,23.5,7.97
2025-12-03 19:40:00,TANK_01,6.151,0.952,23.14,8.15
2025-12-03 19:50:00,TANK_01,6.138,0.952,23.3,7.7
2025-12-03 20:00:00,TANK_01,6.138,0.956,23.4,7.69
2025-12-03 20:10:00,TANK_01,6.141,0.974,23.28,8.03
2025-12-03 20:20:00,TANK_01,6.144,0.955,23.61,7.92
2025-12-03 20:30:00,TANK_01,6.143,0.967,23.48,8.05
2025-12-03 20:40:00,TANK_01,6.169,0.969,23.52,7.86
2025-12-03 20:50:00,TANK_01,6.185,0.956,23.39,7.93
2025-12-03 21:00:00,TANK_01,6.184,0.949,23.54,7.88
2025-12-03 21:10:00,TANK_01,6.163,0.96,23.62,7.84
2025-12-03 21:20:00,TANK_01,6.177,0.954,23.27,7.87
2025-12-03 21:30:00,TANK_01,6.194,0.968,23.44,7.83
2025-12-03 21:40:00,TANK_01,6.202,0.956,23.4,7.88
2025-12-03 21:50:00,TANK_01,6.197,0.951,23.05,7.83
2025-12-03 22:00:00,TANK_01,6.196,0.94,23.36,8.06
2025-12-03 22:10:00,TANK_01,6.181,0.924,23.2,8.16
2025-12-03 22:20:00,TANK_01,6.173,0.929,22.98,7.92
2025-12-03 22:30:00,TANK_01,6.179,0.926,23.19,7.98
2025-12-03 22:40:00,TANK_01,6.179,0.925,23.25,7.95
2025-12-03 22:50:00,TANK_01,6.188,0.922,23.05,7.89
2025-12-03 23:00:00,TANK_01,6.167,0.917,23.0,7.96
2025-12-03 23:10:00,TANK_01,6.173,0.908,22.77,7.9
2025-12-03 23:20:00,TANK_01,6.179,0.899,22.88,7.89
2025-12-03 23:30:00,TANK_01,6.17,0.898,22.95,7.91
2025-12-03 23:40:00,TANK_01,6.156,0.897,22.78,8.0
2025-12-03 23:50:00,TANK_01,6.168,0.879,22.6,8.07
2025-12-04 00:00:00,TANK_01,6.159,0.881,22.64,8.04
2025-12-04 00:10:00,TANK_01,6.183,0.87,22.54,8.13
2025-12-04 00:20:00,TANK_01,6.175,0.87,22.61,8.09
2025-12-04 00:30:00,TANK_01,6.182,0.865,22.41,8.29
2025-12-04 00:40:00,TANK_01,6.186,0.874,22.3,8.1
2025-12-04 00:50:00,TANK_01,6.198,0.873,22.16,8.06
2025-12-04 01:00:00,TANK_01,6.197,0.888,22.3,8.05
2025-12-04 01:10:00,TANK_01,6.196,0.887,21.97,8.18
2025-12-04 01:20:00,TANK_01,6.193,0.885,21.99,8.21
2025-12-04 01:30:00,TANK_01,6.188,0.876,22.25,8.1
2025-12-04 01:40:00,TANK_01,6.175,0.887,22.12,8.06
2025-12-04 01:50:00,TANK_01,6.17,0.885,21.83,8.07
2025-12-04 02:00:00,TANK_01,6.159,0.905,21.74,8.17
2025-12-04 02:10:00,TANK_01,6.167,0.899,21.66,8.13
2025-12-04 02:20:00,TANK_01,6.172,0.9,21.8,8.17
2025-12-04 02:30:00,TANK_01,6.184,0.9,21.53,8.3
2025-12-04 02:40:00,TANK_01,6.188,0.902,21.43,8.26
2025-12-04 02:50:00,TANK_01,6.185,0.908,21.61,8.33
2025-12-04 03:00:00,TANK_01,6.193,0.918,21.53,8.22
2025-12-04 03:10:00,TANK_01,6.181,0.919,21.49,8.14
2025-12-04 03:20:00,TANK_01,6.171,0.918,21.18,8.42
2025-12-04 03:30:00,TANK_01,6.171,0.925,21.21,8.35
2025-12-04 03:40:00,TANK_01,6.159,0.918,20.87,8.3
2025-12-04 03:50:00,TANK_01,6.154,0.92,20.91,8.54
2025-12-04 04:00:00,TANK_01,6.166,0.909,20.76,8.24
2025-12-04 04:10:00,TANK_01,6.169,0.896,20.89,8.43
2025-12-04 04:20:00,TANK_01,6.172,0.902,20.71,8.47
2025-12-04 04:30:00,TANK_01,6.179,0.91,20.9,8.24
2025-12-04 04:40:00,TANK_01,6.155,0.913,20.94,8.29
2025-12-04 04:50:00,TANK_01,6.147,0.914,20.82,8.46
2025-12-04 05:00:00,TANK_01,6.135,0.909,20.57,8.48
2025-12-04 05:10:00,TANK_01,6.142,0.899,20.49,8.47
2025-12-04 05:20:00,TANK_01,6.14,0.89,20.48,8.5
2025-12-04 05:30:00,TANK_01,6.137,0.888,20.4,8.52
2025-12-04 05:40:00,TANK_01,6.131,0.89,20.47,8.41
2025-12-04 05:50:00,TANK_01,6.123,0.888,20.37,8.56
2025-12-04 06:00:00,TANK_01,6.115,0.895,20.51,8.5
2025-12-04 06:10:00,TANK_01,6.122,0.892,20.39,8.51
2025-12-04 06:20:00,TANK_01,6.106,0.888,20.16,8.32
2025-12-04 06:30:00,TANK_01,6.106,0.892,20.19,8.55
2025-12-04 06:40:00,TANK_01,6.112,0.892,20.19,8.56
2025-12-04 06:50:00,TANK_01,6.13,0.871,20.31,8.37
2025-12-04 07:00:00,TANK_01,6.139,0.881,20.15,8.46
2025-12-04 07:10:00,TANK_01,6.139,0.881,20.16,8.62
2025-12-04 07:20:00,TANK_01,6.124,0.876,20.24,8.46
2025-12-04 07:30:00,TANK_01,6.122,0.873,20.27,8.55
2025-12-04 07:40:00,TANK_01,6.109,0.861,20.09,8.5
2025-12-04 07:50:00,TANK_01,6.119,0.859,20.29,8.66
2025-12-04 08:00:00,TANK_01,6.111,0.861,20.26,8.51
2025-12-04 08:10:00,TANK_01,6.115,0.856,20.07,8.54
2025-12-04 08:20:00,TANK_01,6.125,0.845,20.12,8.69
2025-12-04 08:30:00,TANK_01,6.124,0.847,20.24,8.55
2025-12-04 08:40:00,TANK_01,6.123,0.844,20.33,8.38
2025-12-04 08:50:00,TANK_01,6.11,0.855,20.31,8.39
2025-12-04 09:00:00,TANK_01,6.12,0.859,20.16,8.52
2025-12-04 09:10:00,TANK_01,6.139,0.866,20.26,8.54
2025-12-04 09:20:00,TANK_01,6.134,0.863,20.2,8.42
2025-12-04 09:30:00,TANK_01,6.14,0.875,20.23,8.42
2025-12-04 09:40:00,TANK_01,6.133,0.891,20.19,8.38
2025-12-04 09:50:00,TANK_01,6.119,0.886,20.44,8.58
2025-12-04 10:00:00,TANK_01,6.126,0.879,20.42,8.44
2025-12-04 10:10:00,TANK_01,6.133,0.901,20.33,8.35
2025-12-04 10:20:00,TANK_01,6.154,0.899,20.37,8.31
2025-12-04 10:30:00,TANK_01,6.162,0.91,20.46,8.57
2025-12-04 10:40:00,TANK_01,6.159,0.924,20.57,8.61
2025-12-04 10:50:00,TANK_01,6.144,0.912,20.63,8.47
2025-12-04 11:00:00,TANK_01,6.136,0.913,20.68,8.53
2025-12-04 11:10:00,TANK_01,6.14,0.915,20.67,8.42
2025-12-04 11:20:00,TANK_01,6.161,0.911,20.67,8.41
2025-12-04 11:30:00,TANK_01,6.178,0.907,20.82,8.39
2025-12-04 11:40:00,TANK_01,6.175,0.886,20.76,8.57
2025-12-04 11:50:00,TANK_01,6.169,0.858,20.86,8.27
2025-12-04 12:00:00,TANK_01,6.153,0.853,20.72,8.51
2025-12-04 12:10:00,TANK_01,6.156,0.859,20.86,8.38
2025-12-04 12:20:00,TANK_01,6.151,0.862,20.73,8.4
2025-12-04 12:30:00,TANK_01,6.162,0.878,21.15,8.35
2025-12-04 12:40:00,TANK_01,6.146,0.88,20.88,8.29
2025-12-04 12:50:00,TANK_01,6.144,0.876,21.28,8.28
2025-12-04 13:00:00,TANK_01,6.132,0.871,21.15,8.44
2025-12-04 13:10:00,TANK_01,6.117,0.866,21.42,8.2
2025-12-04 13:20:00,TANK_01,6.122,0.866,21.33,8.13
2025-12-04 13:30:00,TANK_01,6.122,0.86,21.47,8.13
2025-12-04 13:40:00,TANK_01,6.128,0.866,21.68,8.19
2025-12-04 13:50:00,TANK_01,6.121,0.875,21.45,8.19
2025-12-04 14:00:00,TANK_01,6.119,0.863,21.81,8.31
2025-12-04 14:10:00,TANK_01,6.097,0.841,21.63,8.3
2025-12-04 14:20:00,TANK_01,6.105,0.855,21.81,8.11
2025-12-04 14:30:00,TANK_01,6.109,0.843,21.74,8.07
2025-12-04 14:40:00,TANK_01,6.101,0.836,21.84,8.38
2025-12-04 14:50:00,TANK_01,6.102,0.839,22.0,8.34
2025-12-04 15:00:00,TANK_01,6.093,0.846,21.94,8.18
2025-12-04 15:10:00,TANK_01,6.099,0.833,22.06,8.17
2025-12-04 15:20:00,TANK_01,6.104,0.83,22.51,8.28
2025-12-04 15:30:00,TANK_01,6.083,0.831,22.3,8.16
2025-12-04 15:40:00,TANK_01,6.097,0.802,22.17,8.3
2025-12-04 15:50:00,TANK_01,6.11,0.824,22.55,7.96
2025-12-04 16:00:00,TANK_01,6.121,0.821,22.44,8.11
2025-12-04 16:10:00,TANK_01,6.117,0.816,22.56,8.03
2025-12-04 16:20:00,TANK_01,6.119,0.82,22.46,8.07
2025-12-04 16:30:00,TANK_01,6.131,0.803,22.5,7.96
2025-12-04 16:40:00,TANK_01,6.134,0.83,22.48,8.22
2025-12-04 16:50:00,TANK_01,6.149,0.808,22.52,8.09
2025-12-04 17:00:00,TANK_01,6.139,0.81,22.89,8.09
2025-12-04 17:10:00,TANK_01,6.138,0.816,22.82,7.92
2025-12-04 17:20:00,TANK_01,6.132,0.82,22.81,8.07
2025-12-04 17:30:00,TANK_01,6.142,0.795,23.04,7.81
2025-12-04 17:40:00,TANK_01,6.142,0.797,22.88,8.05
2025-12-04 17:50:00,TANK_01,6.137,0.789,22.92,8.04
2025-12-04 18:00:00,TANK_01,6.131,0.792,22.86,7.97
2025-12-04 18:10:00,TANK_01,6.129,0.796,22.96,8.05
2025-12-04 18:20:00,TANK_01,6.146,0.791,23.18,7.84
2025-12-04 18:30:00,TANK_01,6.152,0.788,23.31,7.9
2025-12-04 18:40:00,TANK_01,6.144,0.798,23.13,7.99
2025-12-04 18:50:00,TANK_01,6.121,0.802,23.08,8.0
2025-12-04 19:00:00,TANK_01,6.113,0.814,23.11,7.96
2025-12-04 19:10:00,TANK_01,6.098,0.812,22.63,8.14
2025-12-04 19:20:00,TANK_01,6.101,0.805,23.11,8.13
2025-12-04 19:30:00,TANK_01,6.102,0.804,23.37,7.98
2025-12-04 19:40:00,TANK_01,6.111,0.8,23.1,8.07
2025-12-04 19:50:00,TANK_01,6.111,0.803,23.14,7.98
2025-12-04 20:00:00,TANK_01,6.11,0.789,23.31,7.89
2025-12-04 20:10:00,TANK_01,6.098,0.789,23.07,8.11
2025-12-04 20:20:00,TANK_01,6.105,0.782,23.03,8.06
2025-12-04 20:30:00,TANK_01,6.098,0.768,22.93,8.08
2025-12-04 20:40:00,TANK_01,6.082,0.756,23.2,8.05
2025-12-04 20:50:00,TANK_01,6.071,0.749,23.22,7.99
2025-12-04 21:00:00,TANK_01,6.066,0.749,23.13,7.87
2025-12-04 21:10:00,TANK_01,6.056,0.76,23.27,8.04
2025-12-04 21:20:00,TANK_01,6.055,0.752,23.04,8.1
2025-12-04 21:30:00,TANK_01,6.067,0.751,23.06,7.85
2025-12-04 21:40:00,TANK_01,6.066,0.765,22.96,8.06
2025-12-04 21:50:00,TANK_01,6.076,0.773,22.96,7.96
2025-12-04 22:00:00,TANK_01,6.054,0.761,22.87,8.1
2025-12-04 22:10:00,TANK_01,6.056,0.771,22.72,7.88
2025-12-04 22:20:00,TANK_01,6.063,0.788,22.85,7.98
2025-12-04 22:30:00,TANK_01,6.072,0.802,22.64,8.03
2025-12-04 22:40:00,TANK_01,6.082,0.804,22.64,8.04
2025-12-04 22:50:00,TANK_01,6.073,0.788,22.73,7.93
2025-12-04 23:00:00,TANK_01,6.072,0.778,22.69,8.02
2025-12-04 23:10:00,TANK_01,6.07,0.762,22.61,8.03
2025-12-04 23:20:00,TANK_01,6.062,0.766,22.64,8.23
2025-12-04 23:30:00,TANK_01,6.064,0.767,22.36,8.05
2025-12-04 23:40:00,TANK_01,6.075,0.762,22.63,7.95
2025-12-04 23:50:00,TANK_01,6.074,0.759,22.28,8.1
2025-12-05 00:00:00,TANK_01,6.072,0.76,22.29,8.23
2025-12-05 00:10:00,TANK_01,6.098,0.767,22.28,8.04
2025-12-05 00:20:00,TANK_01,6.093,0.75,22.23,8.0
2025-12-05 00:30:00,TANK_01,6.1,0.742,22.15,8.21
2025-12-05 00:40:00,TANK_01,6.081,0.734,22.08,8.21
2025-12-05 00:50:00,TANK_01,6.09,0.73,21.96,8.36
2025-12-05 01:00:00,TANK_01,6.092,0.738,21.87,8.06
2025-12-05 01:10:00,TANK_01,6.098,0.743,21.94,8.1
2025-12-05 01:20:00,TANK_01,6.091,0.721,21.83,8.29
2025-12-05 01:30:00,TANK_01,6.085,0.716,21.66,8.4
2025-12-05 01:40:00,TANK_01,6.094,0.727,21.6,8.21
2025-12-05 01:50:00,TANK_01,6.106,0.71,21.61,8.12
2025-12-05 02:00:00,TANK_01,6.114,0.715,21.37,8.31
2025-12-05 02:10:00,TANK_01,6.103,0.704,21.35,8.22
2025-12-05 02:20:00,TANK_01,6.114,0.725,21.33,8.3
2025-12-05 02:30:00,TANK_01,6.122,0.721,21.31,8.12
2025-12-05 02:40:00,TANK_01,6.115,0.705,20.96,8.46
2025-12-05 02:50:00,TANK_01,6.113,0.72,21.29,8.3
2025-12-05 03:00:00,TANK_01,6.109,0.712,20.75,8.35
2025-12-05 03:10:00,TANK_01,6.106,0.705,20.86,8.37
2025-12-05 03:20:00,TANK_01,6.103,0.706,20.79,8.58
2025-12-05 03:30:00,TANK_01,6.109,0.704,20.74,8.31
2025-12-05 03:40:00,TANK_01,6.117,0.699,20.78,8.43
2025-12-05 03:50:00,TANK_01,6.112,0.701,20.49,8.35
2025-12-05 04:00:00,TANK_01,6.093,0.697,20.59,8.6
2025-12-05 04:10:00,TANK_01,6.085,0.697,20.63,8.55
2025-12-05 04:20:00,TANK_01,6.09,0.704,20.74,8.24
2025-12-05 04:30:00,TANK_01,6.084,0.7,20.45,8.39
2025-12-05 04:40:00,TANK_01,6.095,0.693,20.33,8.52
2025-12-05 04:50:00,TANK_01,6.088,0.681,20.19,8.48
2025-12-05 05:00:00,TANK_01,6.098,0.688,20.35,8.48
2025-12-05 05:10:00,TANK_01,6.092,0.687,20.1,8.53
2025-12-05 05:20:00,TANK_01,6.102,0.67,20.36,8.26
2025-12-05 05:30:00,TANK_01,6.095,0.658,20.07,8.48
2025-12-05 05:40:00,TANK_01,6.107,0.647,20.0,8.46
2025-12-05 05:50:00,TANK_01,6.102,0.64,19.91,8.57
2025-12-05 06:00:00,TANK_01,6.1,0.649,20.18,8.34
2025-12-05 06:10:00,TANK_01,6.116,0.653,20.15,8.49
2025-12-05 06:20:00,TANK_01,6.122,0.657,20.12,8.45
2025-12-05 06:30:00,TANK_01,6.116,0.654,20.09,8.66
2025-12-05 06:40:00,TANK_01,6.105,0.658,19.9,8.52
2025-12-05 06:50:00,TANK_01,6.11,0.676,19.95,8.49
2025-12-05 07:00:00,TANK_01,6.104,0.681,19.89,8.66
2025-12-05 07:10:00,TANK_01,6.119,0.683,19.92,8.71
2025-12-05 07:20:00,TANK_01,6.132,0.673,19.66,8.46
2025-12-05 07:30:00,TANK_01,6.115,0.677,19.67,8.66
2025-12-05 07:40:00,TANK_01,6.107,0.686,19.88,8.57
2025-12-05 07:50:00,TANK_01,6.112,0.672,19.51,8.56
2025-12-05 08:00:00,TANK_01,6.117,0.659,19.87,8.61
2025-12-05 08:10:00,TANK_01,6.118,0.66,19.78,8.58
2025-12-05 08:20:00,TANK_01,6.105,0.67,19.84,8.61
2025-12-05 08:30:00,TANK_01,6.098,0.654,19.95,8.39
2025-12-05 08:40:00,TANK_01,6.094,0.652,19.84,8.59
2025-12-05 08:50:00,TANK_01,6.094,0.637,19.79,8.56
2025-12-05 09:00:00,TANK_01,6.099,0.639,19.97,8.61
2025-12-05 09:10:00,TANK_01,6.087,0.638,19.91,8.49
2025-12-05 09:20:00,TANK_01,6.102,0.632,19.72,8.4
2025-12-05 09:30:00,TANK_01,6.097,0.627,19.86,8.34
2025-12-05 09:40:00,TANK_01,6.097,0.637,19.85,8.61
2025-12-05 09:50:00,TANK_01,6.091,0.628,20.12,8.58
2025-12-05 10:00:00,TANK_01,6.1,0.651,19.99,8.53
2025-12-05 10:10:00,TANK_01,6.102,0.665,20.14,8.42
2025-12-05 10:20:00,TANK_01,6.095,0.669,20.13,8.56
2025-12-05 10:30:00,TANK_01,6.101,0.666,20.18,8.56
2025-12-05 10:40:00,TANK_01,6.092,0.654,20.18,8.46
2025-12-05 10:50:00,TANK_01,6.078,0.661,20.24,8.63
2025-12-05 11:00:00,TANK_01,6.078,0.661,20.06,8.66
2025-12-05 11:10:00,TANK_01,6.085,0.67,20.26,8.48
2025-12-05 11:20:00,TANK_01,6.089,0.662,20.24,8.68
2025-12-05 11:30:00,TANK_01,6.093,0.655,20.22,8.38
2025-12-05 11:40:00,TANK_01,6.096,0.645,20.31,8.46
2025-12-05 11:50:00,TANK_01,6.1,0.657,20.4,8.39
2025-12-05 12:00:00,TANK_01,6.104,0.652,20.66,8.37
2025-12-05 12:10:00,TANK_01,6.091,0.644,20.43,8.4
2025-12-05 12:20:00,TANK_01,6.096,0.644,20.66,8.29
2025-12-05 12:30:00,TANK_01,6.089,0.639,20.77,8.64
2025-12-05 12:40:00,TANK_01,6.083,0.648,20.67,8.31
2025-12-05 12:50:00,TANK_01,6.063,0.64,20.99,8.35
2025-12-05 13:00:00,TANK_01,6.076,0.634,21.06,8.29
2025-12-05 13:10:00,TANK_01,6.085,0.65,20.97,8.23
2025-12-05 13:20:00,TANK_01,6.103,0.641,21.0,8.32
2025-12-05 13:30:00,TANK_01,6.113,0.647,21.21,8.29
2025-12-05 13:40:00,TANK_01,6.111,0.654,21.4,8.16
2025-12-05 13:50:00,TANK_01,6.124,0.663,21.35,8.23
2025-12-05 14:00:00,TANK_01,6.125,0.667,21.26,8.43
2025-12-05 14:10:00,TANK_01,6.121,0.682,21.23,8.18
2025-12-05 14:20:00,TANK_01,6.102,0.689,21.37,8.21
2025-12-05 14:30:00,TANK_01,6.112,0.705,21.46,8.41
2025-12-05 14:40:00,TANK_01,6.118,0.705,21.47,8.14
2025-12-05 14:50:00,TANK_01,6.119,0.706,21.6,8.16
2025-12-05 15:00:00,TANK_01,6.106,0.709,21.83,8.28
2025-12-05 15:10:00,TANK_01,6.112,0.703,22.0,8.08
2025-12-05 15:20:00,TANK_01,6.119,0.699,21.74,8.16
2025-12-05 15:30:00,TANK_01,6.124,0.709,21.98,7.9
2025-12-05 15:40:00,TANK_01,6.132,0.687,22.24,8.16
2025-12-05 15:50:00,TANK_01,6.134,0.697,22.03,8.15
2025-12-05 16:00:00,TANK_01,6.131,0.698,22.14,8.18
2025-12-05 16:10:00,TANK_01,6.098,0.696,21.99,8.45
2025-12-05 16:20:00,TANK_01,6.106,0.705,22.3,8.19
2025-12-05 16:30:00,TANK_01,6.098,0.713,22.4,8.13
2025-12-05 16:40:00,TANK_01,6.106,0.723,22.35,8.01
2025-12-05 16:50:00,TANK_01,6.115,0.738,22.26,8.25
2025-12-05 17:00:00,TANK_01,6.118,0.744,22.55,7.98
2025-12-05 17:10:00,TANK_01,6.121,0.754,22.67,8.15
2025-12-05 17:20:00,TANK_01,6.112,0.755,22.51,8.1
2025-12-05 17:30:00,TANK_01,6.124,0.741,22.65,8.11
2025-12-05 17:40:00,TANK_01,6.115,0.752,22.55,8.09
2025-12-05 17:50:00,TANK_01,6.089,0.763,22.63,8.04
2025-12-05 18:00:00,TANK_01,6.105,0.743,22.8,8.15
2025-12-05 18:10:00,TANK_01,6.085,0.746,22.68,7.96
2025-12-05 18:20:00,TANK_01,6.073,0.752,22.9,7.91
2025-12-05 18:30:00,TANK_01,6.064,0.76,23.08,7.84
2025-12-05 18:40:00,TANK_01,6.049,0.749,22.68,8.18
2025-12-05 18:50:00,TANK_01,6.04,0.772,22.89,8.13
2025-12-05 19:00:00,TANK_01,6.047,0.761,22.68,8.16
2025-12-05 19:10:00,TANK_01,6.06,0.765,22.87,8.04
2025-12-05 19:20:00,TANK_01,6.063,0.751,22.89,8.03
2025-12-05 19:30:00,TANK_01,6.045,0.723,22.86,7.83
2025-12-05 19:40:00,TANK_01,6.021,0.705,22.92,8.02
2025-12-05 19:50:00,TANK_01,6.023,0.722,22.96,8.17
2025-12-05 20:00:00,TANK_01,6.025,0.733,23.1,8.19
2025-12-05 20:10:00,TANK_01,6.023,0.72,22.91,8.16
2025-12-05 20:20:00,TANK_01,6.04,0.721,22.94,8.18
2025-12-05 20:30:00,TANK_01,6.043,0.728,23.0,7.99
2025-12-05 20:40:00,TANK_01,6.034,0.753,22.8,7.93
2025-12-05 20:50:00,TANK_01,6.032,0.754,22.89,7.99
2025-12-05 21:00:00,TANK_01,6.038,0.772,22.8,8.05
2025-12-05 21:10:00,TANK_01,6.053,0.761,22.67,7.99
2025-12-05 21:20:00,TANK_01,6.052,0.77,22.59,8.01
2025-12-05 21:30:00,TANK_01,6.041,0.753,22.61,8.15
2025-12-05 21:40:00,TANK_01,6.043,0.754,22.82,8.08
2025-12-05 21:50:00,TANK_01,6.048,0.774,22.79,7.77
2025-12-05 22:00:00,TANK_01,6.054,0.783,22.74,7.99
2025-12-05 22:10:00,TANK_01,6.044,0.783,22.72,8.14
2025-12-05 22:20:00,TANK_01,6.025,0.787,22.76,8.13
2025-12-05 22:30:00,TANK_01,6.052,0.779,22.41,8.2
2025-12-05 22:40:00,TANK_01,6.069,0.768,22.52,8.12
2025-12-05 22:50:00,TANK_01,6.073,0.781,22.76,7.99
2025-12-05 23:00:00,TANK_01,6.071,0.765,22.51,7.98
2025-12-05 23:10:00,TANK_01,6.073,0.769,22.53,8.08
2025-12-05 23:20:00,TANK_01,6.068,0.762,22.44,8.07
2025-12-05 23:30:00,TANK_01,6.069,0.77,22.42,8.23
2025-12-05 23:40:00,TANK_01,6.055,0.758,22.25,8.2
2025-12-05 23:50:00,TANK_01,6.058,0.771,22.33,8.12
2025-12-06 00:00:00,TANK_01,6.061,0.782,22.19,8.05
2025-12-06 00:10:00,TANK_01,6.048,0.764,22.02,8.12
2025-12-06 00:20:00,TANK_01,6.041,0.747,21.95,8.04
2025-12-06 00:30:00,TANK_01,6.029,0.743,21.95,8.19
2025-12-06 00:40:00,TANK_01,6.037,0.742,21.77,8.19
2025-12-06 00:50:00,TANK_01,6.028,0.742,21.9,8.27
2025-12-06 01:00:00,TANK_01,6.036,0.745,21.72,8.24
2025-12-06 01:10:00,TANK_01,6.025,0.733,21.51,8.36
2025-12-06 01:20:00,TANK_01,6.019,0.739,21.41,8.26
2025-12-06 01:30:00,TANK_01,6.009,0.745,21.72,8.11
2025-12-06 01:40:00,TANK_01,6.012,0.736,21.5,8.43
2025-12-06 01:50:00,TANK_01,6.008,0.746,21.33,8.23
2025-12-06 02:00:00,TANK_01,6.004,0.757,21.33,8.29
2025-12-06 02:10:00,TANK_01,6.003,0.751,21.29,8.52
2025-12-06 02:20:00,TANK_01,6.002,0.74,21.18,8.38
2025-12-06 02:30:00,TANK_01,6.013,0.727,21.1,8.26
2025-12-06 02:40:00,TANK_01,6.028,0.735,20.98,8.24
2025-12-06 02:50:00,TANK_01,6.048,0.733,21.04,8.16
2025-12-06 03:00:00,TANK_01,6.05,0.741,20.6,8.46
2025-12-06 03:10:00,TANK_01,6.063,0.725,20.78,8.36
2025-12-06 03:20:00,TANK_01,6.058,0.719,20.62,8.35
2025-12-06 03:30:00,TANK_01,6.057,0.719,20.5,8.39
2025-12-06 03:40:00,TANK_01,6.059,0.731,20.75,8.4
2025-12-06 03:50:00,TANK_01,6.061,0.716,20.54,8.25
2025-12-06 04:00:00,TANK_01,6.057,0.703,20.38,8.48
2025-12-06 04:10:00,TANK_01,6.06,0.715,20.44,8.41
2025-12-06 04:20:00,TANK_01,6.067,0.698,20.56,8.22
2025-12-06 04:30:00,TANK_01,6.074,0.703,20.23,8.45
2025-12-06 04:40:00,TANK_01,6.059,0.703,20.31,8.42
2025-12-06 04:50:00,TANK_01,6.064,0.71,20.1,8.6
2025-12-06 05:00:00,TANK_01,6.069,0.71,20.23,8.52
2025-12-06 05:10:00,TANK_01,6.062,0.703,20.12,8.62
2025-12-06 05:20:00,TANK_01,6.064,0.698,20.05,8.41
2025-12-06 05:30:00,TANK_01,6.076,0.712,20.2,8.58
2025-12-06 05:40:00,TANK_01,6.07,0.71,19.91,8.59
2025-12-06 05:50:00,TANK_01,6.083,0.685,19.97,8.56
2025-12-06 06:00:00,TANK_01,6.086,0.691,19.78,8.66
2025-12-06 06:10:00,TANK_01,6.09,0.689,19.85,8.51
2025-12-06 06:20:00,TANK_01,6.091,0.694,19.67,8.56
2025-12-06 06:30:00,TANK_01,6.087,0.693,19.76,8.4
2025-12-06 06:40:00,TANK_01,6.091,0.704,19.68,8.6
2025-12-06 06:50:00,TANK_01,6.085,0.706,19.72,8.69
2025-12-06 07:00:00,TANK_01,6.08,0.711,19.64,8.54
2025-12-06 07:10:00,TANK_01,6.081,0.695,19.6,8.68
2025-12-06 07:20:00,TANK_01,6.074,0.681,19.52,8.62
2025-12-06 07:30:00,TANK_01,6.069,0.68,19.35,8.57
2025-12-06 07:40:00,TANK_01,6.061,0.687,19.78,8.63
2025-12-06 07:50:00,TANK_01,6.042,0.695,19.81,8.48
2025-12-06 08:00:00,TANK_01,6.044,0.698,19.62,8.61
2025-12-06 08:10:00,TANK_01,6.036,0.699,19.65,8.61
2025-12-06 08:20:00,TANK_01,6.055,0.687,19.82,8.57
2025-12-06 08:30:00,TANK_01,6.055,0.666,19.8,8.45
2025-12-06 08:40:00,TANK_01,6.046,0.662,19.66,8.51
2025-12-06 08:50:00,TANK_01,6.061,0.668,20.0,8.46
2025-12-06 09:00:00,TANK_01,6.053,0.687,19.57,8.63
2025-12-06 09:10:00,TANK_01,6.05,0.684,19.58,8.54
2025-12-06 09:20:00,TANK_01,6.07,0.685,19.95,8.48
2025-12-06 09:30:00,TANK_01,6.072,0.691,19.87,8.54
2025-12-06 09:40:00,TANK_01,6.074,0.702,19.87,8.38
2025-12-06 09:50:00,TANK_01,6.068,0.691,19.66,8.67
2025-12-06 10:00:00,TANK_01,6.079,0.683,19.85,8.75
2025-12-06 10:10:00,TANK_01,6.078,0.682,19.97,8.67
2025-12-06 10:20:00,TANK_01,6.084,0.692,19.85,8.64
2025-12-06 10:30:00,TANK_01,6.084,0.684,20.08,8.77
2025-12-06 10:40:00,TANK_01,6.087,0.694,20.02,8.38
2025-12-06 10:50:00,TANK_01,6.093,0.684,20.07,8.71
2025-12-06 11:00:00,TANK_01,6.075,0.687,20.21,8.53
2025-12-06 11:10:00,TANK_01,6.07,0.689,20.09,8.67
2025-12-06 11:20:00,TANK_01,6.073,0.702,20.22,8.58
2025-12-06 11:30:00,TANK_01,6.08,0.69,20.5,8.71
2025-12-06 11:40:00,TANK_01,6.092,0.677,20.27,8.27
2025-12-06 11:50:00,TANK_01,6.084,0.694,20.55,8.35
2025-12-06 12:00:00,TANK_01,6.072,0.688,20.62,8.48
2025-12-06 12:10:00,TANK_01,6.088,0.681,20.56,8.37
2025-12-06 12:20:00,TANK_01,6.087,0.678,20.58,8.49
2025-12-06 12:30:00,TANK_01,6.083,0.677,20.57,8.55
2025-12-06 12:40:00,TANK_01,6.101,0.696,20.84,8.39
2025-12-06 12:50:00,TANK_01,6.093,0.686,20.8,8.28
2025-12-06 13:00:00,TANK_01,6.101,0.688,20.72,8.39
2025-12-06 13:10:00,TANK_01,6.11,0.7,20.97,8.43
2025-12-06 13:20:00,TANK_01,6.115,0.695,21.03,8.37
2025-12-06 13:30:00,TANK_01,6.11,0.698,21.08,8.39
2025-12-06 13:40:00,TANK_01,6.111,0.698,20.94,8.6
2025-12-06 13:50:00,TANK_01,6.119,0.703,21.44,8.38
2025-12-06 14:00:00,TANK_01,6.125,0.71,21.5,8.3
2025-12-06 14:10:00,TANK_01,6.113,0.695,21.53,8.25
2025-12-06 14:20:00,TANK_01,6.12,0.694,21.49,8.2
2025-12-06 14:30:00,TANK_01,6.125,0.672,21.48,8.15
2025-12-06 14:40:00,TANK_01,6.127,0.673,21.56,8.28
2025-12-06 14:50:00,TANK_01,6.11,0.663,21.62,8.29
2025-12-06 15:00:00,TANK_01,6.114,0.646,21.87,8.2
2025-12-06 15:10:00,TANK_01,6.131,0.652,21.92,8.25
2025-12-06 15:20:00,TANK_01,6.127,0.65,21.95,8.16
2025-12-06 15:30:00,TANK_01,6.109,0.65,21.94,8.24
2025-12-06 15:40:00,TANK_01,6.116,0.67,21.8,8.39
2025-12-06 15:50:00,TANK_01,6.124,0.669,21.88,8.21
2025-12-06 16:00:00,TANK_01,6.131,0.669,22.05,8.12
2025-12-06 16:10:00,TANK_01,6.124,0.675,22.23,8.24
2025-12-06 16:20:00,TANK_01,6.117,0.688,22.52,8.1
2025-12-06 16:30:00,TANK_01,6.129,0.675,22.56,8.15
2025-12-06 16:40:00,TANK_01,6.142,0.677,22.14,8.21
2025-12-06 16:50:00,TANK_01,6.142,0.686,22.29,7.84
2025-12-06 17:00:00,TANK_01,6.142,0.683,22.53,8.01
2025-12-06 17:10:00,TANK_01,6.139,0.679,22.4,8.17
2025-12-06 17:20:00,TANK_01,6.137,0.673,22.45,8.07
2025-12-06 17:30:00,TANK_01,6.152,0.671,22.5,8.11
2025-12-06 17:40:00,TANK_01,6.161,0.671,22.67,8.13
2025-12-06 17:50:00,TANK_01,6.169,0.672,22.5,8.08
2025-12-06 18:00:00,TANK_01,6.163,0.68,22.85,8.0
2025-12-06 18:10:00,TANK_01,6.171,0.683,22.71,8.2
2025-12-06 18:20:00,TANK_01,6.167,0.676,22.66,8.17
2025-12-06 18:30:00,TANK_01,6.16,0.668,22.92,8.06
2025-12-06 18:40:00,TANK_01,6.159,0.659,22.85,7.93
2025-12-06 18:50:00,TANK_01,6.162,0.66,22.84,8.05
2025-12-06 19:00:00,TANK_01,6.168,0.642,22.74,8.12
2025-12-06 19:10:00,TANK_01,6.167,0.65,23.08,8.14
2025-12-06 19:20:00,TANK_01,6.178,0.651,23.04,7.94
2025-12-06 19:30:00,TANK_01,6.18,0.648,22.85,7.96
2025-12-06 19:40:00,TANK_01,6.185,0.633,22.69,8.16
2025-12-06 19:50:00,TANK_01,6.19,0.64,22.91,8.07
2025-12-06 20:00:00,TANK_01,6.186,0.635,22.79,8.22
2025-12-06 20:10:00,TANK_01,6.177,0.65,22.78,7.96
2025-12-06 20:20:00,TANK_01,6.189,0.656,22.97,7.92
2025-12-06 20:30:00,TANK_01,6.145,0.893,22.95,7.95
2025-12-06 20:40:00,TANK_01,6.159,0.891,22.82,7.91
2025-12-06 20:50:00,TANK_01,6.162,0.903,22.96,7.95
2025-12-06 21:00:00,TANK_01,6.158,0.898,22.88,8.1
2025-12-06 21:10:00,TANK_01,6.16,0.905,22.91,7.92
2025-12-06 21:20:00,TANK_01,6.162,0.894,22.85,8.08
2025-12-06 21:30:00,TANK_01,6.155,0.881,22.84,8.02
2025-12-06 21:40:00,TANK_01,6.167,0.874,22.99,8.07
2025-12-06 21:50:00,TANK_01,6.152,0.867,22.76,8.04
2025-12-06 22:00:00,TANK_01,6.144,0.849,22.69,8.04
2025-12-06 22:10:00,TANK_01,6.15,0.851,22.57,8.16
2025-12-06 22:20:00,TANK_01,6.145,0.86,22.6,8.02
2025-12-06 22:30:00,TANK_01,6.146,0.867,22.65,7.94
2025-12-06 22:40:00,TANK_01,6.156,0.86,22.4,7.95
2025-12-06 22:50:00,TANK_01,6.169,0.875,22.46,8.07
2025-12-06 23:00:00,TANK_01,6.169,0.862,22.5,8.15
2025-12-06 23:10:00,TANK_01,6.165,0.864,22.38,8.21
2025-12-06 23:20:00,TANK_01,6.157,0.859,22.55,8.1
2025-12-06 23:30:00,TANK_01,6.181,0.866,22.47,8.16
2025-12-06 23:40:00,TANK_01,6.174,0.875,22.16,8.0
2025-12-06 23:50:00,TANK_01,6.179,0.885,22.37,8.16
2025-12-07 00:00:00,TANK_01,6.179,0.883,22.22,8.24
2025-12-07 00:10:00,TANK_01,6.179,0.889,22.24,8.26
2025-12-07 00:20:00,TANK_01,6.192,0.897,22.25,8.05
2025-12-07 00:30:00,TANK_01,6.209,0.898,21.79,8.23
2025-12-07 00:40:00,TANK_01,6.213,0.884,21.92,7.98
2025-12-07 00:50:00,TANK_01,6.23,0.881,21.85,8.3
2025-12-07 01:00:00,TANK_01,6.231,0.868,21.55,8.33
2025-12-07 01:10:00,TANK_01,6.239,0.863,21.48,8.31
2025-12-07 01:20:00,TANK_01,6.24,0.869,21.56,8.06
2025-12-07 01:30:00,TANK_01,6.235,0.877,21.71,8.2
2025-12-07 01:40:00,TANK_01,6.23,0.858,21.66,8.2
2025-12-07 01:50:00,TANK_01,6.223,0.849,21.4,8.33
2025-12-07 02:00:00,TANK_01,6.22,0.862,21.46,8.31
2025-12-07 02:10:00,TANK_01,6.233,0.85,21.33,8.38
2025-12-07 02:20:00,TANK_01,6.242,0.845,21.1,8.16
2025-12-07 02:30:00,TANK_01,6.247,0.844,21.15,8.35
2025-12-07 02:40:00,TANK_01,6.247,0.838,21.2,8.19
2025-12-07 02:50:00,TANK_01,6.236,0.825,21.0,8.42
2025-12-07 03:00:00,TANK_01,6.229,0.826,21.09,8.51
2025-12-07 03:10:00,TANK_01,6.238,0.821,20.73,8.16
2025-12-07 03:20:00,TANK_01,6.233,0.822,20.8,8.58
2025-12-07 03:30:00,TANK_01,6.221,0.815,20.51,8.56
2025-12-07 03:40:00,TANK_01,6.215,0.797,20.7,8.55
2025-12-07 03:50:00,TANK_01,6.236,0.794,20.73,8.36
2025-12-07 04:00:00,TANK_01,6.234,0.789,20.79,8.33
2025-12-07 04:10:00,TANK_01,6.214,0.777,20.47,8.47
2025-12-07 04:20:00,TANK_01,6.209,0.778,20.51,8.41
2025-12-07 04:30:00,TANK_01,6.216,0.769,20.31,8.57
2025-12-07 04:40:00,TANK_01,6.217,0.74,20.33,8.53
2025-12-07 04:50:00,TANK_01,6.232,0.746,20.37,8.57
2025-12-07 05:00:00,TANK_01,6.243,0.757,20.14,8.5
2025-12-07 05:10:00,TANK_01,6.228,0.767,20.15,8.41
2025-12-07 05:20:00,TANK_01,6.247,0.756,20.14,8.51
2025-12-07 05:30:00,TANK_01,6.245,0.767,20.22,8.4
2025-12-07 05:40:00,TANK_01,6.253,0.763,20.04,8.58
2025-12-07 05:50:00,TANK_01,6.258,0.764,19.97,8.54
2025-12-07 06:00:00,TANK_01,6.246,0.771,20.0,8.52
2025-12-07 06:10:00,TANK_01,6.253,0.768,20.06,8.45
2025-12-07 06:20:00,TANK_01,6.256,0.776,19.75,8.53
2025-12-07 06:30:00,TANK_01,6.257,0.774,20.0,8.64
2025-12-07 06:40:00,TANK_01,6.193,0.999,19.97,8.63
2025-12-07 06:50:00,TANK_01,6.182,1.195,19.93,8.63
2025-12-07 07:00:00,TANK_01,6.15,1.374,19.92,8.58
2025-12-07 07:10:00,TANK_01,6.147,1.365,19.89,8.59
2025-12-07 07:20:00,TANK_01,6.158,1.367,19.84,8.62
2025-12-07 07:30:00,TANK_01,6.169,1.377,19.83,8.57
2025-12-07 07:40:00,TANK_01,6.167,1.398,19.97,8.66
2025-12-07 07:50:00,TANK_01,6.158,1.401,20.02,8.41
2025-12-07 08:00:00,TANK_01,6.157,1.382,20.21,8.52
2025-12-07 08:10:00,TANK_01,6.153,1.39,19.81,8.63
2025-12-07 08:20:00,TANK_01,6.149,1.402,19.78,8.59
2025-12-07 08:30:00,TANK_01,6.14,1.403,19.86,8.44
2025-12-07 08:40:00,TANK_01,6.158,1.401,19.88,8.65
2025-12-07 08:50:00,TANK_01,6.15,1.39,19.82,8.67
2025-12-07 09:00:00,TANK_01,6.141,1.416,19.95,8.58
2025-12-07 09:10:00,TANK_01,6.146,1.41,19.94,8.49
2025-12-07 09:20:00,TANK_01,6.146,1.408,20.14,8.53
2025-12-07 09:30:00,TANK_01,6.147,1.406,19.9,8.46
2025-12-07 09:40:00,TANK_01,6.146,1.419,20.08,8.46
2025-12-07 09:50:00,TANK_01,6.139,1.416,20.18,8.6
2025-12-07 10:00:00,TANK_01,6.136,1.409,20.15,8.44
2025-12-07 10:10:00,TANK_01,6.135,1.425,20.05,8.54
2025-12-07 10:20:00,TANK_01,6.135,1.434,20.2,8.36
2025-12-07 10:30:00,TANK_01,6.126,1.44,20.21,8.45
2025-12-07 10:40:00,TANK_01,6.113,1.442,20.2,8.57
2025-12-07 10:50:00,TANK_01,6.117,1.433,20.16,8.45
2025-12-07 11:00:00,TANK_01,6.121,1.44,20.13,8.64
2025-12-07 11:10:00,TANK_01,6.124,1.436,20.17,8.4
2025-12-07 11:20:00,TANK_01,6.136,1.436,20.47,8.42
2025-12-07 11:30:00,TANK_01,6.132,1.433,20.62,8.51
2025-12-07 11:40:00,TANK_01,6.139,1.43,20.63,8.57
2025-12-07 11:50:00,TANK_01,6.148,1.443,20.47,8.26
2025-12-07 12:00:00,TANK_01,6.157,1.442,20.27,8.56
2025-12-07 12:10:00,TANK_01,6.168,1.445,20.78,8.25
2025-12-07 12:20:00,TANK_01,6.18,1.47,21.14,8.34
2025-12-07 12:30:00,TANK_01,6.182,1.478,20.76,8.35
2025-12-07 12:40:00,TANK_01,6.19,1.481,20.9,8.37
2025-12-07 12:50:00,TANK_01,6.179,1.477,21.17,8.27
2025-12-07 13:00:00,TANK_01,6.173,1.473,20.96,8.43
2025-12-07 13:10:00,TANK_01,6.158,1.463,21.2,8.13
2025-12-07 13:20:00,TANK_01,6.174,1.477,21.25,8.44
2025-12-07 13:30:00,TANK_01,6.178,1.483,21.46,8.5
2025-12-07 13:40:00,TANK_01,6.182,1.507,21.53,8.43
2025-12-07 13:50:00,TANK_01,6.184,1.512,21.74,8.18
2025-12-07 14:00:00,TANK_01,6.173,1.536,21.29,8.41
2025-12-07 14:10:00,TANK_01,6.167,1.534,21.39,8.28
2025-12-07 14:20:00,TANK_01,6.155,1.533,21.73,8.09
2025-12-07 14:30:00,TANK_01,6.165,1.543,21.49,8.23
2025-12-07 14:40:00,TANK_01,6.158,1.578,21.82,8.08
2025-12-07 14:50:00,TANK_01,6.161,1.565,21.79,8.35
2025-12-07 15:00:00,TANK_01,6.161,1.566,22.09,8.37
2025-12-07 15:10:00,TANK_01,6.165,1.555,22.02,8.21
2025-12-07 15:20:00,TANK_01,6.165,1.562,22.01,8.37
2025-12-07 15:30:00,TANK_01,6.171,1.545,22.17,8.23
2025-12-07 15:40:00,TANK_01,6.176,1.561,22.1,8.01
2025-12-07 15:50:00,TANK_01,6.186,1.557,22.25,8.23
2025-12-07 16:00:00,TANK_01,6.177,1.543,22.22,8.22
2025-12-07 16:10:00,TANK_01,6.176,1.535,22.16,8.22
2025-12-07 16:20:00,TANK_01,6.165,1.541,22.43,8.14
2025-12-07 16:30:00,TANK_01,6.159,1.545,22.28,8.06
2025-12-07 16:40:00,TANK_01,6.165,1.56,22.65,8.0
2025-12-07 16:50:00,TANK_01,6.159,1.56,22.5,8.2
2025-12-07 17:00:00,TANK_01,6.18,1.555,22.43,8.03
2025-12-07 17:10:00,TANK_01,6.178,1.549,22.9,8.13
2025-12-07 17:20:00,TANK_01,6.171,1.561,23.01,7.84
2025-12-07 17:30:00,TANK_01,6.169,1.562,23.02,7.85
2025-12-07 17:40:00,TANK_01,6.166,1.554,22.78,8.03
2025-12-07 17:50:00,TANK_01,6.174,1.56,23.09,7.94
2025-12-07 18:00:00,TANK_01,6.176,1.565,23.15,7.89
2025-12-07 18:10:00,TANK_01,6.177,1.555,23.05,7.84
2025-12-07 18:20:00,TANK_01,6.165,1.555,22.9,8.06
2025-12-07 18:30:00,TANK_01,6.157,1.533,23.52,6.77
2025-12-07 18:40:00,TANK_01,6.153,1.578,23.62,6.89
2025-12-07 18:50:00,TANK_01,6.168,1.606,23.72,6.55
2025-12-07 19:00:00,TANK_01,6.166,1.634,23.81,6.6
2025-12-07 19:10:00,TANK_01,6.165,1.639,23.74,6.74
2025-12-07 19:20:00,TANK_01,6.184,1.67,23.84,6.79
2025-12-07 19:30:00,TANK_01,6.193,1.702,23.6,6.73
2025-12-07 19:40:00,TANK_01,6.182,1.756,23.48,6.63
2025-12-07 19:50:00,TANK_01,6.184,1.772,23.15,8.04
2025-12-07 20:00:00,TANK_01,6.178,1.784,23.19,7.94
2025-12-07 20:10:00,TANK_01,6.179,1.774,23.17,7.82
2025-12-07 20:20:00,TANK_01,6.176,1.773,23.29,7.91
2025-12-07 20:30:00,TANK_01,6.164,1.772,23.13,7.89
2025-12-07 20:40:00,TANK_01,6.182,1.769,23.55,7.88
2025-12-07 20:50:00,TANK_01,6.171,1.767,23.09,8.07
2025-12-07 21:00:00,TANK_01,6.167,1.767,23.27,7.95
2025-12-07 21:10:00,TANK_01,6.17,1.76,23.27,8.13
2025-12-07 21:20:00,TANK_01,6.168,1.751,23.15,8.15
2025-12-07 21:30:00,TANK_01,6.167,1.765,23.01,7.99
2025-12-07 21:40:00,TANK_01,6.178,1.768,23.04,8.17
2025-12-07 21:50:00,TANK_01,6.179,1.769,23.03,7.92
2025-12-07 22:00:00,TANK_01,6.182,1.782,23.02,8.13
2025-12-07 22:10:00,TANK_01,6.174,1.784,23.08,8.05
2025-12-07 22:20:00,TANK_01,6.173,1.765,22.94,8.11
2025-12-07 22:30:00,TANK_01,6.18,1.764,23.09,7.89
2025-12-07 22:40:00,TANK_01,6.185,1.78,23.07,8.19
2025-12-07 22:50:00,TANK_01,6.174,1.776,22.86,8.11
2025-12-07 23:00:00,TANK_01,6.162,1.779,22.69,8.05
2025-12-07 23:10:00,TANK_01,6.147,1.786,22.51,8.13
2025-12-07 23:20:00,TANK_01,6.135,1.778,22.77,8.08
2025-12-07 23:30:00,TANK_01,6.124,1.753,22.66,8.09
2025-12-07 23:40:00,TANK_01,6.109,1.771,22.69,7.92
2025-12-07 23:50:00,TANK_01,6.119,1.757,22.72,8.22
2025-12-01 00:00:00,TANK_02,5.875,1.586,23.61,8.08
2025-12-01 00:10:00,TANK_02,5.875,1.602,23.57,7.88
2025-12-01 00:20:00,TANK_02,5.878,1.595,23.61,7.71
2025-12-01 00:30:00,TANK_02,5.891,1.596,23.41,7.93
2025-12-01 00:40:00,TANK_02,5.887,1.601,23.4,7.74
2025-12-01 00:50:00,TANK_02,5.875,1.599,23.33,7.79
2025-12-01 01:00:00,TANK_02,5.874,1.591,23.21,7.86
2025-12-01 01:10:00,TANK_02,6.063,1.567,23.15,7.82
2025-12-01 01:20:00,TANK_02,6.186,1.562,23.18,7.91
2025-12-01 01:30:00,TANK_02,6.179,1.57,23.18,8.09
2025-12-01 01:40:00,TANK_02,6.173,1.58,22.91,8.01
2025-12-01 01:50:00,TANK_02,6.178,1.59,22.88,7.77
2025-12-01 02:00:00,TANK_02,6.189,1.58,22.81,7.73
2025-12-01 02:10:00,TANK_02,6.184,1.592,22.68,7.91
2025-12-01 02:20:00,TANK_02,6.173,1.59,22.72,7.88
2025-12-01 02:30:00,TANK_02,6.169,1.577,22.71,7.94
2025-12-01 02:40:00,TANK_02,6.164,1.578,22.66,7.84
2025-12-01 02:50:00,TANK_02,6.176,1.565,22.37,8.02
2025-12-01 03:00:00,TANK_02,6.181,1.54,22.3,8.15
2025-12-01 03:10:00,TANK_02,6.179,1.546,22.49,7.87
2025-12-01 03:20:00,TANK_02,6.183,1.541,22.35,7.87
2025-12-01 03:30:00,TANK_02,6.202,1.554,22.18,7.94
2025-12-01 03:40:00,TANK_02,6.205,1.549,22.19,8.01
2025-12-01 03:50:00,TANK_02,6.209,1.549,22.03,8.15
2025-12-01 04:00:00,TANK_02,6.208,1.539,22.16,8.16
2025-12-01 04:10:00,TANK_02,6.217,1.545,21.73,8.15
2025-12-01 04:20:00,TANK_02,6.233,1.536,22.06,8.1
2025-12-01 04:30:00,TANK_02,6.237,1.55,22.06,8.08
2025-12-01 04:40:00,TANK_02,6.236,1.571,21.84,8.0
2025-12-01 04:50:00,TANK_02,6.237,1.583,21.81,8.09
2025-12-01 05:00:00,TANK_02,6.239,1.59,21.66,8.24
2025-12-01 05:10:00,TANK_02,6.228,1.586,21.77,8.21
2025-12-01 05:20:00,TANK_02,6.23,1.614,21.58,8.32
2025-12-01 05:30:00,TANK_02,6.236,1.607,21.4,8.18
2025-12-01 05:40:00,TANK_02,6.223,1.594,21.62,8.12
2025-12-01 05:50:00,TANK_02,6.232,1.579,21.59,8.34
2025-12-01 06:00:00,TANK_02,6.231,1.562,21.53,8.2
2025-12-01 06:10:00,TANK_02,6.245,1.557,21.58,8.14
2025-12-01 06:20:00,TANK_02,6.257,1.554,21.24,8.16
2025-12-01 06:30:00,TANK_02,6.264,1.546,21.3,8.11
2025-12-01 06:40:00,TANK_02,6.264,,21.34,8.09
2025-12-01 06:50:00,TANK_02,6.267,1.545,21.46,8.38
2025-12-01 07:00:00,TANK_02,6.252,1.545,21.26,8.25
2025-12-01 07:10:00,TANK_02,6.254,1.559,21.5,8.22
2025-12-01 07:20:00,TANK_02,6.266,1.557,21.19,8.35
2025-12-01 07:30:00,TANK_02,6.258,1.575,21.36,8.11
2025-12-01 07:40:00,TANK_02,6.257,1.573,21.26,8.21
2025-12-01 07:50:00,TANK_02,6.033,1.587,21.35,8.08
2025-12-01 08:00:00,TANK_02,6.253,1.578,21.46,8.21
2025-12-01 08:10:00,TANK_02,6.244,1.574,21.26,8.12
2025-12-01 08:20:00,TANK_02,6.264,1.568,21.26,8.08
2025-12-01 08:30:00,TANK_02,6.25,1.571,21.05,8.27
2025-12-01 08:40:00,TANK_02,6.238,1.596,21.36,8.14
2025-12-01 08:50:00,TANK_02,6.237,1.583,21.44,8.1
2025-12-01 09:00:00,TANK_02,6.238,1.591,21.5,8.18
2025-12-01 09:10:00,TANK_02,6.248,1.589,21.5,8.07
2025-12-01 09:20:00,TANK_02,6.231,1.581,21.47,8.31
2025-12-01 09:30:00,TANK_02,6.238,1.581,21.33,8.18
2025-12-01 09:40:00,TANK_02,6.254,1.571,21.33,8.31
2025-12-01 09:50:00,TANK_02,6.25,1.564,21.53,8.09
2025-12-01 10:00:00,TANK_02,6.24,1.564,21.61,8.07
2025-12-01 10:10:00,TANK_02,6.24,1.588,21.45,8.21
2025-12-01 10:20:00,TANK_02,6.233,1.591,21.59,8.14
2025-12-01 10:30:00,TANK_02,6.229,1.581,21.84,8.26
2025-12-01 10:40:00,TANK_02,6.219,1.578,21.78,7.98
2025-12-01 10:50:00,TANK_02,6.216,1.588,21.85,8.03
2025-12-01 11:00:00,TANK_02,6.218,1.587,21.79,8.1
2025-12-01 11:10:00,TANK_02,6.237,1.579,21.93,8.13
2025-12-01 11:20:00,TANK_02,6.242,1.585,21.88,8.08
2025-12-01 11:30:00,TANK_02,6.244,1.591,22.11,8.14
2025-12-01 11:40:00,TANK_02,6.253,1.585,21.9,8.05
2025-12-01 11:50:00,TANK_02,6.244,1.584,22.23,8.17
2025-12-01 12:00:00,TANK_02,6.243,1.588,22.37,8.08
2025-12-01 12:10:00,TANK_02,6.253,1.577,22.13,7.81
2025-12-01 12:20:00,TANK_02,6.251,1.579,22.38,8.17
2025-12-01 12:30:00,TANK_02,6.246,1.59,22.39,8.03
2025-12-01 12:40:00,TANK_02,6.243,1.576,22.38,8.27
2025-12-01 12:50:00,TANK_02,6.238,1.594,22.59,7.79
2025-12-01 13:00:00,TANK_02,6.245,1.585,22.48,8.07
2025-12-01 13:10:00,TANK_02,6.246,1.578,22.54,8.07
2025-12-01 13:20:00,TANK_02,6.239,1.575,22.94,7.91
2025-12-01 13:30:00,TANK_02,6.235,1.573,22.63,7.97
2025-12-01 13:40:00,TANK_02,6.231,1.576,22.71,7.97
2025-12-01 13:50:00,TANK_02,6.208,1.567,23.07,7.8
2025-12-01 14:00:00,TANK_02,6.217,1.555,22.8,7.83
2025-12-01 14:10:00,TANK_02,6.213,1.554,23.02,7.91
2025-12-01 14:20:00,TANK_02,6.213,1.54,23.31,7.97
2025-12-01 14:30:00,TANK_02,6.218,1.532,23.21,7.78
2025-12-01 14:40:00,TANK_02,6.211,1.541,23.26,7.85
2025-12-01 14:50:00,TANK_02,6.219,1.539,23.41,7.93
2025-12-01 15:00:00,TANK_02,6.219,1.549,23.53,8.0
2025-12-01 15:10:00,TANK_02,6.214,1.549,23.29,7.83
2025-12-01 15:20:00,TANK_02,6.225,1.554,23.63,7.84
2025-12-01 15:30:00,TANK_02,6.231,1.568,23.53,7.84
2025-12-01 15:40:00,TANK_02,6.236,1.561,23.79,7.65
2025-12-01 15:50:00,TANK_02,6.223,1.536,23.71,7.79
2025-12-01 16:00:00,TANK_02,6.232,1.525,24.04,7.56
2025-12-01 16:10:00,TANK_02,6.261,1.523,23.68,7.86
2025-12-01 16:20:00,TANK_02,6.25,1.546,23.92,7.63
2025-12-01 16:30:00,TANK_02,6.231,1.552,24.01,7.48
2025-12-01 16:40:00,TANK_02,6.236,1.523,23.99,7.69
2025-12-01 16:50:00,TANK_02,6.24,1.528,24.26,7.73
2025-12-01 17:00:00,TANK_02,6.262,1.524,24.15,7.74
2025-12-01 17:10:00,TANK_02,6.266,1.536,24.3,7.7
2025-12-01 17:20:00,TANK_02,6.266,1.53,24.31,7.82
2025-12-01 17:30:00,TANK_02,6.263,1.542,24.46,7.47
2025-12-01 17:40:00,TANK_02,6.263,1.53,24.58,7.74
2025-12-01 17:50:00,TANK_02,6.285,1.539,24.52,7.71
2025-12-01 18:00:00,TANK_02,6.277,1.537,24.48,7.59
2025-12-01 18:10:00,TANK_02,6.254,1.54,24.59,7.63
2025-12-01 18:20:00,TANK_02,6.28,1.549,24.62,7.72
2025-12-01 18:30:00,TANK_02,6.297,1.541,24.6,7.57
2025-12-01 18:40:00,TANK_02,6.283,1.543,24.68,7.81
2025-12-01 18:50:00,TANK_02,6.287,1.546,24.65,7.62
2025-12-01 19:00:00,TANK_02,6.278,1.555,24.64,7.62
2025-12-01 19:10:00,TANK_02,6.272,1.575,24.63,7.63
2025-12-01 19:20:00,TANK_02,6.263,1.564,24.62,7.78
2025-12-01 19:30:00,TANK_02,6.238,1.564,24.61,7.52
2025-12-01 19:40:00,TANK_02,6.237,1.568,24.69,7.68
2025-12-01 19:50:00,TANK_02,6.242,1.581,24.53,7.85
2025-12-01 20:00:00,TANK_02,6.249,1.569,24.85,7.66
2025-12-01 20:10:00,TANK_02,6.244,1.566,24.5,7.63
2025-12-01 20:20:00,TANK_02,6.249,1.559,24.62,7.47
2025-12-01 20:30:00,TANK_02,6.242,1.536,24.76,7.56
2025-12-01 20:40:00,TANK_02,6.24,1.536,24.61,7.63
2025-12-01 20:50:00,TANK_02,6.24,1.524,24.6,7.74
2025-12-01 21:00:00,TANK_02,6.247,1.518,24.8,7.34
2025-12-01 21:10:00,TANK_02,6.243,1.522,24.73,7.71
2025-12-01 21:20:00,TANK_02,6.238,1.521,24.74,7.54
2025-12-01 21:30:00,TANK_02,6.225,1.539,24.43,7.64
2025-12-01 21:40:00,TANK_02,6.219,1.537,24.33,7.77
2025-12-01 21:50:00,TANK_02,6.221,1.527,24.55,7.63
2025-12-01 22:00:00,TANK_02,6.216,1.519,24.48,7.45
2025-12-01 22:10:00,TANK_02,6.208,1.52,24.49,7.62
2025-12-01 22:20:00,TANK_02,6.219,1.532,24.39,7.67
2025-12-01 22:30:00,TANK_02,6.218,1.521,24.34,7.52
2025-12-01 22:40:00,TANK_02,6.222,1.537,24.41,7.63
2025-12-01 22:50:00,TANK_02,6.208,1.545,24.08,7.74
2025-12-01 23:00:00,TANK_02,6.208,1.538,24.24,7.67
2025-12-01 23:10:00,TANK_02,6.206,1.53,24.22,7.53
2025-12-01 23:20:00,TANK_02,6.215,1.526,24.12,7.51
2025-12-01 23:30:00,TANK_02,6.219,1.523,24.29,7.66
2025-12-01 23:40:00,TANK_02,6.218,1.518,23.93,7.74
2025-12-01 23:50:00,TANK_02,6.216,1.509,24.1,7.65
2025-12-02 00:00:00,TANK_02,6.244,1.522,23.93,7.85
2025-12-02 00:10:00,TANK_02,6.235,1.52,23.76,7.71
2025-12-02 00:20:00,TANK_02,6.244,1.512,23.77,7.8
2025-12-02 00:30:00,TANK_02,6.213,1.509,23.74,7.87
2025-12-02 00:40:00,TANK_02,6.219,1.501,23.87,7.84
2025-12-02 00:50:00,TANK_02,6.219,1.49,23.48,7.86
2025-12-02 01:00:00,TANK_02,6.202,1.504,23.37,7.79
2025-12-02 01:10:00,TANK_02,6.195,1.5,23.38,7.71
2025-12-02 01:20:00,TANK_02,6.204,1.486,23.59,7.7
2025-12-02 01:30:00,TANK_02,6.203,1.498,23.51,7.93
2025-12-02 01:40:00,TANK_02,6.201,1.512,23.22,7.68
2025-12-02 01:50:00,TANK_02,6.202,1.498,23.3,7.86
2025-12-02 02:00:00,TANK_02,6.199,1.482,23.19,7.83
2025-12-02 02:10:00,TANK_02,6.172,1.473,23.13,7.93
2025-12-02 02:20:00,TANK_02,6.158,1.493,22.78,7.84
2025-12-02 02:30:00,TANK_02,6.146,1.505,22.89,7.86
2025-12-02 02:40:00,TANK_02,6.142,1.503,22.75,7.83
2025-12-02 02:50:00,TANK_02,6.123,1.494,22.94,8.04
2025-12-02 03:00:00,TANK_02,6.127,1.471,22.71,7.78
2025-12-02 03:10:00,TANK_02,6.126,1.47,22.82,7.81
2025-12-02 03:20:00,TANK_02,6.129,1.48,22.63,7.98
2025-12-02 03:30:00,TANK_02,6.107,1.479,22.73,7.81
2025-12-02 03:40:00,TANK_02,6.099,1.474,22.5,7.9
2025-12-02 03:50:00,TANK_02,6.105,1.469,22.35,8.0
2025-12-02 04:00:00,TANK_02,6.104,1.47,22.38,8.21
2025-12-02 04:10:00,TANK_02,6.102,1.462,22.5,7.85
2025-12-02 04:20:00,TANK_02,6.113,1.466,22.42,8.08
2025-12-02 04:30:00,TANK_02,6.121,1.471,22.09,7.84
2025-12-02 04:40:00,TANK_02,6.116,1.465,22.27,7.92
2025-12-02 04:50:00,TANK_02,6.118,1.449,22.15,8.09
2025-12-02 05:00:00,TANK_02,6.113,1.457,21.91,8.08
2025-12-02 05:10:00,TANK_02,6.107,1.457,21.93,8.0
2025-12-02 05:20:00,TANK_02,6.116,1.462,22.05,8.01
2025-12-02 05:30:00,TANK_02,6.115,1.45,21.8,8.18
2025-12-02 05:40:00,TANK_02,6.108,1.434,21.76,8.03
2025-12-02 05:50:00,TANK_02,6.097,1.432,21.84,8.0
2025-12-02 06:00:00,TANK_02,6.099,1.435,22.01,7.99
2025-12-02 06:10:00,TANK_02,6.104,1.438,21.76,8.25
2025-12-02 06:20:00,TANK_02,6.099,1.442,21.72,8.23
2025-12-02 06:30:00,TANK_02,6.101,1.426,21.77,8.1
2025-12-02 06:40:00,TANK_02,6.101,1.416,21.8,8.15
2025-12-02 06:50:00,TANK_02,6.085,1.424,21.74,8.18
2025-12-02 07:00:00,TANK_02,6.081,1.417,21.77,8.06
2025-12-02 07:10:00,TANK_02,6.083,1.392,21.55,8.16
2025-12-02 07:20:00,TANK_02,6.085,1.378,21.74,8.09
2025-12-02 07:30:00,TANK_02,6.075,1.381,21.69,8.06
2025-12-02 07:40:00,TANK_02,6.061,1.385,21.64,8.17
2025-12-02 07:50:00,TANK_02,6.069,1.4,21.41,8.2
2025-12-02 08:00:00,TANK_02,6.081,1.418,21.52,8.0
2025-12-02 08:10:00,TANK_02,6.084,1.412,21.65,8.27
2025-12-02 08:20:00,TANK_02,6.08,1.407,21.42,8.11
2025-12-02 08:30:00,TANK_02,6.09,1.397,21.62,8.15
2025-12-02 08:40:00,TANK_02,6.082,1.413,21.43,8.17
2025-12-02 08:50:00,TANK_02,6.083,1.419,21.78,8.4
2025-12-02 09:00:00,TANK_02,6.094,1.417,21.55,8.27
2025-12-02 09:10:00,TANK_02,6.104,1.405,21.42,8.14
2025-12-02 09:20:00,TANK_02,6.089,1.426,22.06,8.1
2025-12-02 09:30:00,TANK_02,6.097,1.432,21.82,7.93
2025-12-02 09:40:00,TANK_02,6.109,1.441,21.69,8.22
2025-12-02 09:50:00,TANK_02,6.112,1.442,21.81,8.11
2025-12-02 10:00:00,TANK_02,6.104,1.439,21.8,7.99
2025-12-02 10:10:00,TANK_02,6.094,1.449,21.9,8.06
2025-12-02 10:20:00,TANK_02,6.089,1.481,21.98,8.26
2025-12-02 10:30:00,TANK_02,6.089,1.482,21.96,8.03
2025-12-02 10:40:00,TANK_02,6.093,1.478,21.88,8.03
2025-12-02 10:50:00,TANK_02,6.09,1.473,22.01,8.18
2025-12-02 11:00:00,TANK_02,6.098,1.485,22.01,8.16
2025-12-02 11:10:00,TANK_02,6.119,1.488,22.3,8.03
2025-12-02 11:20:00,TANK_02,6.107,1.496,22.18,5.23
2025-12-02 11:30:00,TANK_02,6.107,1.489,22.2,8.02
2025-12-02 11:40:00,TANK_02,6.127,1.471,22.2,8.08
2025-12-02 11:50:00,TANK_02,6.137,1.483,22.36,8.01
2025-12-02 12:00:00,TANK_02,6.119,1.474,22.56,7.98
2025-12-02 12:10:00,TANK_02,6.124,1.48,22.62,7.96
2025-12-02 12:20:00,TANK_02,6.116,1.484,22.47,7.89
2025-12-02 12:30:00,TANK_02,6.126,1.475,22.49,8.01
2025-12-02 12:40:00,TANK_02,6.138,1.487,22.54,8.0
2025-12-02 12:50:00,TANK_02,6.143,1.487,22.67,7.79
2025-12-02 13:00:00,TANK_02,6.164,1.475,23.09,7.72
2025-12-02 13:10:00,TANK_02,6.158,1.498,22.73,8.01
2025-12-02 13:20:00,TANK_02,6.156,1.5,22.91,7.87
2025-12-02 13:30:00,TANK_02,6.148,1.494,23.04,7.89
2025-12-02 13:40:00,TANK_02,6.147,1.497,23.01,7.86
2025-12-02 13:50:00,TANK_02,6.141,1.508,23.18,7.73
2025-12-02 14:00:00,TANK_02,6.144,1.519,23.17,7.84
2025-12-02 14:10:00,TANK_02,6.129,1.524,23.38,7.95
2025-12-02 14:20:00,TANK_02,6.126,1.52,23.12,7.76
2025-12-02 14:30:00,TANK_02,6.138,1.54,23.34,7.8
2025-12-02 14:40:00,TANK_02,6.146,1.541,23.35,8.03
2025-12-02 14:50:00,TANK_02,6.154,1.55,23.68,7.97
2025-12-02 15:00:00,TANK_02,6.147,1.556,23.74,7.74
2025-12-02 15:10:00,TANK_02,6.146,1.564,23.61,7.77
2025-12-02 15:20:00,TANK_02,6.128,1.577,23.71,7.71
2025-12-02 15:30:00,TANK_02,6.131,1.566,23.81,7.86
2025-12-02 15:40:00,TANK_02,6.136,1.575,24.05,7.62
2025-12-02 15:50:00,TANK_02,6.143,1.581,24.16,7.47
2025-12-02 16:00:00,TANK_02,6.145,1.579,23.95,7.7
2025-12-02 16:10:00,TANK_02,6.149,1.585,23.95,7.85
2025-12-02 16:20:00,TANK_02,6.179,1.586,24.28,7.59
2025-12-02 16:30:00,TANK_02,6.174,1.589,24.42,7.63
2025-12-02 16:40:00,TANK_02,6.174,1.583,24.13,7.7
2025-12-02 16:50:00,TANK_02,6.189,1.591,24.31,7.63
2025-12-02 17:00:00,TANK_02,6.199,1.573,24.32,7.67
2025-12-02 17:10:00,TANK_02,6.22,1.568,24.52,7.69
2025-12-02 17:20:00,TANK_02,6.202,1.566,24.48,7.45
2025-12-02 17:30:00,TANK_02,6.202,1.566,24.27,7.75
2025-12-02 17:40:00,TANK_02,6.194,1.588,24.32,7.7
2025-12-02 17:50:00,TANK_02,6.195,1.582,24.59,7.41
2025-12-02 18:00:00,TANK_02,6.208,1.579,24.47,7.61
2025-12-02 18:10:00,TANK_02,6.007,1.573,24.55,7.43
2025-12-02 18:20:00,TANK_02,6.028,1.574,24.41,7.7
2025-12-02 18:30:00,TANK_02,6.03,1.579,24.99,7.55
2025-12-02 18:40:00,TANK_02,6.034,1.585,24.93,7.52
2025-12-02 18:50:00,TANK_02,6.037,1.6,24.61,7.44
2025-12-02 19:00:00,TANK_02,6.052,1.614,24.74,7.59
2025-12-02 19:10:00,TANK_02,6.045,1.608,24.63,7.63
2025-12-02 19:20:00,TANK_02,6.068,1.585,24.77,7.62
2025-12-02 19:30:00,TANK_02,6.072,1.594,24.83,7.51
2025-12-02 19:40:00,TANK_02,6.063,1.582,24.89,7.59
2025-12-02 19:50:00,TANK_02,6.065,1.576,24.67,7.6
2025-12-02 20:00:00,TANK_02,6.055,1.575,24.89,7.83
2025-12-02 20:10:00,TANK_02,6.055,1.567,25.13,7.35
2025-12-02 20:20:00,TANK_02,6.045,1.584,24.94,7.38
2025-12-02 20:30:00,TANK_02,6.04,1.587,24.59,7.57
2025-12-02 20:40:00,TANK_02,6.045,1.579,24.68,7.45
2025-12-02 20:50:00,TANK_02,6.046,1.591,24.63,7.7
2025-12-02 21:00:00,TANK_02,6.058,1.592,24.52,7.74
2025-12-02 21:10:00,TANK_02,6.05,1.59,24.82,7.49
2025-12-02 21:20:00,TANK_02,6.051,1.604,24.79,7.63
2025-12-02 21:30:00,TANK_02,6.055,1.61,24.74,7.58
2025-12-02 21:40:00,TANK_02,6.056,1.618,24.58,7.56
2025-12-02 21:50:00,TANK_02,6.054,1.602,24.59,7.59
2025-12-02 22:00:00,TANK_02,6.068,1.6,24.57,7.63
2025-12-02 22:10:00,TANK_02,6.072,1.597,24.88,7.48
2025-12-02 22:20:00,TANK_02,6.078,1.603,24.56,7.53
2025-12-02 22:30:00,TANK_02,6.08,1.602,24.22,7.73
2025-12-02 22:40:00,TANK_02,6.097,1.593,24.59,7.4
2025-12-02 22:50:00,TANK_02,6.097,1.586,24.32,7.68
2025-12-02 23:00:00,TANK_02,6.11,1.593,24.3,7.55
2025-12-02 23:10:00,TANK_02,6.105,1.587,24.33,7.65
2025-12-02 23:20:00,TANK_02,6.107,1.594,24.27,7.6
2025-12-02 23:30:00,TANK_02,6.106,1.587,24.36,7.73
2025-12-02 23:40:00,TANK_02,6.094,1.569,24.04,7.66
2025-12-02 23:50:00,TANK_02,6.101,1.596,24.01,7.66
2025-12-03 00:00:00,TANK_02,6.097,1.591,23.83,7.72
2025-12-03 00:10:00,TANK_02,6.097,1.594,24.2,7.73
2025-12-03 00:20:00,TANK_02,6.099,1.601,23.86,7.74
2025-12-03 00:30:00,TANK_02,6.087,1.609,23.87,7.73
2025-12-03 00:40:00,TANK_02,6.082,1.596,23.89,7.79
2025-12-03 00:50:00,TANK_02,6.088,1.6,23.77,7.84
2025-12-03 01:00:00,TANK_02,6.071,1.594,23.52,7.85
2025-12-03 01:10:00,TANK_02,6.065,1.602,23.49,7.89
2025-12-03 01:20:00,TANK_02,6.07,1.596,23.45,7.96
2025-12-03 01:30:00,TANK_02,6.081,1.603,23.42,7.86
2025-12-03 01:40:00,TANK_02,6.08,1.602,23.37,7.92
2025-12-03 01:50:00,TANK_02,6.079,1.609,23.22,7.68
2025-12-03 02:00:00,TANK_02,6.068,1.605,23.29,7.9
2025-12-03 02:10:00,TANK_02,6.067,1.606,23.22,7.77
2025-12-03 02:20:00,TANK_02,6.065,1.605,22.85,8.01
2025-12-03 02:30:00,TANK_02,6.079,1.61,23.1,7.96
2025-12-03 02:40:00,TANK_02,6.09,1.612,22.93,7.72
2025-12-03 02:50:00,TANK_02,6.098,1.608,22.65,7.91
2025-12-03 03:00:00,TANK_02,6.103,1.612,22.76,7.93
2025-12-03 03:10:00,TANK_02,6.08,1.628,22.37,7.93
2025-12-03 03:20:00,TANK_02,6.095,1.629,22.56,7.99
2025-12-03 03:30:00,TANK_02,6.09,1.639,22.52,8.0
2025-12-03 03:40:00,TANK_02,6.092,1.626,22.38,7.99
2025-12-03 03:50:00,TANK_02,6.078,1.628,22.25,7.97
2025-12-03 04:00:00,TANK_02,6.065,1.606,22.53,7.81
2025-12-03 04:10:00,TANK_02,6.054,1.607,22.47,7.9
2025-12-03 04:20:00,TANK_02,6.066,1.595,22.37,8.07
2025-12-03 04:30:00,TANK_02,6.059,1.598,22.1,7.94
2025-12-03 04:40:00,TANK_02,6.052,1.597,22.16,7.84
2025-12-03 04:50:00,TANK_02,6.047,1.598,22.37,8.08
2025-12-03 05:00:00,TANK_02,6.049,1.596,21.91,7.96
2025-12-03 05:10:00,TANK_02,6.059,1.605,22.23,7.98
2025-12-03 05:20:00,TANK_02,6.072,1.606,21.9,8.17
2025-12-03 05:30:00,TANK_02,6.072,1.602,22.1,8.0
2025-12-03 05:40:00,TANK_02,6.084,1.616,21.91,8.01
2025-12-03 05:50:00,TANK_02,6.075,1.601,21.96,8.02
2025-12-03 06:00:00,TANK_02,6.069,1.604,21.81,8.03
2025-12-03 06:10:00,TANK_02,6.069,1.611,22.04,8.01
2025-12-03 06:20:00,TANK_02,6.072,1.612,21.84,8.24
2025-12-03 06:30:00,TANK_02,6.067,1.599,21.83,8.24
2025-12-03 06:40:00,TANK_02,6.069,1.594,21.51,8.1
2025-12-03 06:50:00,TANK_02,6.066,1.583,21.55,8.0
2025-12-03 07:00:00,TANK_02,6.052,1.579,21.59,8.23
2025-12-03 07:10:00,TANK_02,6.057,1.59,21.63,8.19
2025-12-03 07:20:00,TANK_02,6.065,1.596,21.43,8.26
2025-12-03 07:30:00,TANK_02,6.069,1.586,21.46,8.23
2025-12-03 07:40:00,TANK_02,6.075,1.59,21.41,8.19
2025-12-03 07:50:00,TANK_02,6.098,1.597,21.77,7.99
2025-12-03 08:00:00,TANK_02,6.074,1.583,21.7,8.29
2025-12-03 08:10:00,TANK_02,6.066,1.583,21.6,8.11
2025-12-03 08:20:00,TANK_02,6.069,1.586,21.58,8.09
2025-12-03 08:30:00,TANK_02,6.081,1.598,21.5,8.2
2025-12-03 08:40:00,TANK_02,6.09,1.601,21.58,8.23
2025-12-03 08:50:00,TANK_02,6.09,1.599,21.76,8.13
2025-12-03 09:00:00,TANK_02,6.094,1.589,21.62,8.25
2025-12-03 09:10:00,TANK_02,6.107,1.595,21.5,8.38
2025-12-03 09:20:00,TANK_02,6.111,1.602,21.51,8.13
2025-12-03 09:30:00,TANK_02,6.116,1.593,21.7,8.04
2025-12-03 09:40:00,TANK_02,6.138,1.585,21.76,8.24
2025-12-03 09:50:00,TANK_02,6.132,1.578,21.67,8.25
2025-12-03 10:00:00,TANK_02,6.131,1.584,21.94,8.11
2025-12-03 10:10:00,TANK_02,6.125,1.568,21.77,8.14
2025-12-03 10:20:00,TANK_02,6.133,1.551,21.69,8.1
2025-12-03 10:30:00,TANK_02,6.152,1.547,22.01,8.21
2025-12-03 10:40:00,TANK_02,6.158,1.562,21.72,8.32
2025-12-03 10:50:00,TANK_02,6.153,1.563,22.01,8.29
2025-12-03 11:00:00,TANK_02,6.177,1.568,22.08,8.1
2025-12-03 11:10:00,TANK_02,6.188,1.57,22.01,7.99
2025-12-03 11:20:00,TANK_02,6.187,1.56,21.91,8.01
2025-12-03 11:30:00,TANK_02,6.195,1.57,22.3,7.93
2025-12-03 11:40:00,TANK_02,6.204,1.576,22.0,8.19
2025-12-03 11:50:00,TANK_02,6.206,1.594,22.23,8.03
2025-12-03 12:00:00,TANK_02,6.213,1.59,22.17,8.03
2025-12-03 12:10:00,TANK_02,6.213,1.61,22.51,7.95
2025-12-03 12:20:00,TANK_02,6.199,1.608,22.37,7.86
2025-12-03 12:30:00,TANK_02,6.201,1.598,22.39,7.98
2025-12-03 12:40:00,TANK_02,6.186,1.605,22.68,7.94
2025-12-03 12:50:00,TANK_02,6.199,1.609,22.59,7.92
2025-12-03 13:00:00,TANK_02,6.223,1.599,22.48,7.91
2025-12-03 13:10:00,TANK_02,6.231,1.595,22.75,7.82
2025-12-03 13:20:00,TANK_02,6.222,1.596,22.54,7.76
2025-12-03 13:30:00,TANK_02,6.228,1.602,22.92,8.12
2025-12-03 13:40:00,TANK_02,6.23,1.608,23.08,7.71
2025-12-03 13:50:00,TANK_02,6.228,1.606,23.07,7.74
2025-12-03 14:00:00,TANK_02,6.231,1.605,23.2,7.89
2025-12-03 14:10:00,TANK_02,6.234,1.637,23.4,7.86
2025-12-03 14:20:00,TANK_02,6.244,1.637,23.31,7.81
2025-12-03 14:30:00,TANK_02,6.259,1.649,23.15,7.7
2025-12-03 14:40:00,TANK_02,6.256,1.658,23.34,7.81
2025-12-03 14:50:00,TANK_02,6.252,1.664,23.53,7.68
2025-12-03 15:00:00,TANK_02,6.263,1.647,23.69,7.77
2025-12-03 15:10:00,TANK_02,6.249,1.662,23.71,7.78
2025-12-03 15:20:00,TANK_02,6.257,1.676,23.85,7.81
2025-12-03 15:30:00,TANK_02,6.255,1.668,23.67,7.78
2025-12-03 15:40:00,TANK_02,6.286,1.658,23.89,7.64
2025-12-03 15:50:00,TANK_02,6.273,1.659,23.86,7.77
2025-12-03 16:00:00,TANK_02,6.281,1.671,23.64,7.95
2025-12-03 16:10:00,TANK_02,6.3,1.676,24.08,7.74
2025-12-03 16:20:00,TANK_02,6.294,1.678,23.83,7.87
2025-12-03 16:30:00,TANK_02,6.299,1.669,24.03,7.7
2025-12-03 16:40:00,TANK_02,6.298,1.664,24.1,7.63
2025-12-03 16:50:00,TANK_02,6.284,1.66,24.13,7.65
2025-12-03 17:00:00,TANK_02,6.293,1.656,24.31,7.81
2025-12-03 17:10:00,TANK_02,6.308,1.647,24.4,7.66
2025-12-03 17:20:00,TANK_02,6.325,1.643,24.28,7.58
2025-12-03 17:30:00,TANK_02,,1.652,24.49,7.6
2025-12-03 17:40:00,TANK_02,6.345,1.673,24.21,7.98
2025-12-03 17:50:00,TANK_02,6.348,1.677,24.57,7.82
2025-12-03 18:00:00,TANK_02,6.335,1.67,24.39,7.65
2025-12-03 18:10:00,TANK_02,6.35,1.699,24.43,7.65
2025-12-03 18:20:00,TANK_02,6.349,1.696,24.35,7.56
2025-12-03 18:30:00,TANK_02,6.345,1.672,24.7,7.6
2025-12-03 18:40:00,TANK_02,6.344,1.676,24.47,7.83
2025-12-03 18:50:00,TANK_02,6.343,1.677,24.86,7.29
2025-12-03 19:00:00,TANK_02,6.336,1.673,24.44,7.58
2025-12-03 19:10:00,TANK_02,6.137,1.676,24.48,7.63
2025-12-03 19:20:00,TANK_02,6.119,1.679,24.61,7.57
2025-12-03 19:30:00,TANK_02,6.134,1.678,24.69,7.42
2025-12-03 19:40:00,TANK_02,6.137,1.694,24.75,7.83
2025-12-03 19:50:00,TANK_02,6.164,1.692,24.62,7.64
2025-12-03 20:00:00,TANK_02,6.177,1.697,24.88,7.6
2025-12-03 20:10:00,TANK_02,6.176,1.681,24.42,7.77
2025-12-03 20:20:00,TANK_02,6.167,1.669,24.74,7.58
2025-12-03 20:30:00,TANK_02,6.185,1.65,24.51,7.72
2025-12-03 20:40:00,TANK_02,6.19,1.658,24.59,7.59
2025-12-03 20:50:00,TANK_02,6.178,1.674,24.69,7.69
2025-12-03 21:00:00,TANK_02,6.175,1.668,24.57,7.54
2025-12-03 21:10:00,TANK_02,6.189,1.666,24.64,7.54
2025-12-03 21:20:00,TANK_02,6.198,1.663,24.52,7.53
2025-12-03 21:30:00,TANK_02,6.205,1.669,24.54,7.76
2025-12-03 21:40:00,TANK_02,6.194,1.661,24.43,7.76
2025-12-03 21:50:00,TANK_02,6.181,1.645,24.45,7.75
2025-12-03 22:00:00,TANK_02,6.176,1.652,24.41,7.49
2025-12-03 22:10:00,TANK_02,6.182,1.656,24.23,7.62
2025-12-03 22:20:00,TANK_02,6.168,1.663,24.33,7.55
2025-12-03 22:30:00,TANK_02,6.163,1.663,24.44,7.52
2025-12-03 22:40:00,TANK_02,6.174,1.652,24.35,7.54
2025-12-03 22:50:00,TANK_02,6.17,1.646,24.12,7.74
2025-12-03 23:00:00,TANK_02,6.175,1.641,24.11,7.77
2025-12-03 23:10:00,TANK_02,6.18,1.641,24.22,7.84
2025-12-03 23:20:00,TANK_02,6.17,1.636,24.04,7.78
2025-12-03 23:30:00,TANK_02,6.171,1.654,24.09,7.78
2025-12-03 23:40:00,TANK_02,6.172,1.669,23.97,7.88
2025-12-03 23:50:00,TANK_02,6.176,1.67,23.9,7.75
2025-12-04 00:00:00,TANK_02,6.171,1.681,23.85,7.87
2025-12-04 00:10:00,TANK_02,6.17,1.668,23.82,7.61
2025-12-04 00:20:00,TANK_02,6.155,1.665,23.59,7.78
2025-12-04 00:30:00,TANK_02,6.16,1.653,23.48,7.7
2025-12-04 00:40:00,TANK_02,6.157,1.663,23.68,7.95
2025-12-04 00:50:00,TANK_02,6.161,1.667,23.54,7.72
2025-12-04 01:00:00,TANK_02,6.168,1.689,23.48,7.8
2025-12-04 01:10:00,TANK_02,6.17,1.694,23.39,7.89
2025-12-04 01:20:00,TANK_02,6.157,1.708,23.15,8.21
2025-12-04 01:30:00,TANK_02,6.157,1.714,23.28,7.77
2025-12-04 01:40:00,TANK_02,6.152,1.713,22.94,7.98
2025-12-04 01:50:00,TANK_02,6.154,1.714,23.0,8.01
2025-12-04 02:00:00,TANK_02,6.169,1.724,22.82,8.05
2025-12-04 02:10:00,TANK_02,6.151,1.707,22.94,7.75
2025-12-04 02:20:00,TANK_02,6.152,1.707,22.92,7.78
2025-12-04 02:30:00,TANK_02,6.156,1.72,22.72,8.03
2025-12-04 02:40:00,TANK_02,6.143,1.719,22.93,7.97
2025-12-04 02:50:00,TANK_02,6.159,1.724,22.59,7.96
2025-12-04 03:00:00,TANK_02,6.152,1.702,22.54,7.94
2025-12-04 03:10:00,TANK_02,6.15,1.704,22.61,8.03
2025-12-04 03:20:00,TANK_02,6.138,1.71,22.18,7.86
2025-12-04 03:30:00,TANK_02,6.126,1.72,22.25,8.01
2025-12-04 03:40:00,TANK_02,6.131,1.73,22.44,7.92
2025-12-04 03:50:00,TANK_02,6.137,1.722,22.14,8.07
2025-12-04 04:00:00,TANK_02,6.137,1.713,22.07,8.25
2025-12-04 04:10:00,TANK_02,6.143,1.728,22.22,8.12
2025-12-04 04:20:00,TANK_02,6.13,1.719,22.02,8.19
2025-12-04 04:30:00,TANK_02,6.141,1.724,22.1,8.08
2025-12-04 04:40:00,TANK_02,6.155,1.722,21.75,7.96
2025-12-04 04:50:00,TANK_02,6.142,1.717,21.77,8.16
2025-12-04 05:00:00,TANK_02,6.125,1.713,21.7,7.97
2025-12-04 05:10:00,TANK_02,6.116,1.712,21.66,8.28
2025-12-04 05:20:00,TANK_02,6.129,1.716,21.84,8.03
2025-12-04 05:30:00,TANK_02,6.129,1.726,21.65,8.27
2025-12-04 05:40:00,TANK_02,6.138,1.708,21.66,8.04
2025-12-04 05:50:00,TANK_02,6.131,1.713,21.81,8.35
2025-12-04 06:00:00,TANK_02,6.128,1.71,21.37,8.05
2025-12-04 06:10:00,TANK_02,6.125,1.718,21.44,8.27
2025-12-04 06:20:00,TANK_02,6.129,1.729,21.36,8.1
2025-12-04 06:30:00,TANK_02,6.121,1.739,21.46,7.94
2025-12-04 06:40:00,TANK_02,6.118,1.742,21.5,8.05
2025-12-04 06:50:00,TANK_02,6.125,1.744,21.41,8.06
2025-12-04 07:00:00,TANK_02,6.12,1.743,21.4,8.32
2025-12-04 07:10:00,TANK_02,6.124,1.751,21.28,8.18
2025-12-04 07:20:00,TANK_02,6.124,1.759,21.26,8.08
2025-12-04 07:30:00,TANK_02,6.125,1.755,21.28,8.25
2025-12-04 07:40:00,TANK_02,6.113,1.746,21.22,8.33
2025-12-04 07:50:00,TANK_02,6.11,1.745,21.28,8.34
2025-12-04 08:00:00,TANK_02,6.107,1.764,21.32,8.13
2025-12-04 08:10:00,TANK_02,6.106,1.762,21.18,8.07
2025-12-04 08:20:00,TANK_02,6.1,1.759,21.5,8.29
2025-12-04 08:30:00,TANK_02,6.103,1.764,21.23,8.29
2025-12-04 08:40:00,TANK_02,6.114,1.767,21.18,8.24
2025-12-04 08:50:00,TANK_02,6.122,1.748,21.25,8.17
2025-12-04 09:00:00,TANK_02,6.126,1.737,21.12,8.27
2025-12-04 09:10:00,TANK_02,6.136,1.758,21.34,8.18
2025-12-04 09:20:00,TANK_02,6.159,1.757,21.37,8.42
2025-12-04 09:30:00,TANK_02,6.151,1.735,21.45,8.06
2025-12-04 09:40:00,TANK_02,6.16,1.734,21.42,8.07
2025-12-04 09:50:00,TANK_02,6.147,1.734,21.35,8.06
2025-12-04 10:00:00,TANK_02,6.145,1.732,21.56,8.25
2025-12-04 10:10:00,TANK_02,6.141,1.729,21.37,8.06
2025-12-04 10:20:00,TANK_02,6.145,1.73,21.56,8.22
2025-12-04 10:30:00,TANK_02,,1.73,21.66,8.01
2025-12-04 10:40:00,TANK_02,6.177,1.737,21.39,8.15
2025-12-04 10:50:00,TANK_02,6.165,1.735,21.49,8.2
2025-12-04 11:00:00,TANK_02,6.162,1.734,21.68,8.09
2025-12-04 11:10:00,TANK_02,6.149,1.754,21.59,8.11
2025-12-04 11:20:00,TANK_02,6.164,1.74,21.75,8.13
2025-12-04 11:30:00,TANK_02,6.165,1.746,21.94,8.16
2025-12-04 11:40:00,TANK_02,6.161,1.74,22.12,8.03
2025-12-04 11:50:00,TANK_02,6.165,1.761,22.19,8.04
2025-12-04 12:00:00,TANK_02,6.159,1.759,21.8,8.22
2025-12-04 12:10:00,TANK_02,6.166,1.747,21.94,8.05
2025-12-04 12:20:00,TANK_02,6.168,1.756,22.03,8.07
2025-12-04 12:30:00,TANK_02,6.172,1.768,22.05,8.05
2025-12-04 12:40:00,TANK_02,6.182,1.747,22.27,8.05
2025-12-04 12:50:00,TANK_02,6.171,1.743,22.36,8.03
2025-12-04 13:00:00,TANK_02,6.157,1.742,22.38,7.9
2025-12-04 13:10:00,TANK_02,6.146,1.761,22.48,8.08
2025-12-04 13:20:00,TANK_02,6.152,1.781,22.39,7.85
2025-12-04 13:30:00,TANK_02,6.155,1.785,22.41,7.73
2025-12-04 13:40:00,TANK_02,6.161,1.785,22.7,7.8
2025-12-04 13:50:00,TANK_02,6.175,1.797,22.81,7.98
2025-12-04 14:00:00,TANK_02,6.184,1.794,22.64,7.76
2025-12-04 14:10:00,TANK_02,6.19,1.801,23.02,7.88
2025-12-04 14:20:00,TANK_02,6.176,1.812,22.83,8.01
2025-12-04 14:30:00,TANK_02,6.177,1.799,22.93,8.08
2025-12-04 14:40:00,TANK_02,6.18,1.799,23.22,7.89
2025-12-04 14:50:00,TANK_02,6.188,1.791,23.28,7.81
2025-12-04 15:00:00,TANK_02,6.177,1.791,23.2,7.9
2025-12-04 15:10:00,TANK_02,6.168,1.802,23.1,7.86
2025-12-04 15:20:00,TANK_02,6.152,1.804,23.18,7.97
2025-12-04 15:30:00,TANK_02,6.14,1.807,23.44,7.87
2025-12-04 15:40:00,TANK_02,6.133,1.797,23.41,7.94
2025-12-04 15:50:00,TANK_02,6.119,1.805,23.63,7.72
2025-12-04 16:00:00,TANK_02,6.135,1.793,23.52,7.8
2025-12-04 16:10:00,TANK_02,6.125,1.802,23.67,7.8
2025-12-04 16:20:00,TANK_02,6.12,1.795,23.6,7.89
2025-12-04 16:30:00,TANK_02,6.115,1.778,23.91,7.8
2025-12-04 16:40:00,TANK_02,6.129,1.793,23.5,7.75
2025-12-04 16:50:00,TANK_02,6.131,1.789,23.67,7.66
2025-12-04 17:00:00,TANK_02,6.109,1.797,24.03,7.83
2025-12-04 17:10:00,TANK_02,6.103,1.801,24.05,7.68
2025-12-04 17:20:00,TANK_02,6.099,1.806,23.99,7.58
2025-12-04 17:30:00,TANK_02,6.093,1.809,24.13,7.51
2025-12-04 17:40:00,TANK_02,6.087,1.799,23.93,7.65
2025-12-04 17:50:00,TANK_02,6.283,1.803,24.2,7.57
2025-12-04 18:00:00,TANK_02,6.093,1.808,24.04,7.8
2025-12-04 18:10:00,TANK_02,6.082,1.8,24.02,7.73
2025-12-04 18:20:00,TANK_02,6.087,1.807,24.07,7.82
2025-12-04 18:30:00,TANK_02,6.088,1.811,24.24,7.76
2025-12-04 18:40:00,TANK_02,6.093,1.799,24.28,7.68
2025-12-04 18:50:00,TANK_02,6.114,1.808,24.4,7.61
2025-12-04 19:00:00,TANK_02,6.109,1.823,24.15,7.77
2025-12-04 19:10:00,TANK_02,6.098,1.827,24.26,7.79
2025-12-04 19:20:00,TANK_02,6.116,1.816,24.18,7.78
2025-12-04 19:30:00,TANK_02,6.123,1.833,24.51,7.54
2025-12-04 19:40:00,TANK_02,6.121,1.826,24.23,7.64
2025-12-04 19:50:00,TANK_02,6.129,1.832,24.17,7.85
2025-12-04 20:00:00,TANK_02,6.12,1.825,24.29,7.7
2025-12-04 20:10:00,TANK_02,6.12,1.828,24.34,7.76
2025-12-04 20:20:00,TANK_02,6.108,1.835,24.25,7.66
2025-12-04 20:30:00,TANK_02,6.103,1.818,24.25,7.76
2025-12-04 20:40:00,TANK_02,6.115,1.824,24.18,7.65
2025-12-04 20:50:00,TANK_02,6.099,1.825,24.26,7.76
2025-12-04 21:00:00,TANK_02,6.099,1.835,24.38,7.74
2025-12-04 21:10:00,TANK_02,6.105,1.835,24.0,7.56
2025-12-04 21:20:00,TANK_02,6.084,1.838,24.14,7.8
2025-12-04 21:30:00,TANK_02,6.096,1.841,23.98,7.77
2025-12-04 21:40:00,TANK_02,6.076,1.833,24.19,7.75
2025-12-04 21:50:00,TANK_02,6.084,1.839,23.87,7.66
2025-12-04 22:00:00,TANK_02,6.084,1.822,24.07,7.65
2025-12-04 22:10:00,TANK_02,6.096,1.819,24.14,7.93
2025-12-04 22:20:00,TANK_02,6.095,1.819,24.1,7.57
2025-12-04 22:30:00,TANK_02,6.116,1.806,23.86,7.78
2025-12-04 22:40:00,TANK_02,6.108,1.814,24.01,7.73
2025-12-04 22:50:00,TANK_02,6.116,1.815,23.91,7.59
2025-12-04 23:00:00,TANK_02,6.126,1.821,23.67,7.57
2025-12-04 23:10:00,TANK_02,6.119,1.829,23.53,7.6
2025-12-04 23:20:00,TANK_02,6.117,1.815,23.6,7.74
2025-12-04 23:30:00,TANK_02,6.113,1.807,23.65,7.73
2025-12-04 23:40:00,TANK_02,6.102,1.799,23.64,7.85
2025-12-04 23:50:00,TANK_02,6.099,1.81,23.57,7.82
2025-12-05 00:00:00,TANK_02,6.106,1.815,23.5,7.75
2025-12-05 00:10:00,TANK_02,6.124,1.793,23.36,7.79
2025-12-05 00:20:00,TANK_02,6.121,1.791,23.38,7.83
2025-12-05 00:30:00,TANK_02,6.127,1.814,23.33,7.86
2025-12-05 00:40:00,TANK_02,6.132,1.816,23.19,7.8
2025-12-05 00:50:00,TANK_02,6.134,1.827,23.32,7.79
2025-12-05 01:00:00,TANK_02,6.136,1.826,22.96,8.0
2025-12-05 01:10:00,TANK_02,6.111,1.823,23.0,7.93
2025-12-05 01:20:00,TANK_02,6.103,1.818,22.9,7.93
2025-12-05 01:30:00,TANK_02,6.108,1.815,23.01,8.03
2025-12-05 01:40:00,TANK_02,6.117,1.799,22.78,7.96
2025-12-05 01:50:00,TANK_02,6.127,1.787,22.87,7.9
2025-12-05 02:00:00,TANK_02,6.126,1.797,22.61,8.01
2025-12-05 02:10:00,TANK_02,6.129,1.798,22.54,7.96
2025-12-05 02:20:00,TANK_02,6.119,1.79,22.55,7.87
2025-12-05 02:30:00,TANK_02,6.119,1.801,22.27,7.88
2025-12-05 02:40:00,TANK_02,6.116,1.803,22.32,7.95
2025-12-05 02:50:00,TANK_02,6.102,1.81,22.28,7.96
2025-12-05 03:00:00,TANK_02,6.095,1.836,22.23,8.03
2025-12-05 03:10:00,TANK_02,6.09,1.863,22.15,7.93
2025-12-05 03:20:00,TANK_02,6.098,1.854,22.02,8.18
2025-12-05 03:30:00,TANK_02,6.105,1.85,22.15,8.1
2025-12-05 03:40:00,TANK_02,6.097,1.838,22.01,8.18
2025-12-05 03:50:00,TANK_02,6.104,1.834,21.74,7.97
2025-12-05 04:00:00,TANK_02,6.107,1.835,21.69,8.1
2025-12-05 04:10:00,TANK_02,6.113,1.834,21.69,8.16
2025-12-05 04:20:00,TANK_02,6.093,1.837,21.65,8.2
2025-12-05 04:30:00,TANK_02,6.087,1.831,21.41,8.17
2025-12-05 04:40:00,TANK_02,6.081,1.829,21.85,8.15
2025-12-05 04:50:00,TANK_02,6.077,1.823,21.56,8.28
2025-12-05 05:00:00,TANK_02,6.093,1.807,21.36,8.08
2025-12-05 05:10:00,TANK_02,6.085,1.804,21.57,8.21
2025-12-05 05:20:00,TANK_02,6.094,1.799,21.47,8.09
2025-12-05 05:30:00,TANK_02,6.095,1.788,21.23,8.17
2025-12-05 05:40:00,TANK_02,6.087,1.796,21.12,8.27
2025-12-05 05:50:00,TANK_02,6.091,1.81,21.09,8.02
2025-12-05 06:00:00,TANK_02,6.095,1.788,21.19,8.35
2025-12-05 06:10:00,TANK_02,6.092,1.802,21.31,8.14
2025-12-05 06:20:00,TANK_02,6.089,1.801,21.29,8.12
2025-12-05 06:30:00,TANK_02,6.09,1.803,21.22,8.2
2025-12-05 06:40:00,TANK_02,6.086,1.801,21.03,8.28
2025-12-05 06:50:00,TANK_02,6.079,1.78,21.01,8.16
2025-12-05 07:00:00,TANK_02,6.08,1.778,21.07,8.22
2025-12-05 07:10:00,TANK_02,6.067,1.779,21.0,8.2
2025-12-05 07:20:00,TANK_02,6.045,1.77,20.91,8.43
2025-12-05 07:30:00,TANK_02,6.035,1.771,20.84,8.18
2025-12-05 07:40:00,TANK_02,6.027,1.757,21.12,8.37
2025-12-05 07:50:00,TANK_02,6.036,1.755,21.08,8.22
2025-12-05 08:00:00,TANK_02,6.038,1.749,21.04,8.28
2025-12-05 08:10:00,TANK_02,6.032,1.761,20.83,8.28
2025-12-05 08:20:00,TANK_02,6.035,1.782,20.8,8.24
2025-12-05 08:30:00,TANK_02,6.03,1.783,20.88,8.26
2025-12-05 08:40:00,TANK_02,6.016,1.787,20.89,7.98
2025-12-05 08:50:00,TANK_02,6.005,1.797,21.08,8.48
2025-12-05 09:00:00,TANK_02,5.997,1.782,21.12,8.14
2025-12-05 09:10:00,TANK_02,6.005,1.794,20.8,8.44
2025-12-05 09:20:00,TANK_02,6.004,1.803,21.31,8.4
2025-12-05 09:30:00,TANK_02,5.996,1.812,21.01,8.16
2025-12-05 09:40:00,TANK_02,6.001,1.817,21.18,8.43
2025-12-05 09:50:00,TANK_02,5.991,1.822,21.03,8.14
2025-12-05 10:00:00,TANK_02,6.006,1.823,21.23,8.29
2025-12-05 10:10:00,TANK_02,6.016,1.82,21.12,8.22
2025-12-05 10:20:00,TANK_02,6.029,1.829,21.02,8.14
2025-12-05 10:30:00,TANK_02,6.028,1.818,21.38,8.29
2025-12-05 10:40:00,TANK_02,6.022,1.819,21.23,8.11
2025-12-05 10:50:00,TANK_02,6.018,1.814,21.36,8.26
2025-12-05 11:00:00,TANK_02,6.022,1.801,21.43,8.19
2025-12-05 11:10:00,TANK_02,6.028,1.807,21.46,7.97
2025-12-05 11:20:00,TANK_02,6.027,1.796,21.4,8.19
2025-12-05 11:30:00,TANK_02,6.044,1.814,21.41,8.11
2025-12-05 11:40:00,TANK_02,6.05,1.823,21.69,8.16
2025-12-05 11:50:00,TANK_02,6.067,1.832,21.75,8.03
2025-12-05 12:00:00,TANK_02,6.058,1.836,21.72,8.07
2025-12-05 12:10:00,TANK_02,6.053,1.846,21.89,8.11
2025-12-05 12:20:00,TANK_02,6.046,1.838,21.68,8.13
2025-12-05 12:30:00,TANK_02,6.052,1.847,21.89,8.14
2025-12-05 12:40:00,TANK_02,6.043,1.853,21.99,8.0
2025-12-05 12:50:00,TANK_02,6.047,1.845,22.25,8.1
2025-12-05 13:00:00,TANK_02,6.051,1.841,22.28,8.04
2025-12-05 13:10:00,TANK_02,6.062,1.839,22.28,7.94
2025-12-05 13:20:00,TANK_02,6.072,1.845,22.18,8.07
2025-12-05 13:30:00,TANK_02,6.079,1.837,22.24,8.03
2025-12-05 13:40:00,TANK_02,6.08,1.826,22.26,7.89
2025-12-05 13:50:00,TANK_02,6.08,1.826,22.42,7.96
2025-12-05 14:00:00,TANK_02,6.076,1.805,22.67,7.86
2025-12-05 14:10:00,TANK_02,6.067,1.794,22.51,7.91
2025-12-05 14:20:00,TANK_02,6.073,1.804,22.6,7.97
2025-12-05 14:30:00,TANK_02,6.072,1.805,22.76,7.95
2025-12-05 14:40:00,TANK_02,6.074,1.807,22.85,7.99
2025-12-05 14:50:00,TANK_02,6.091,1.804,22.73,8.03
2025-12-05 15:00:00,TANK_02,6.084,1.808,22.87,7.94
2025-12-05 15:10:00,TANK_02,6.093,1.809,22.85,7.87
2025-12-05 15:20:00,TANK_02,6.101,1.809,22.99,7.88
2025-12-05 15:30:00,TANK_02,6.095,1.798,23.12,7.96
2025-12-05 15:40:00,TANK_02,6.098,1.8,23.18,8.03
2025-12-05 15:50:00,TANK_02,6.085,1.813,23.32,7.87
2025-12-05 16:00:00,TANK_02,6.078,1.813,23.41,7.86
2025-12-05 16:10:00,TANK_02,6.081,1.809,23.33,7.86
2025-12-05 16:20:00,TANK_02,6.091,1.822,23.3,7.79
2025-12-05 16:30:00,TANK_02,6.08,1.826,23.34,7.75
2025-12-05 16:40:00,TANK_02,6.099,1.843,23.49,7.72
2025-12-05 16:50:00,TANK_02,6.097,1.841,23.52,7.59
2025-12-05 17:00:00,TANK_02,6.096,1.845,23.62,7.66
2025-12-05 17:10:00,TANK_02,6.091,1.85,23.53,7.78
2025-12-05 17:20:00,TANK_02,6.093,1.837,23.78,7.56
2025-12-05 17:30:00,TANK_02,6.099,1.818,23.71,7.81
2025-12-05 17:40:00,TANK_02,6.097,1.816,23.7,7.63
2025-12-05 17:50:00,TANK_02,6.09,1.814,23.96,7.77
2025-12-05 18:00:00,TANK_02,6.09,1.815,23.86,7.86
2025-12-05 18:10:00,TANK_02,6.089,1.825,23.89,7.58
2025-12-05 18:20:00,TANK_02,6.077,1.82,23.99,7.54
2025-12-05 18:30:00,TANK_02,6.064,1.824,24.08,7.62
2025-12-05 18:40:00,TANK_02,6.072,1.806,24.0,7.73
2025-12-05 18:50:00,TANK_02,6.071,1.803,23.96,7.76
2025-12-05 19:00:00,TANK_02,6.067,1.804,24.01,7.75
2025-12-05 19:10:00,TANK_02,6.059,1.815,24.16,7.71
2025-12-05 19:20:00,TANK_02,6.068,1.821,24.18,7.64
2025-12-05 19:30:00,TANK_02,6.071,1.816,24.2,7.79
2025-12-05 19:40:00,TANK_02,6.082,1.832,23.95,7.62
2025-12-05 19:50:00,TANK_02,6.081,1.843,24.2,7.64
2025-12-05 20:00:00,TANK_02,6.079,1.845,24.01,7.51
2025-12-05 20:10:00,TANK_02,6.083,1.844,24.05,7.82
2025-12-05 20:20:00,TANK_02,6.079,1.843,23.85,7.75
2025-12-05 20:30:00,TANK_02,6.068,1.856,23.97,7.78
2025-12-05 20:40:00,TANK_02,6.076,1.851,23.97,7.75
2025-12-05 20:50:00,TANK_02,6.067,1.858,23.95,7.7
2025-12-05 21:00:00,TANK_02,6.092,1.862,24.08,7.58
2025-12-05 21:10:00,TANK_02,6.092,1.87,23.98,7.77
2025-12-05 21:20:00,TANK_02,6.093,1.886,23.82,7.77
2025-12-05 21:30:00,TANK_02,6.098,1.892,24.0,7.77
2025-12-05 21:40:00,TANK_02,6.101,1.882,23.92,7.59
2025-12-05 21:50:00,TANK_02,6.099,1.885,23.58,7.92
2025-12-05 22:00:00,TANK_02,6.087,1.877,23.86,7.78
2025-12-05 22:10:00,TANK_02,6.093,1.876,23.64,7.79
2025-12-05 22:20:00,TANK_02,6.09,1.869,23.76,7.8
2025-12-05 22:30:00,TANK_02,6.1,1.856,23.71,7.76
2025-12-05 22:40:00,TANK_02,6.106,1.854,23.38,7.72
2025-12-05 22:50:00,TANK_02,6.101,1.848,23.53,7.8
2025-12-05 23:00:00,TANK_02,6.103,1.848,23.58,7.79
2025-12-05 23:10:00,TANK_02,6.102,1.834,23.57,7.81
2025-12-05 23:20:00,TANK_02,6.095,1.831,23.41,7.77
2025-12-05 23:30:00,TANK_02,6.096,1.841,23.42,7.63
2025-12-05 23:40:00,TANK_02,6.09,1.844,23.35,7.77
2025-12-05 23:50:00,TANK_02,6.089,1.841,23.12,7.77
2025-12-06 00:00:00,TANK_02,6.079,1.844,23.31,7.89
2025-12-06 00:10:00,TANK_02,6.081,1.866,23.13,7.74
2025-12-06 00:20:00,TANK_02,6.064,1.882,23.09,7.86
2025-12-06 00:30:00,TANK_02,6.062,1.89,23.1,7.87
2025-12-06 00:40:00,TANK_02,6.054,1.898,22.75,7.88
2025-12-06 00:50:00,TANK_02,6.063,1.915,23.06,7.97
2025-12-06 01:00:00,TANK_02,6.075,1.904,22.63,7.81
2025-12-06 01:10:00,TANK_02,6.068,1.893,22.76,8.12
2025-12-06 01:20:00,TANK_02,6.067,1.909,22.6,7.97
2025-12-06 01:30:00,TANK_02,6.065,1.899,22.67,7.92
2025-12-06 01:40:00,TANK_02,6.062,1.9,22.58,7.94
2025-12-06 01:50:00,TANK_02,6.059,1.88,22.46,7.95
2025-12-06 02:00:00,TANK_02,6.059,1.893,22.46,8.05
2025-12-06 02:10:00,TANK_02,6.053,1.892,22.28,7.85
2025-12-06 02:20:00,TANK_02,6.043,1.887,22.28,8.13
2025-12-06 02:30:00,TANK_02,6.034,1.89,22.22,7.87
2025-12-06 02:40:00,TANK_02,6.044,1.909,22.09,8.14
2025-12-06 02:50:00,TANK_02,6.029,1.915,21.91,8.16
2025-12-06 03:00:00,TANK_02,6.045,1.904,21.86,8.25
2025-12-06 03:10:00,TANK_02,6.06,1.925,21.98,8.19
2025-12-06 03:20:00,TANK_02,6.053,1.935,22.0,8.2
2025-12-06 03:30:00,TANK_02,6.053,1.939,21.94,8.19
2025-12-06 03:40:00,TANK_02,6.047,1.936,21.83,8.07
2025-12-06 03:50:00,TANK_02,6.048,1.925,21.69,8.2
2025-12-06 04:00:00,TANK_02,6.055,1.926,21.58,8.13
2025-12-06 04:10:00,TANK_02,6.068,1.916,21.42,8.11
2025-12-06 04:20:00,TANK_02,6.073,1.905,21.57,8.03
2025-12-06 04:30:00,TANK_02,6.064,1.9,21.5,8.2
2025-12-06 04:40:00,TANK_02,6.058,1.93,21.47,8.21
2025-12-06 04:50:00,TANK_02,6.068,1.922,21.3,8.23
2025-12-06 05:00:00,TANK_02,6.064,1.925,21.34,8.21
2025-12-06 05:10:00,TANK_02,6.054,1.916,21.06,8.37
2025-12-06 05:20:00,TANK_02,6.057,1.927,21.15,8.23
2025-12-06 05:30:00,TANK_02,6.06,1.941,21.2,8.22
2025-12-06 05:40:00,TANK_02,6.054,1.938,21.15,8.28
2025-12-06 05:50:00,TANK_02,6.052,1.948,20.97,8.32
2025-12-06 06:00:00,TANK_02,6.063,1.96,20.92,8.36
2025-12-06 06:10:00,TANK_02,6.062,1.966,21.06,8.22
2025-12-06 06:20:00,TANK_02,6.067,1.965,20.85,8.3
2025-12-06 06:30:00,TANK_02,6.076,1.969,20.92,8.39
2025-12-06 06:40:00,TANK_02,6.07,1.968,20.62,8.32
2025-12-06 06:50:00,TANK_02,6.071,1.96,20.74,8.34
2025-12-06 07:00:00,TANK_02,6.079,1.952,20.8,8.15
2025-12-06 07:10:00,TANK_02,6.085,1.952,21.02,8.26
2025-12-06 07:20:00,TANK_02,6.083,1.965,20.95,8.2
2025-12-06 07:30:00,TANK_02,6.105,1.971,21.11,8.22
2025-12-06 07:40:00,TANK_02,6.107,1.959,20.74,8.23
2025-12-06 07:50:00,TANK_02,6.109,1.96,20.85,8.29
2025-12-06 08:00:00,TANK_02,6.106,1.963,20.64,8.16
2025-12-06 08:10:00,TANK_02,6.114,1.972,20.77,8.08
2025-12-06 08:20:00,TANK_02,6.105,1.971,20.83,8.13
2025-12-06 08:30:00,TANK_02,6.088,1.968,20.75,8.4
2025-12-06 08:40:00,TANK_02,6.09,1.964,20.77,8.35
2025-12-06 08:50:00,TANK_02,6.099,1.959,20.76,8.31
2025-12-06 09:00:00,TANK_02,6.092,1.935,20.91,8.12
2025-12-06 09:10:00,TANK_02,6.101,1.947,21.11,8.2
2025-12-06 09:20:00,TANK_02,6.083,1.933,20.75,8.47
2025-12-06 09:30:00,TANK_02,6.094,1.943,20.88,8.24
2025-12-06 09:40:00,TANK_02,6.091,1.926,21.01,8.14
2025-12-06 09:50:00,TANK_02,6.084,1.934,21.09,8.32
2025-12-06 10:00:00,TANK_02,6.08,1.924,21.12,8.15
2025-12-06 10:10:00,TANK_02,6.065,1.915,21.1,8.12
2025-12-06 10:20:00,TANK_02,6.078,1.918,21.11,8.01
2025-12-06 10:30:00,TANK_02,6.086,1.939,21.36,8.07
2025-12-06 10:40:00,TANK_02,6.103,1.927,21.18,8.32
2025-12-06 10:50:00,TANK_02,6.115,1.938,21.24,8.32
2025-12-06 11:00:00,TANK_02,6.114,1.929,21.23,7.97
2025-12-06 11:10:00,TANK_02,6.102,1.928,21.45,8.21
2025-12-06 11:20:00,TANK_02,6.132,1.928,21.6,7.92
2025-12-06 11:30:00,TANK_02,6.148,1.915,21.54,8.16
2025-12-06 11:40:00,TANK_02,6.162,1.913,21.61,8.01
2025-12-06 11:50:00,TANK_02,6.171,1.926,21.71,8.11
2025-12-06 12:00:00,TANK_02,6.165,1.91,21.77,8.18
2025-12-06 12:10:00,TANK_02,6.154,1.916,21.62,8.09
2025-12-06 12:20:00,TANK_02,6.153,1.919,21.73,8.19
2025-12-06 12:30:00,TANK_02,6.136,1.933,21.73,7.98
2025-12-06 12:40:00,TANK_02,6.151,1.936,21.94,8.17
2025-12-06 12:50:00,TANK_02,6.167,1.946,21.83,8.1
2025-12-06 13:00:00,TANK_02,6.16,1.948,22.07,7.99
2025-12-06 13:10:00,TANK_02,6.156,1.95,22.17,8.01
2025-12-06 13:20:00,TANK_02,6.154,1.944,21.92,8.1
2025-12-06 13:30:00,TANK_02,6.158,1.958,22.1,7.97
2025-12-06 13:40:00,TANK_02,6.168,1.953,22.24,8.01
2025-12-06 13:50:00,TANK_02,6.154,1.94,22.35,7.98
2025-12-06 14:00:00,TANK_02,6.162,1.931,22.49,7.72
2025-12-06 14:10:00,TANK_02,6.143,1.942,22.68,7.97
2025-12-06 14:20:00,TANK_02,6.13,1.931,22.53,8.03
2025-12-06 14:30:00,TANK_02,6.132,1.941,22.65,8.03
2025-12-06 14:40:00,TANK_02,6.147,1.938,22.82,7.8
2025-12-06 14:50:00,TANK_02,6.151,1.927,22.8,7.8
2025-12-06 15:00:00,TANK_02,6.147,1.932,22.79,8.05
2025-12-06 15:10:00,TANK_02,6.158,1.933,22.9,7.95
2025-12-06 15:20:00,TANK_02,6.158,1.929,22.92,7.77
2025-12-06 15:30:00,TANK_02,6.156,1.939,23.18,6.84
2025-12-06 15:40:00,TANK_02,6.147,1.928,23.04,6.85
2025-12-06 15:50:00,TANK_02,6.156,1.949,23.01,7.06
2025-12-06 16:00:00,TANK_02,6.158,1.938,23.14,6.78
2025-12-06 16:10:00,TANK_02,6.174,1.932,23.3,6.91
2025-12-06 16:20:00,TANK_02,6.183,1.922,23.23,6.88
2025-12-06 16:30:00,TANK_02,6.197,1.931,23.74,7.05
2025-12-06 16:40:00,TANK_02,6.191,1.928,23.31,6.81
2025-12-06 16:50:00,TANK_02,6.19,1.941,23.44,6.68
2025-12-06 17:00:00,TANK_02,6.194,1.956,23.78,6.94
2025-12-06 17:10:00,TANK_02,6.189,1.947,23.59,6.65
2025-12-06 17:20:00,TANK_02,6.202,1.94,23.76,6.65
2025-12-06 17:30:00,TANK_02,6.195,1.942,23.96,6.86
2025-12-06 17:40:00,TANK_02,6.197,1.94,23.84,6.78
2025-12-06 17:50:00,TANK_02,6.18,1.94,23.97,7.82
2025-12-06 18:00:00,TANK_02,6.18,1.963,23.77,7.67
2025-12-06 18:10:00,TANK_02,6.169,1.957,23.98,7.85
2025-12-06 18:20:00,TANK_02,6.161,1.961,23.99,7.62
2025-12-06 18:30:00,TANK_02,6.149,1.96,23.91,7.81
2025-12-06 18:40:00,TANK_02,6.145,1.967,23.8,7.73
2025-12-06 18:50:00,TANK_02,6.15,1.956,23.73,7.67
2025-12-06 19:00:00,TANK_02,6.152,1.959,23.99,7.86
2025-12-06 19:10:00,TANK_02,6.168,1.96,24.02,7.51
2025-12-06 19:20:00,TANK_02,6.167,1.964,24.15,7.56
2025-12-06 19:30:00,TANK_02,6.185,1.98,24.09,7.7
2025-12-06 19:40:00,TANK_02,6.181,1.991,24.15,7.69
2025-12-06 19:50:00,TANK_02,6.176,1.989,24.23,7.76
2025-12-06 20:00:00,TANK_02,6.184,1.985,24.03,7.75
2025-12-06 20:10:00,TANK_02,6.181,1.983,23.9,7.59
2025-12-06 20:20:00,TANK_02,6.19,1.987,24.27,7.59
2025-12-06 20:30:00,TANK_02,6.181,1.982,24.03,7.75
2025-12-06 20:40:00,TANK_02,6.183,1.966,24.07,7.78
2025-12-06 20:50:00,TANK_02,6.184,1.971,24.11,7.67
2025-12-06 21:00:00,TANK_02,6.19,1.971,24.02,7.88
2025-12-06 21:10:00,TANK_02,6.192,1.961,23.9,7.69
2025-12-06 21:20:00,TANK_02,6.194,1.958,24.1,7.85
2025-12-06 21:30:00,TANK_02,6.212,1.951,23.98,7.84
2025-12-06 21:40:00,TANK_02,6.221,1.954,23.66,7.77
2025-12-06 21:50:00,TANK_02,6.243,1.963,23.92,7.68
2025-12-06 22:00:00,TANK_02,6.243,1.958,24.1,7.66
2025-12-06 22:10:00,TANK_02,6.224,1.946,23.58,7.57
2025-12-06 22:20:00,TANK_02,6.216,1.941,23.75,7.74
2025-12-06 22:30:00,TANK_02,6.217,1.953,23.9,7.77
2025-12-06 22:40:00,TANK_02,6.215,1.967,23.67,7.95
2025-12-06 22:50:00,TANK_02,6.226,1.973,23.45,7.75
2025-12-06 23:00:00,TANK_02,6.218,1.96,23.55,7.79
2025-12-06 23:10:00,TANK_02,6.219,1.966,23.56,7.72
2025-12-06 23:20:00,TANK_02,6.223,1.96,23.54,7.66
2025-12-06 23:30:00,TANK_02,6.236,1.97,23.39,7.78
2025-12-06 23:40:00,TANK_02,6.244,1.979,23.31,7.83
2025-12-06 23:50:00,TANK_02,6.261,1.978,23.28,7.79
2025-12-07 00:00:00,TANK_02,6.268,1.978,23.16,7.98
2025-12-07 00:10:00,TANK_02,6.271,1.97,23.1,7.75
2025-12-07 00:20:00,TANK_02,6.286,1.962,23.31,7.89
2025-12-07 00:30:00,TANK_02,6.285,1.959,23.16,7.86
2025-12-07 00:40:00,TANK_02,6.276,1.951,23.14,7.76
2025-12-07 00:50:00,TANK_02,6.287,1.945,22.97,7.94
2025-12-07 01:00:00,TANK_02,6.3,1.954,22.84,8.0
2025-12-07 01:10:00,TANK_02,6.304,1.948,23.05,7.93
2025-12-07 01:20:00,TANK_02,6.316,1.948,22.74,7.82
2025-12-07 01:30:00,TANK_02,6.318,1.933,22.74,7.84
2025-12-07 01:40:00,TANK_02,6.323,1.935,22.47,7.91
2025-12-07 01:50:00,TANK_02,6.326,1.937,22.7,7.94
2025-12-07 02:00:00,TANK_02,6.322,1.946,22.6,8.09
2025-12-07 02:10:00,TANK_02,6.325,1.944,22.42,7.87
2025-12-07 02:20:00,TANK_02,6.338,1.938,22.69,7.91
2025-12-07 02:30:00,TANK_02,6.338,1.951,22.56,8.01
2025-12-07 02:40:00,TANK_02,6.343,1.954,22.33,7.94
2025-12-07 02:50:00,TANK_02,6.332,1.95,22.23,7.93
2025-12-07 03:00:00,TANK_02,6.33,1.962,22.08,8.02
2025-12-07 03:10:00,TANK_02,6.327,1.963,21.89,8.06
2025-12-07 03:20:00,TANK_02,6.32,1.955,21.79,8.14
2025-12-07 03:30:00,TANK_02,6.309,1.953,22.1,8.05
2025-12-07 03:40:00,TANK_02,6.32,1.948,21.86,8.11
2025-12-07 03:50:00,TANK_02,6.324,1.95,21.79,8.05
2025-12-07 04:00:00,TANK_02,6.312,1.95,21.84,7.95
2025-12-07 04:10:00,TANK_02,6.291,1.944,21.58,8.13
2025-12-07 04:20:00,TANK_02,6.301,1.938,21.71,8.08
2025-12-07 04:30:00,TANK_02,6.294,1.941,21.57,8.12
2025-12-07 04:40:00,TANK_02,6.287,1.954,21.58,8.26
2025-12-07 04:50:00,TANK_02,6.282,1.971,21.46,8.19
2025-12-07 05:00:00,TANK_02,6.266,1.983,21.38,8.24
2025-12-07 05:10:00,TANK_02,6.246,1.981,21.34,8.25
2025-12-07 05:20:00,TANK_02,6.258,1.982,21.42,8.24
2025-12-07 05:30:00,TANK_02,6.268,2.001,21.47,8.12
2025-12-07 05:40:00,TANK_02,6.274,1.993,21.09,8.26
2025-12-07 05:50:00,TANK_02,6.289,1.999,21.08,8.24
2025-12-07 06:00:00,TANK_02,6.283,1.988,21.08,8.3
2025-12-07 06:10:00,TANK_02,6.283,1.981,21.39,8.1
2025-12-07 06:20:00,TANK_02,6.292,1.99,21.03,8.09
2025-12-07 06:30:00,TANK_02,6.287,1.994,21.02,8.27
2025-12-07 06:40:00,TANK_02,6.292,2.014,21.02,8.2
2025-12-07 06:50:00,TANK_02,6.296,2.012,20.94,8.26
2025-12-07 07:00:00,TANK_02,6.291,2.013,21.06,8.21
2025-12-07 07:10:00,TANK_02,6.292,2.009,20.98,8.25
2025-12-07 07:20:00,TANK_02,6.302,2.012,21.0,8.15
2025-12-07 07:30:00,TANK_02,6.292,2.007,20.89,8.18
2025-12-07 07:40:00,TANK_02,6.285,1.999,21.03,8.21
2025-12-07 07:50:00,TANK_02,6.291,2.007,20.91,8.37
2025-12-07 08:00:00,TANK_02,6.292,2.017,21.05,8.23
2025-12-07 08:10:00,TANK_02,6.294,2.028,21.18,8.18
2025-12-07 08:20:00,TANK_02,6.288,2.028,20.81,8.24
2025-12-07 08:30:00,TANK_02,6.304,2.031,20.97,8.22
2025-12-07 08:40:00,TANK_02,6.302,2.032,21.18,8.23
2025-12-07 08:50:00,TANK_02,6.307,2.021,20.89,8.21
2025-12-07 09:00:00,TANK_02,6.316,2.023,21.12,8.19
2025-12-07 09:10:00,TANK_02,6.325,2.027,21.29,8.27
2025-12-07 09:20:00,TANK_02,6.323,2.029,21.2,8.27
2025-12-07 09:30:00,TANK_02,6.322,2.035,21.25,8.26
2025-12-07 09:40:00,TANK_02,6.315,2.028,21.15,8.1
2025-12-07 09:50:00,TANK_02,6.324,2.034,21.42,8.09
2025-12-07 10:00:00,TANK_02,6.323,2.039,20.91,8.2
2025-12-07 10:10:00,TANK_02,6.316,2.055,21.28,8.15
2025-12-07 10:20:00,TANK_02,6.304,2.072,21.15,8.14
2025-12-07 10:30:00,TANK_02,6.305,2.069,21.38,8.18
2025-12-07 10:40:00,TANK_02,6.309,2.078,21.57,8.11
2025-12-07 10:50:00,TANK_02,6.288,2.073,21.57,8.11
2025-12-07 11:00:00,TANK_02,6.288,2.077,21.65,8.11
2025-12-07 11:10:00,TANK_02,6.289,2.078,21.63,8.25
2025-12-07 11:20:00,TANK_02,6.309,2.083,21.51,8.19
2025-12-07 11:30:00,TANK_02,6.285,2.059,21.54,8.14
2025-12-07 11:40:00,TANK_02,6.278,2.072,21.91,8.15
2025-12-07 11:50:00,TANK_02,6.277,2.068,21.8,8.26
2025-12-07 12:00:00,TANK_02,6.264,2.064,21.88,8.12
2025-12-07 12:10:00,TANK_02,6.257,2.064,21.93,8.02
2025-12-07 12:20:00,TANK_02,6.266,2.064,22.13,8.05
2025-12-07 12:30:00,TANK_02,6.278,2.061,22.1,7.84
2025-12-07 12:40:00,TANK_02,6.275,2.053,22.24,8.08
2025-12-07 12:50:00,TANK_02,6.28,2.04,22.22,8.03
2025-12-07 13:00:00,TANK_02,6.27,2.045,22.38,7.97
2025-12-07 13:10:00,TANK_02,6.28,2.049,22.33,7.96
2025-12-07 13:20:00,TANK_02,6.291,2.037,22.48,7.95
2025-12-07 13:30:00,TANK_02,6.287,2.038,22.36,8.16
2025-12-07 13:40:00,TANK_02,6.281,2.061,22.53,7.86
2025-12-07 13:50:00,TANK_02,6.275,2.058,22.53,7.81
2025-12-07 14:00:00,TANK_02,6.273,2.079,22.47,7.97
2025-12-07 14:10:00,TANK_02,6.279,2.081,22.83,7.84
2025-12-07 14:20:00,TANK_02,6.283,2.083,22.83,7.76
2025-12-07 14:30:00,TANK_02,6.287,2.103,22.91,7.79
2025-12-07 14:40:00,TANK_02,6.307,2.106,23.03,7.89
2025-12-07 14:50:00,TANK_02,6.282,2.108,23.08,8.06
2025-12-07 15:00:00,TANK_02,6.294,2.119,23.0,7.89
2025-12-07 15:10:00,TANK_02,6.288,2.113,23.26,7.94
2025-12-07 15:20:00,TANK_02,6.289,2.101,23.27,7.94
2025-12-07 15:30:00,TANK_02,6.292,2.101,23.36,7.87
2025-12-07 15:40:00,TANK_02,6.301,2.103,23.51,7.96
2025-12-07 15:50:00,TANK_02,6.296,2.106,23.43,7.93
2025-12-07 16:00:00,TANK_02,6.291,2.104,23.38,7.84
2025-12-07 16:10:00,TANK_02,6.293,2.108,23.56,7.76
2025-12-07 16:20:00,TANK_02,6.307,2.103,23.55,7.66
2025-12-07 16:30:00,TANK_02,6.31,2.092,23.65,7.71
2025-12-07 16:40:00,TANK_02,6.304,2.107,23.76,7.81
2025-12-07 16:50:00,TANK_02,6.298,2.105,23.75,7.58
2025-12-07 17:00:00,TANK_02,6.294,2.096,24.05,7.68
2025-12-07 17:10:00,TANK_02,6.307,2.109,23.87,7.72
2025-12-07 17:20:00,TANK_02,6.3,2.113,24.09,7.7
2025-12-07 17:30:00,TANK_02,6.294,2.131,23.76,7.88
2025-12-07 17:40:00,TANK_02,6.311,2.132,23.84,7.72
2025-12-07 17:50:00,TANK_02,6.323,2.151,24.19,7.73
2025-12-07 18:00:00,TANK_02,6.318,2.145,24.19,7.83
2025-12-07 18:10:00,TANK_02,6.312,2.143,24.24,7.64
2025-12-07 18:20:00,TANK_02,6.329,2.154,24.02,7.76
2025-12-07 18:30:00,TANK_02,6.342,2.167,24.31,7.55
2025-12-07 18:40:00,TANK_02,6.322,2.178,24.47,7.69
2025-12-07 18:50:00,TANK_02,6.315,2.179,24.12,7.59
2025-12-07 19:00:00,TANK_02,6.329,2.156,24.32,7.81
2025-12-07 19:10:00,TANK_02,6.312,2.172,24.22,7.52
2025-12-07 19:20:00,TANK_02,6.333,2.164,24.35,7.65
2025-12-07 19:30:00,TANK_02,6.329,2.196,24.77,6.72
2025-12-07 19:40:00,TANK_02,6.323,2.201,24.93,6.36
2025-12-07 19:50:00,TANK_02,6.323,2.216,24.64,6.36
2025-12-07 20:00:00,TANK_02,6.319,2.23,24.81,6.75
2025-12-07 20:10:00,TANK_02,6.319,2.243,24.84,6.72
2025-12-07 20:20:00,TANK_02,6.314,2.268,24.46,6.5
2025-12-07 20:30:00,TANK_02,6.312,2.308,24.74,6.29
2025-12-07 20:40:00,TANK_02,6.321,2.335,24.62,6.42
2025-12-07 20:50:00,TANK_02,6.33,2.366,25.32,6.28
2025-12-07 21:00:00,TANK_02,6.325,2.388,24.71,6.71
2025-12-07 21:10:00,TANK_02,6.312,2.417,24.89,6.33
2025-12-07 21:20:00,TANK_02,6.299,2.456,25.06,6.54
2025-12-07 21:30:00,TANK_02,6.291,2.477,24.92,6.44
2025-12-07 21:40:00,TANK_02,6.298,2.498,24.8,6.32
2025-12-07 21:50:00,TANK_02,6.288,2.499,24.08,7.68
2025-12-07 22:00:00,TANK_02,6.271,2.518,24.21,7.68
2025-12-07 22:10:00,TANK_02,6.277,2.535,24.04,7.74
2025-12-07 22:20:00,TANK_02,6.295,2.506,24.18,7.66
2025-12-07 22:30:00,TANK_02,6.293,2.491,24.12,7.74
2025-12-07 22:40:00,TANK_02,6.307,2.499,23.98,7.66
2025-12-07 22:50:00,TANK_02,6.31,2.485,23.77,7.83
2025-12-07 23:00:00,TANK_02,6.304,2.473,23.98,7.61
2025-12-07 23:10:00,TANK_02,6.306,2.465,23.78,7.7
2025-12-07 23:20:00,TANK_02,6.296,2.453,23.88,7.86
2025-12-07 23:30:00,TANK_02,6.29,2.449,23.73,7.62
2025-12-07 23:40:00,TANK_02,6.308,2.444,23.49,7.7
2025-12-07 23:50:00,TANK_02,6.308,2.431,23.78,7.63
